{"unlabeled_markers_list": [{"x": -0.35202789306640625, "y": 0.9032654166221619, "z": 0.4577532112598419}], "platform_markers_list": [{"x": -0.36865004897117615, "y": 0.8424697518348694, "z": 0.49930810928344727}, {"x": -0.3171115815639496, "y": 0.8433297872543335, "z": 0.5498038530349731}, {"x": -0.3183659315109253, "y": 0.8446081280708313, "z": 0.4500490128993988}, {"x": -0.2688979208469391, "y": 0.8451213836669922, "z": 0.49737823009490967}], "reference_markers_list": [], "ur_joints": [0.0, -1.5707963267948966, 1.5707963267948966, -1.5707963267948966, 1.5707963267948966, 0], "soro_actuation": [0, 2000, 3000, 1000]}