{"unlabeled_markers_list": [{"x": -0.3473297655582428, "y": 0.9414913654327393, "z": 0.5085330605506897}], "platform_markers_list": [{"x": -0.3686438500881195, "y": 0.8424721360206604, "z": 0.4994348883628845}, {"x": -0.3170861005783081, "y": 0.8433281183242798, "z": 0.549910843372345}, {"x": -0.31836333870887756, "y": 0.8446263074874878, "z": 0.45016953349113464}, {"x": -0.26889023184776306, "y": 0.8451281785964966, "z": 0.49746155738830566}], "reference_markers_list": [], "ur_joints": [0.0, -1.5707963267948966, 1.5707963267948966, -1.5707963267948966, 1.5707963267948966, 0], "soro_actuation": [1000, 0, 1000, 0]}