{"unlabeled_markers_list": [{"x": -0.2724094092845917, "y": 0.9222145080566406, "z": 0.5136862993240356}], "platform_markers_list": [{"x": -0.3686247766017914, "y": 0.8424851298332214, "z": 0.4994494318962097}, {"x": -0.3170459568500519, "y": 0.8433184027671814, "z": 0.5499545335769653}, {"x": -0.31834250688552856, "y": 0.8446605205535889, "z": 0.45020240545272827}, {"x": -0.268883615732193, "y": 0.8451370000839233, "z": 0.49747538566589355}], "reference_markers_list": [], "ur_joints": [0.0, -1.5707963267948966, 1.5707963267948966, -1.5707963267948966, 1.5707963267948966, 0], "soro_actuation": [200, 1200, 0, 2000]}