{"unlabeled_markers_list": [{"x": -0.2741442918777466, "y": 0.9135811924934387, "z": 0.5258722305297852}], "platform_markers_list": [{"x": -0.36866170167922974, "y": 0.8424798846244812, "z": 0.499276340007782}, {"x": -0.3171202838420868, "y": 0.8433316946029663, "z": 0.5497740507125854}, {"x": -0.31838688254356384, "y": 0.8446061611175537, "z": 0.45000845193862915}, {"x": -0.2689081132411957, "y": 0.8451159000396729, "z": 0.49736344814300537}], "reference_markers_list": [], "ur_joints": [0.0, -1.5707963267948966, 1.5707963267948966, -1.5707963267948966, 1.5707963267948966, 0], "soro_actuation": [2000, 0, 0, 2000]}