{"unlabeled_markers_list": [{"x": -0.3317145109176636, "y": 0.9425682425498962, "z": 0.47881922125816345}], "platform_markers_list": [{"x": -0.3687169551849365, "y": 0.8424431085586548, "z": 0.4993862807750702}, {"x": -0.317178338766098, "y": 0.8433113098144531, "z": 0.5498657822608948}, {"x": -0.3184415400028229, "y": 0.8446374535560608, "z": 0.4501349627971649}, {"x": -0.26894980669021606, "y": 0.845145583152771, "z": 0.4974170923233032}], "reference_markers_list": [], "ur_joints": [0.0, -1.5707963267948966, 1.5707963267948966, -1.5707963267948966, 1.5707963267948966, 0], "soro_actuation": [200, 1200, 500, 500]}