{"unlabeled_markers_list": [{"x": -0.3152007460594177, "y": 0.9614700675010681, "z": 0.48753097653388977}], "platform_markers_list": [{"x": -0.36851948499679565, "y": 0.842675507068634, "z": 0.49907252192497253}, {"x": -0.3170338273048401, "y": 0.8435173630714417, "z": 0.549564003944397}, {"x": -0.31820935010910034, "y": 0.8447613716125488, "z": 0.44979581236839294}, {"x": -0.2687804400920868, "y": 0.8452689051628113, "z": 0.4971667528152466}], "reference_markers_list": [], "ur_joints": [0.0, -1.5707963267948966, 1.5707963267948966, -1.5707963267948966, 1.5707963267948966, 0], "soro_actuation": [0, 0, 0, 0]}