{"unlabeled_markers_list": [{"x": -0.3279595375061035, "y": 0.928067147731781, "z": 0.46045249700546265}], "platform_markers_list": [{"x": -0.3687790334224701, "y": 0.8424285650253296, "z": 0.49942219257354736}, {"x": -0.3172232508659363, "y": 0.8433057069778442, "z": 0.5498932600021362}, {"x": -0.3184993863105774, "y": 0.8446406126022339, "z": 0.450166255235672}, {"x": -0.2689930200576782, "y": 0.845154345035553, "z": 0.4974454641342163}], "reference_markers_list": [], "ur_joints": [0.0, -1.5707963267948966, 1.5707963267948966, -1.5707963267948966, 1.5707963267948966, 0], "soro_actuation": [200, 2200, 500, 1000]}