{"base_dict": {"base_trans_x": -0.17492529921105868, "base_trans_y": -0.0845770506695811, "base_trans_z": 0.48174681694497934, "base_rotate_x": -0.6821257136130097, "base_rotate_y": 0.720160038380301, "base_rotate_z": -0.12361894768204994, "base_rotate_w": -0.028149346742124853}, "markers_dict": {"BASE_11": {"x": -140.56899539676988, "y": -120.56421807095819, "z": 485.8194198930404}, "BASE_12": {"x": -212.09557287032203, "y": -117.30432274075119, "z": 479.7434001338864}, "BASE_13": {"x": -206.84594141277526, "y": -50.82236913350373, "z": 477.3033185821467}, "BASE_14": {"x": -140.18877975093582, "y": -49.62107994683608, "z": 484.109238237107}}, "ur_joints": [0.6307, -1.57, 1.0, -1, 4.71238898038469, 1.5707963267948966]}

{"base_dict": {"base_trans_x": -0.17487514750915847, "base_trans_y": -0.08474247876134557, "base_trans_z": 0.4817468249750963, "base_rotate_x": -0.6817953869726433, "base_rotate_y": 0.7202138452265051, "base_rotate_z": -0.12485882439917458, "base_rotate_w": -0.029280393039226724}, "markers_dict": {"BASE_11": {"x": -140.54677165602914, "y": -120.74192544220091, "z": 485.9444879064844}, "BASE_12": {"x": -212.0699663465204, "y": -117.4480355999959, "z": 479.8470187814216}, "BASE_13": {"x": -206.76950341406095, "y": -50.97858963841922, "z": 477.1860734384895}, "BASE_14": {"x": -140.11244234813813, "y": -49.80519265033741, "z": 483.9978418164203}}, "ur_joints": [0.6307, -1.57, 1.0, -1, 4.71238898038469, 1.5707963267948966]}

{"base_dict": {"base_trans_x": -0.17491035927587556, "base_trans_y": -0.08459526758129209, "base_trans_z": 0.4817459789068733, "base_rotate_x": -0.6821928433065475, "base_rotate_y": 0.7200060704378763, "base_rotate_z": -0.12415400197431786, "base_rotate_w": -0.028106349241714082}, "markers_dict": {"BASE_11": {"x": -140.54469528983742, "y": -120.56743564940994, "z": 485.87177427320125}, "BASE_12": {"x": -212.06772053796692, "y": -117.33695043018004, "z": 479.7385008110635}, "BASE_13": {"x": -206.839302996807, "y": -50.855014292225746, "z": 477.2528215840376}, "BASE_14": {"x": -140.18780043389802, "y": -49.62546537478669, "z": 484.1089323210768}}, "ur_joints": [0.6307, -1.57, 1.0, -1, 4.71238898038469, 1.5707963267948966]}

{"base_dict": {"base_trans_x": -0.1749098620414478, "base_trans_y": -0.08460311181349317, "base_trans_z": 0.4817345387258432, "base_rotate_x": -0.6821830050339842, "base_rotate_y": 0.7199409103213067, "base_rotate_z": -0.12456927292948158, "base_rotate_w": -0.028176755142342524}, "markers_dict": {"BASE_11": {"x": -140.54322295618414, "y": -120.56956273448922, "z": 485.90184604086306}, "BASE_12": {"x": -212.06365419017325, "y": -117.3492140559782, "z": 479.73309501244273}, "BASE_13": {"x": -206.83943115246387, "y": -50.86863941514598, "z": 477.20258657886416}, "BASE_14": {"x": -140.19121620135854, "y": -49.62883476259924, "z": 484.08874422498025}}, "ur_joints": [0.6307, -1.57, 1.0, -1, 4.71238898038469, 1.5707963267948966]}

{"base_dict": {"base_trans_x": -0.17634730906585602, "base_trans_y": -0.08364579478877764, "base_trans_z": 0.4811285444960143, "base_rotate_x": -0.10925269674942001, "base_rotate_y": 0.0226238113882423, "base_rotate_z": 0.9935308470066342, "base_rotate_w": 0.021177050255608242}, "markers_dict": {"BASE_11": {"x": -209.23424675936562, "y": -46.096880254023404, "z": 480.38944333112005}, "BASE_12": {"x": -212.13631541707818, "y": -117.88826412217081, "z": 479.307122417611}, "BASE_13": {"x": -145.4819897736366, "y": -118.62544881159238, "z": 482.47259483213935}, "BASE_14": {"x": -138.54043509091892, "y": -51.971549439100336, "z": 482.3570270990928}}, "ur_joints": [0.6307, -1.57, 1.0, -1, 4.71238898038469, 1.5707963267948966]}
