{"depth_camera_pos_list": [[0.1117786392569542, -0.10156958550214767, 0.8460000157356262], [0.078807033598423, -0.10510631650686264, 0.8520000576972961], [0.037473104894161224, -0.09946088492870331, 0.8400000333786011], [0.0013967989943921566, -0.09576338529586792, 0.8320000171661377], [-0.030019648373126984, -0.09382101893424988, 0.8270000219345093], [-0.06338303536176682, -0.08863553404808044, 0.8170000314712524], [-0.09773540496826172, -0.08396334201097488, 0.8110000491142273], [-0.12891410291194916, -0.08201165497303009, 0.8050000667572021], [-0.17630478739738464, -0.07274118065834045, 0.7910000085830688], [-0.2165275365114212, -0.06623147428035736, 0.7760000228881836], [-0.21034666895866394, -0.0368666909635067, 0.7280000448226929], [-0.18024982511997223, -0.03541851043701172, 0.7230000495910645], [-0.14182719588279724, -0.03566345199942589, 0.7280000448226929], [-0.11100712418556213, -0.03183358907699585, 0.7230000495910645], [-0.07180850207805634, -0.03311992809176445, 0.7250000238418579], [-0.027741950005292892, -0.037018612027168274, 0.7310000061988831], [0.014762730337679386, -0.04136599227786064, 0.7440000176429749], [0.06822481751441956, -0.0454789474606514, 0.7510000467300415], [0.10349520295858383, -0.045721180737018585, 0.7550000548362732], [0.14647431671619415, -0.03321129456162453, 0.7270000576972961], [0.14935564994812012, 0.006990818772464991, 0.6650000214576721], [0.14686888456344604, 0.04235803335905075, 0.6050000190734863], [0.10718115419149399, 0.04618358984589577, 0.5900000333786011], [0.06475124508142471, 0.04551493749022484, 0.5940000414848328], [0.0154452258720994, 0.04957486689090729, 0.5840000510215759], [-0.035419389605522156, 0.05498705059289932, 0.5800000429153442], [-0.0807856023311615, 0.060527291148900986, 0.5690000057220459], [-0.12920986115932465, 0.06685485690832138, 0.5590000152587891], [-0.17506283521652222, 0.06616684049367905, 0.5610000491142273], [-0.16697777807712555, 0.08865096420049667, 0.5240000486373901], [-0.13170763850212097, 0.09191661328077316, 0.5180000066757202], [-0.09285755455493927, 0.09326741844415665, 0.5160000324249268], [-0.059117887169122696, 0.0920940712094307, 0.5190000534057617], [-0.02867436781525612, 0.09574198722839355, 0.5110000371932983], [0.00929567776620388, 0.09489741176366806, 0.5110000371932983], [0.07729195058345795, 0.09141205996274948, 0.5200000405311584]], "mocap_pos_list": [[-0.15285801887512207, 0.0032575130462646484, 0.5682406425476074], [-0.11423695087432861, 0.0044460296630859375, 0.5650534629821777], [-0.0797431468963623, 0.005341053009033203, 0.5627508163452148], [-0.05056965351104736, 0.005937337875366211, 0.5629692077636719], [-0.018396824598312378, 0.006479024887084961, 0.5605130195617676], [0.013326048851013184, 0.006928682327270508, 0.5577590465545654], [0.04422229528427124, 0.007557868957519531, 0.5577785968780518], [0.09055182337760925, 0.008570194244384766, 0.5496749877929688], [0.12980948388576508, 0.009201288223266602, 0.5452947616577148], [0.13430994749069214, 0.00937795639038086, 0.5070295333862305], [0.10657044500112534, 0.009039163589477539, 0.5020627975463867], [0.06857849657535553, 0.00834035873413086, 0.49841737747192383], [0.03883334994316101, 0.007874727249145508, 0.4909801483154297], [0.0005067586898803711, 0.00708317756652832, 0.48990583419799805], [-0.04371252655982971, 0.006085395812988281, 0.491316556930542], [-0.0856860876083374, 0.005611419677734375, 0.4921305179595947], [-0.1378050446510315, 0.004099845886230469, 0.49339771270751953], [-0.17018258571624756, 0.003596782684326172, 0.48847293853759766], [-0.21304988861083984, 0.0021359920501708984, 0.468656063079834], [-0.21445226669311523, 0.0025169849395751953, 0.41284680366516113], [-0.21179604530334473, 0.002315998077392578, 0.35919618606567383], [-0.17172014713287354, 0.0030095577239990234, 0.35581421852111816], [-0.12715119123458862, 0.004067182540893555, 0.3613767623901367], [-0.0738508403301239, 0.005084514617919922, 0.3589966297149658], [-0.019747674465179443, 0.006179690361022949, 0.35639166831970215], [0.03033575415611267, 0.007317781448364258, 0.35204648971557617], [0.08329984545707703, 0.007872223854064941, 0.34679198265075684], [0.13183920085430145, 0.00924074649810791, 0.35376644134521484], [0.13069947063922882, 0.008818626403808594, 0.31562697887420654], [0.09349143505096436, 0.008212566375732422, 0.30547046661376953], [0.051274411380290985, 0.007530808448791504, 0.2997182607650757], [0.013894721865653992, 0.006541848182678223, 0.29720842838287354], [-0.01846405863761902, 0.005927562713623047, 0.28792262077331543], [-0.060666054487228394, 0.005227088928222656, 0.2828836441040039], [-0.09651678800582886, 0.004377126693725586, 0.27919960021972656], [-0.13531330227851868, 0.003831028938293457, 0.284970760345459]]}