{"plat_x": 0.2035619467496872, "plat_y": 0.8359242081642151, "plat_z": -0.11777359992265701, "EE_x": 0.1809583455324173, "EE_y": 0.9512617588043213, "EE_z": -0.1295839250087738, "p_zero": [-0.006122037768363953, 0.1271175742149353, 0.004081927239894867], "motor_control": [[747.5068969726562], [-595.5236206054688]]}