{"plat_x": 0.20356270670890808, "plat_y": 0.8359272480010986, "plat_z": -0.11777259409427643, "EE_x": 0.22052767872810364, "EE_y": 0.947234034538269, "EE_z": -0.08269741386175156, "p_zero": [-0.006122037768363953, 0.1271175742149353, 0.004081927239894867], "motor_control": [[-943.9801025390625], [879.7725219726562]]}