{"plat_x": 0.2035643309354782, "plat_y": 0.8359286189079285, "plat_z": -0.11777559667825699, "EE_x": 0.18953941762447357, "EE_y": 0.9594953060150146, "EE_z": -0.09690751135349274, "p_zero": [-0.006122037768363953, 0.1271175742149353, 0.004081927239894867], "motor_control": [[76.46525573730469], [422.5545959472656]]}