{"plat_x": 0.203566774725914, "plat_y": 0.8359247446060181, "plat_z": -0.11777232587337494, "EE_x": 0.23487120866775513, "EE_y": 0.9429429769515991, "EE_z": -0.08882801979780197, "p_zero": [-0.006122037768363953, 0.1271175742149353, 0.004081927239894867], "motor_control": [[-1284.0128173828125], [599.7144165039062]]}