{"plat_x": 0.20356342196464539, "plat_y": 0.8359283804893494, "plat_z": -0.11777588725090027, "EE_x": 0.21313169598579407, "EE_y": 0.9541691541671753, "EE_z": -0.09018206596374512, "p_zero": [-0.006122037768363953, 0.1271175742149353, 0.004081927239894867], "motor_control": [[-597.60107421875], [522.6029663085938]]}