{"plat_x": 0.2035621851682663, "plat_y": 0.8359276652336121, "plat_z": -0.11777081340551376, "EE_x": 0.23035086691379547, "EE_y": 0.947294294834137, "EE_z": -0.09237557649612427, "p_zero": [-0.006122037768363953, 0.1271175742149353, 0.004081927239894867], "motor_control": [[-1133.491455078125], [432.3244323730469]]}