{"plat_x": 0.2035638689994812, "plat_y": 0.8359227180480957, "plat_z": -0.11776963621377945, "EE_x": 0.1964014172554016, "EE_y": 0.9615650177001953, "EE_z": -0.11693941801786423, "p_zero": [-0.006122037768363953, 0.1271175742149353, 0.004081927239894867], "motor_control": [[77.93242645263672], [-89.97400665283203]]}