{"plat_x": 0.20356273651123047, "plat_y": 0.8359272480010986, "plat_z": -0.11777052283287048, "EE_x": 0.18936936557292938, "EE_y": 0.9552667737007141, "EE_z": -0.1307029128074646, "p_zero": [-0.006122037768363953, 0.1271175742149353, 0.004081927239894867], "motor_control": [[336.319580078125], [-521.2774047851562]]}