{"plat_x": 0.2035616636276245, "plat_y": 0.8359236717224121, "plat_z": -0.11777182668447495, "EE_x": 0.16041865944862366, "EE_y": 0.9358136057853699, "EE_z": -0.13100595772266388, "p_zero": [-0.006122037768363953, 0.1271175742149353, 0.004081927239894867], "motor_control": [[1626.9208984375], [-860.1492919921875]]}