{"plat_x": 0.2035604864358902, "plat_y": 0.8359252214431763, "plat_z": -0.11777421087026596, "EE_x": 0.18388521671295166, "EE_y": 0.9576272964477539, "EE_z": -0.10279493033885956, "p_zero": [-0.006122037768363953, 0.1271175742149353, 0.004081927239894867], "motor_control": [[542.1363525390625], [276.84881591796875]]}