{"plat_x": 0.203560933470726, "plat_y": 0.8359242677688599, "plat_z": -0.11777377128601074, "EE_x": 0.18327978253364563, "EE_y": 0.9430615901947021, "EE_z": -0.14158885180950165, "p_zero": [-0.006122037768363953, 0.1271175742149353, 0.004081927239894867], "motor_control": [[898.2897338867188], [-1112.79443359375]]}