{"plat_x": 0.203559011220932, "plat_y": 0.8359242677688599, "plat_z": -0.11777413636445999, "EE_x": 0.1978696584701538, "EE_y": 0.9469366669654846, "EE_z": -0.14740179479122162, "p_zero": [-0.006122037768363953, 0.1271175742149353, 0.004081927239894867], "motor_control": [[146.8647003173828], [-1053.7586669921875]]}