{"plat_x": 0.2035640925168991, "plat_y": 0.8359274864196777, "plat_z": -0.11777156591415405, "EE_x": 0.19520805776119232, "EE_y": 0.9622546434402466, "EE_z": -0.11598875373601913, "p_zero": [-0.006122037768363953, 0.1271175742149353, 0.004081927239894867], "motor_control": [[75.53421783447266], [-4.915339946746826]]}