{"plat_x": 0.20355798304080963, "plat_y": 0.8359240293502808, "plat_z": -0.1177690327167511, "EE_x": 0.1928999125957489, "EE_y": 0.9481650590896606, "EE_z": -0.1436052769422531, "p_zero": [-0.006122037768363953, 0.1271175742149353, 0.004081927239894867], "motor_control": [[334.5204772949219], [-941.60205078125]]}