{"plat_x": 0.2035621553659439, "plat_y": 0.835929274559021, "plat_z": -0.11777203530073166, "EE_x": 0.19836735725402832, "EE_y": 0.9343417286872864, "EE_z": -0.055726341903209686, "p_zero": [-0.006122037768363953, 0.1271175742149353, 0.004081927239894867], "motor_control": [[-371.6483154296875], [1825.2677001953125]]}