{"plat_x": 0.2035643756389618, "plat_y": 0.8359279036521912, "plat_z": -0.1177743673324585, "EE_x": 0.16733473539352417, "EE_y": 0.9356644749641418, "EE_z": -0.07358250021934509, "p_zero": [-0.006122037768363953, 0.1271175742149353, 0.004081927239894867], "motor_control": [[1254.0894775390625], [1448.900390625]]}