{"plat_x": 0.20356182754039764, "plat_y": 0.8359271883964539, "plat_z": -0.11777566373348236, "EE_x": 0.20855386555194855, "EE_y": 0.9581456184387207, "EE_z": -0.12282129377126694, "p_zero": [-0.006122037768363953, 0.1271175742149353, 0.004081927239894867], "motor_control": [[-260.8304138183594], [-335.99530029296875]]}