{"plat_x": 0.20356278121471405, "plat_y": 0.8359261751174927, "plat_z": -0.11777731776237488, "EE_x": 0.190897598862648, "EE_y": 0.9590116143226624, "EE_z": -0.09799068421125412, "p_zero": [-0.006122037768363953, 0.1271175742149353, 0.004081927239894867], "motor_control": [[234.15914916992188], [379.50048828125]]}