{"plat_x": 0.20356468856334686, "plat_y": 0.8359272480010986, "plat_z": -0.11777708679437637, "EE_x": 0.21640974283218384, "EE_y": 0.9523483514785767, "EE_z": -0.12902171909809113, "p_zero": [-0.006122037768363953, 0.1271175742149353, 0.004081927239894867], "motor_control": [[-483.68548583984375], [-662.5413818359375]]}