{"plat_x": 0.20356516540050507, "plat_y": 0.8359251022338867, "plat_z": -0.11777262389659882, "EE_x": 0.2132418304681778, "EE_y": 0.9365730881690979, "EE_z": -0.06374707072973251, "p_zero": [-0.006122037768363953, 0.1271175742149353, 0.004081927239894867], "motor_control": [[-919.1739501953125], [1580.93505859375]]}