{"plat_x": 0.2035621851682663, "plat_y": 0.8359261751174927, "plat_z": -0.11777447164058685, "EE_x": 0.2250836193561554, "EE_y": 0.9530670642852783, "EE_z": -0.11493352055549622, "p_zero": [-0.006122037768363953, 0.1271175742149353, 0.004081927239894867], "motor_control": [[-755.2062377929688], [-305.38775634765625]]}