{"plat_x": 0.20356221497058868, "plat_y": 0.8359238505363464, "plat_z": -0.11777401715517044, "EE_x": 0.20370905101299286, "EE_y": 0.9559621810913086, "EE_z": -0.08757032454013824, "p_zero": [-0.006122037768363953, 0.1271175742149353, 0.004081927239894867], "motor_control": [[-312.0139465332031], [606.7908935546875]]}