{"plat_x": 0.20356446504592896, "plat_y": 0.8359265327453613, "plat_z": -0.11777303367853165, "EE_x": 0.19772367179393768, "EE_y": 0.9474672675132751, "EE_z": -0.07023734599351883, "p_zero": [-0.006122037768363953, 0.1271175742149353, 0.004081927239894867], "motor_control": [[-210.98255920410156], [1232.64794921875]]}