{"plat_x": 0.20356124639511108, "plat_y": 0.8359267711639404, "plat_z": -0.11777378618717194, "EE_x": 0.195818692445755, "EE_y": 0.9619865417480469, "EE_z": -0.11728595942258835, "p_zero": [-0.006122037768363953, 0.1271175742149353, 0.004081927239894867], "motor_control": [[-5.076100826263428], [-84.75544738769531]]}