{"plat_x": 0.20356066524982452, "plat_y": 0.8359258770942688, "plat_z": -0.11777199059724808, "EE_x": 0.2451377809047699, "EE_y": 0.9407796859741211, "EE_z": -0.10524367541074753, "p_zero": [-0.006122037768363953, 0.1271175742149353, 0.004081927239894867], "motor_control": [[-1496.5941162109375], [-44.09962844848633]]}