{"plat_x": 0.2035599648952484, "plat_y": 0.8359290361404419, "plat_z": -0.11777298897504807, "EE_x": 0.18970614671707153, "EE_y": 0.9592150449752808, "EE_z": -0.10017138719558716, "p_zero": [-0.006122037768363953, 0.1271175742149353, 0.004081927239894867], "motor_control": [[279.3167724609375], [319.9747619628906]]}