{"plat_x": 0.20355956256389618, "plat_y": 0.8359264135360718, "plat_z": -0.11777685582637787, "EE_x": 0.21117137372493744, "EE_y": 0.9294992685317993, "EE_z": -0.1590103656053543, "p_zero": [-0.006122037768363953, 0.1271175742149353, 0.004081927239894867], "motor_control": [[-536.2054443359375], [-1872.7147216796875]]}