{"plat_x": 0.20355884730815887, "plat_y": 0.8359240293502808, "plat_z": -0.11777081340551376, "EE_x": 0.18597188591957092, "EE_y": 0.9592827558517456, "EE_z": -0.1192963570356369, "p_zero": [-0.006122037768363953, 0.1271175742149353, 0.004081927239894867], "motor_control": [[335.3028259277344], [-91.7477035522461]]}