{"plat_x": 0.20356100797653198, "plat_y": 0.835923433303833, "plat_z": -0.11777447164058685, "EE_x": 0.1934797465801239, "EE_y": 0.9604980945587158, "EE_z": -0.12082580476999283, "p_zero": [-0.006122037768363953, 0.1271175742149353, 0.004081927239894867], "motor_control": [[157.73028564453125], [-144.02272033691406]]}