{"plat_x": 0.20356012880802155, "plat_y": 0.8359262943267822, "plat_z": -0.11777590215206146, "EE_x": 0.1606796681880951, "EE_y": 0.941247820854187, "EE_z": -0.09148942679166794, "p_zero": [-0.006122037768363953, 0.1271175742149353, 0.004081927239894867], "motor_control": [[1395.5382080078125], [830.5128173828125]]}