{"plat_x": 0.203562393784523, "plat_y": 0.8359271287918091, "plat_z": -0.11777724325656891, "EE_x": 0.20070017874240875, "EE_y": 0.945996880531311, "EE_z": -0.1470428705215454, "p_zero": [-0.006122037768363953, 0.1271175742149353, 0.004081927239894867], "motor_control": [[213.4193115234375], [-1123.8858642578125]]}