{"plat_x": 0.20356126129627228, "plat_y": 0.8359257578849792, "plat_z": -0.11777129769325256, "EE_x": 0.18559469282627106, "EE_y": 0.9489399790763855, "EE_z": -0.07511790841817856, "p_zero": [-0.006122037768363953, 0.1271175742149353, 0.004081927239894867], "motor_control": [[388.0780029296875], [1088.9796142578125]]}