{"plat_x": 0.20356376469135284, "plat_y": 0.8359255790710449, "plat_z": -0.11777360737323761, "EE_x": 0.18674767017364502, "EE_y": 0.9496431350708008, "EE_z": -0.07790204882621765, "p_zero": [-0.006122037768363953, 0.1271175742149353, 0.004081927239894867], "motor_control": [[430.4048156738281], [1070.0594482421875]]}