{"plat_x": 0.2035621851682663, "plat_y": 0.8359271883964539, "plat_z": -0.11777394264936447, "EE_x": 0.200178861618042, "EE_y": 0.9477081298828125, "EE_z": -0.07104530930519104, "p_zero": [-0.006122037768363953, 0.1271175742149353, 0.004081927239894867], "motor_control": [[-287.0845031738281], [1197.1495361328125]]}