{"plat_x": 0.20356187224388123, "plat_y": 0.8359271287918091, "plat_z": -0.1177748516201973, "EE_x": 0.21664543449878693, "EE_y": 0.9393743872642517, "EE_z": -0.06801221519708633, "p_zero": [-0.006122037768363953, 0.1271175742149353, 0.004081927239894867], "motor_control": [[-954.4271850585938], [1379.6455078125]]}