{"plat_x": 0.2035631686449051, "plat_y": 0.8359247446060181, "plat_z": -0.11776886880397797, "EE_x": 0.17465545237064362, "EE_y": 0.9537754058837891, "EE_z": -0.1014244332909584, "p_zero": [-0.006122037768363953, 0.1271175742149353, 0.004081927239894867], "motor_control": [[776.3584594726562], [364.7868957519531]]}