{"plat_x": 0.20356328785419464, "plat_y": 0.8359267115592957, "plat_z": -0.11777558922767639, "EE_x": 0.19592060148715973, "EE_y": 0.9604299068450928, "EE_z": -0.12136586755514145, "p_zero": [-0.006122037768363953, 0.1271175742149353, 0.004081927239894867], "motor_control": [[107.82146453857422], [-192.1780242919922]]}