{"plat_x": 0.2035641372203827, "plat_y": 0.8359280228614807, "plat_z": -0.11777620017528534, "EE_x": 0.2063402682542801, "EE_y": 0.938225507736206, "EE_z": -0.15651574730873108, "p_zero": [-0.006122037768363953, 0.1271175742149353, 0.004081927239894867], "motor_control": [[-97.9781265258789], [-1498.9566650390625]]}