{"plat_x": 0.20356400310993195, "plat_y": 0.8359225988388062, "plat_z": -0.11777153611183167, "EE_x": 0.16778254508972168, "EE_y": 0.9428452253341675, "EE_z": -0.13027872145175934, "p_zero": [-0.006122037768363953, 0.1271175742149353, 0.004081927239894867], "motor_control": [[1295.423095703125], [-731.1046752929688]]}