{"plat_x": 0.2035648375749588, "plat_y": 0.8359264135360718, "plat_z": -0.11777368187904358, "EE_x": 0.24342969059944153, "EE_y": 0.938056468963623, "EE_z": -0.11495880782604218, "p_zero": [-0.006122037768363953, 0.1271175742149353, 0.004081927239894867], "motor_control": [[-1542.3662109375], [-603.840576171875]]}