{"plat_x": 0.20356331765651703, "plat_y": 0.8359279632568359, "plat_z": -0.11777184158563614, "EE_x": 0.21193304657936096, "EE_y": 0.9394034743309021, "EE_z": -0.06444992125034332, "p_zero": [-0.006122037768363953, 0.1271175742149353, 0.004081927239894867], "motor_control": [[-695.417724609375], [1464.2305908203125]]}