{"plat_x": 0.2035607546567917, "plat_y": 0.8359275460243225, "plat_z": -0.11776970326900482, "EE_x": 0.2313482165336609, "EE_y": 0.9500433802604675, "EE_z": -0.11083803325891495, "p_zero": [-0.006122037768363953, 0.1271175742149353, 0.004081927239894867], "motor_control": [[-1022.4447631835938], [-235.24029541015625]]}