{"plat_x": 0.2035651057958603, "plat_y": 0.8359242081642151, "plat_z": -0.11777441203594208, "EE_x": 0.20573225617408752, "EE_y": 0.957455575466156, "EE_z": -0.12719149887561798, "p_zero": [-0.006122037768363953, 0.1271175742149353, 0.004081927239894867], "motor_control": [[-166.88739013671875], [-444.1236877441406]]}