{"plat_x": 0.20355908572673798, "plat_y": 0.8359253406524658, "plat_z": -0.11777357757091522, "EE_x": 0.19944752752780914, "EE_y": 0.9616919755935669, "EE_z": -0.11326566338539124, "p_zero": [-0.006122037768363953, 0.1271175742149353, 0.004081927239894867], "motor_control": [[-181.1527557373047], [-9.236626625061035]]}