{"plat_x": 0.20356152951717377, "plat_y": 0.8359273672103882, "plat_z": -0.11777175962924957, "EE_x": 0.17242050170898438, "EE_y": 0.9546422958374023, "EE_z": -0.1168568879365921, "p_zero": [-0.006122037768363953, 0.1271175742149353, 0.004081927239894867], "motor_control": [[813.2257080078125], [-10.936582565307617]]}