{"plat_x": 0.20356327295303345, "plat_y": 0.8359266519546509, "plat_z": -0.11777439713478088, "EE_x": 0.2041686326265335, "EE_y": 0.9542951583862305, "EE_z": -0.0834277793765068, "p_zero": [-0.006122037768363953, 0.1271175742149353, 0.004081927239894867], "motor_control": [[-315.5536804199219], [724.1224975585938]]}