{"plat_x": 0.20356236398220062, "plat_y": 0.8359286189079285, "plat_z": -0.11777883768081665, "EE_x": 0.2152600735425949, "EE_y": 0.9463544487953186, "EE_z": -0.13939370214939117, "p_zero": [-0.006122037768363953, 0.1271175742149353, 0.004081927239894867], "motor_control": [[-556.9893798828125], [-1038.0406494140625]]}