{"unlabeled_markers_list": [{"x": -0.3539423942565918, "y": 0.94640052318573, "z": 0.48127299547195435}], "platform_markers_list": [{"x": -0.3217402398586273, "y": 0.8418015241622925, "z": 0.5497965216636658}, {"x": -0.3163328766822815, "y": 0.8453145027160645, "z": 0.4449671506881714}, {"x": -0.3704226613044739, "y": 0.8424034118652344, "z": 0.4980892837047577}, {"x": -0.27095118165016174, "y": 0.8444609045982361, "z": 0.49816054105758667}], "ur_joints": [0.0, -1.5707963267948966, 1.5707963267948966, -1.5707963267948966, 1.5707963267948966, 0], "soro_actuation": [0, 0, 1000, 0]}