{"unlabeled_markers_list": [{"x": -0.3167778551578522, "y": 0.9468117952346802, "z": 0.4518625736236572}], "platform_markers_list": [{"x": -0.3217264711856842, "y": 0.8418024778366089, "z": 0.5497971177101135}, {"x": -0.31633561849594116, "y": 0.8453179597854614, "z": 0.4449787735939026}, {"x": -0.3704214096069336, "y": 0.842405378818512, "z": 0.4980902075767517}, {"x": -0.2709531784057617, "y": 0.8444644212722778, "z": 0.498148649930954}], "ur_joints": [0.0, -1.5707963267948966, 1.5707963267948966, -1.5707963267948966, 1.5707963267948966, 0], "soro_actuation": [0, 1000, 0, 0]}