{"unlabeled_markers_list": [{"x": -0.282557874917984, "y": 0.9478874802589417, "z": 0.490374356508255}], "platform_markers_list": [{"x": -0.32172220945358276, "y": 0.8417898416519165, "z": 0.5497943162918091}, {"x": -0.3163258731365204, "y": 0.8453168869018555, "z": 0.4449697732925415}, {"x": -0.3704237937927246, "y": 0.8424112796783447, "z": 0.4981015920639038}, {"x": -0.27094581723213196, "y": 0.8444474935531616, "z": 0.49816349148750305}], "ur_joints": [0.0, -1.5707963267948966, 1.5707963267948966, -1.5707963267948966, 1.5707963267948966, 0], "soro_actuation": [0, 0, 0, 1000]}