{"unlabeled_markers_list": [{"x": -0.3223423957824707, "y": 0.9513435959815979, "z": 0.5169390439987183}], "platform_markers_list": [{"x": -0.3217355012893677, "y": 0.8418105244636536, "z": 0.5498039722442627}, {"x": -0.31633785367012024, "y": 0.8453296422958374, "z": 0.44497987627983093}, {"x": -0.3704245686531067, "y": 0.8424180150032043, "z": 0.49809548258781433}, {"x": -0.27095353603363037, "y": 0.8444646000862122, "z": 0.4981646239757538}], "ur_joints": [0.0, -1.5707963267948966, 1.5707963267948966, -1.5707963267948966, 1.5707963267948966, 0], "soro_actuation": [1000, 0, 0, 0]}