{"unlabeled_markers_list": [{"x": -0.3223176896572113, "y": 0.9512386918067932, "z": 0.5172656774520874}], "platform_markers_list": [{"x": -0.32172659039497375, "y": 0.8417948484420776, "z": 0.5498082041740417}, {"x": -0.3163284957408905, "y": 0.8453308343887329, "z": 0.4449722468852997}, {"x": -0.3704216480255127, "y": 0.8424167633056641, "z": 0.4981074929237366}, {"x": -0.2709493637084961, "y": 0.8444569706916809, "z": 0.4981585741043091}], "ur_joints": [0.0, -1.5707963267948966, 1.5707963267948966, -1.5707963267948966, 1.5707963267948966, 0], "soro_actuation": [1000, 0, 0, 0]}