{"unlabeled_markers_list": [{"x": -0.28308650851249695, "y": 0.948022186756134, "z": 0.4901108741760254}], "platform_markers_list": [{"x": -0.32172831892967224, "y": 0.841793954372406, "z": 0.5498014092445374}, {"x": -0.31633347272872925, "y": 0.8453219532966614, "z": 0.444981187582016}, {"x": -0.37043213844299316, "y": 0.8424298167228699, "z": 0.49811404943466187}, {"x": -0.2709456980228424, "y": 0.8444604277610779, "z": 0.4981709122657776}], "ur_joints": [0.0, -1.5707963267948966, 1.5707963267948966, -1.5707963267948966, 1.5707963267948966, 0], "soro_actuation": [0, 0, 0, 1000]}