{"unlabeled_markers_list": [{"x": -0.35361725091934204, "y": 0.9462724924087524, "z": 0.47959890961647034}], "platform_markers_list": [{"x": -0.32173678278923035, "y": 0.8417982459068298, "z": 0.5498001575469971}, {"x": -0.3163433372974396, "y": 0.8453159332275391, "z": 0.44498831033706665}, {"x": -0.37042373418807983, "y": 0.8423975110054016, "z": 0.4980926513671875}, {"x": -0.2709469795227051, "y": 0.8444619178771973, "z": 0.49814844131469727}], "ur_joints": [0.0, -1.5707963267948966, 1.5707963267948966, -1.5707963267948966, 1.5707963267948966, 0], "soro_actuation": [0, 0, 1000, 0]}