{"unlabeled_markers_list": [{"x": -0.3170704245567322, "y": 0.9469959735870361, "z": 0.45253321528434753}], "platform_markers_list": [{"x": -0.3217300772666931, "y": 0.841801643371582, "z": 0.5497965216636658}, {"x": -0.31633442640304565, "y": 0.8453120589256287, "z": 0.4449828267097473}, {"x": -0.37042608857154846, "y": 0.8424106240272522, "z": 0.4981064796447754}, {"x": -0.27094343304634094, "y": 0.8444661498069763, "z": 0.4981553554534912}], "ur_joints": [0.0, -1.5707963267948966, 1.5707963267948966, -1.5707963267948966, 1.5707963267948966, 0], "soro_actuation": [0, 1000, 0, 0]}