{"plat_x": 0.20368358492851257, "plat_y": 0.8360682129859924, "plat_z": -0.11793111264705658, "EE_x": 0.22714169323444366, "EE_y": 0.9530194997787476, "EE_z": -0.11317679286003113, "p_zero": [-0.005162492394447327, 0.12702172994613647, 0.004828847944736481], "motor_control": [[-812.0703735351562], [-169.6752471923828]]}