{"plat_x": 0.2035592943429947, "plat_y": 0.8359243869781494, "plat_z": -0.1177789494395256, "EE_x": 0.17368489503860474, "EE_y": 0.9430015683174133, "EE_z": -0.07667827606201172, "p_zero": [-0.006122037768363953, 0.1271175742149353, 0.004081927239894867], "motor_control": [[913.7889404296875], [1207.1375732421875]]}