{"plat_x": 0.20367644727230072, "plat_y": 0.8360775709152222, "plat_z": -0.11792171001434326, "EE_x": 0.19261908531188965, "EE_y": 0.9570062160491943, "EE_z": -0.1297333687543869, "p_zero": [-0.005162492394447327, 0.12702172994613647, 0.004828847944736481], "motor_control": [[179.56362915039062], [-449.0244140625]]}