{"plat_x": 0.20368452370166779, "plat_y": 0.8360992074012756, "plat_z": -0.11791106313467026, "EE_x": 0.19285541772842407, "EE_y": 0.9550825953483582, "EE_z": -0.0830002874135971, "p_zero": [-0.005162492394447327, 0.12702172994613647, 0.004828847944736481], "motor_control": [[182.79489135742188], [739.7619018554688]]}