{"plat_x": 0.20369301736354828, "plat_y": 0.836061954498291, "plat_z": -0.11793961375951767, "EE_x": 0.23579764366149902, "EE_y": 0.947688102722168, "EE_z": -0.11228608340024948, "p_zero": [-0.005162492394447327, 0.12702172994613647, 0.004828847944736481], "motor_control": [[-1125.2227783203125], [-205.52316284179688]]}