{"plat_x": 0.20357061922550201, "plat_y": 0.8359223008155823, "plat_z": -0.1177871972322464, "EE_x": 0.16965138912200928, "EE_y": 0.9479355812072754, "EE_z": -0.12410711497068405, "p_zero": [-0.006122037768363953, 0.1271175742149353, 0.004081927239894867], "motor_control": [[1093.2547607421875], [-484.56732177734375]]}