{"plat_x": 0.2036929875612259, "plat_y": 0.8360774517059326, "plat_z": -0.11794225871562958, "EE_x": 0.21280118823051453, "EE_y": 0.9392715096473694, "EE_z": -0.15168806910514832, "p_zero": [-0.005162492394447327, 0.12702172994613647, 0.004828847944736481], "motor_control": [[-344.9881591796875], [-1419.071533203125]]}