{"plat_x": 0.20357206463813782, "plat_y": 0.8359231948852539, "plat_z": -0.1177886351943016, "EE_x": 0.18446961045265198, "EE_y": 0.958379864692688, "EE_z": -0.10433656722307205, "p_zero": [-0.006122037768363953, 0.1271175742149353, 0.004081927239894867], "motor_control": [[451.4283142089844], [258.3987731933594]]}