{"plat_x": 0.20367245376110077, "plat_y": 0.8360724449157715, "plat_z": -0.11791931837797165, "EE_x": 0.1919645518064499, "EE_y": 0.958838701248169, "EE_z": -0.1244259625673294, "p_zero": [-0.005162492394447327, 0.12702172994613647, 0.004828847944736481], "motor_control": [[265.511474609375], [-248.6754150390625]]}