{"plat_x": 0.20356608927249908, "plat_y": 0.8359236717224121, "plat_z": -0.11777897924184799, "EE_x": 0.18193258345127106, "EE_y": 0.9566593170166016, "EE_z": -0.11940284818410873, "p_zero": [-0.006122037768363953, 0.1271175742149353, 0.004081927239894867], "motor_control": [[600.0572509765625], [-201.44972229003906]]}