{"plat_x": 0.20368385314941406, "plat_y": 0.8360776305198669, "plat_z": -0.11793751269578934, "EE_x": 0.2050817310810089, "EE_y": 0.9609165191650391, "EE_z": -0.10592404752969742, "p_zero": [-0.005162492394447327, 0.12702172994613647, 0.004828847944736481], "motor_control": [[-244.48814392089844], [158.55145263671875]]}