{"plat_x": 0.20367170870304108, "plat_y": 0.8360936641693115, "plat_z": -0.11793586611747742, "EE_x": 0.19143261015415192, "EE_y": 0.9412285089492798, "EE_z": -0.14742471277713776, "p_zero": [-0.005162492394447327, 0.12702172994613647, 0.004828847944736481], "motor_control": [[675.4645385742188], [-1352.42578125]]}