{"plat_x": 0.20367564260959625, "plat_y": 0.8360834121704102, "plat_z": -0.11790873110294342, "EE_x": 0.21234901249408722, "EE_y": 0.9384024739265442, "EE_z": -0.15190236270427704, "p_zero": [-0.009404316544532776, 0.12679535150527954, 0.0020660609006881714], "motor_control": [[-474.5335998535156], [-1444.5816650390625]]}