{"plat_x": 0.20366507768630981, "plat_y": 0.8360698223114014, "plat_z": -0.11789572238922119, "EE_x": 0.20450656116008759, "EE_y": 0.9609962105751038, "EE_z": -0.10518473386764526, "p_zero": [-0.009404316544532776, 0.12679535150527954, 0.0020660609006881714], "motor_control": [[-207.0289764404297], [199.65438842773438]]}