{"plat_x": 0.20368699729442596, "plat_y": 0.8360581398010254, "plat_z": -0.11794104427099228, "EE_x": 0.18905118107795715, "EE_y": 0.934087336063385, "EE_z": -0.056852493435144424, "p_zero": [-0.005162492394447327, 0.12702172994613647, 0.004828847944736481], "motor_control": [[409.9432373046875], [1858.0367431640625]]}