{"plat_x": 0.20356465876102448, "plat_y": 0.8359217643737793, "plat_z": -0.11777757853269577, "EE_x": 0.19000455737113953, "EE_y": 0.9458097219467163, "EE_z": -0.06777729094028473, "p_zero": [-0.006122037768363953, 0.1271175742149353, 0.004081927239894867], "motor_control": [[181.45484924316406], [1314.2186279296875]]}