{"plat_x": 0.20356899499893188, "plat_y": 0.8359249830245972, "plat_z": -0.11777836084365845, "EE_x": 0.20277749001979828, "EE_y": 0.9330148100852966, "EE_z": -0.053797878324985504, "p_zero": [-0.006122037768363953, 0.1271175742149353, 0.004081927239894867], "motor_control": [[-295.00677490234375], [1854.994873046875]]}