{"plat_x": 0.2035667449235916, "plat_y": 0.8359231352806091, "plat_z": -0.11778515577316284, "EE_x": 0.20057062804698944, "EE_y": 0.9625887870788574, "EE_z": -0.11301423609256744, "p_zero": [-0.006122037768363953, 0.1271175742149353, 0.004081927239894867], "motor_control": [[-35.23832321166992], [-19.282848358154297]]}