{"plat_x": 0.20369862020015717, "plat_y": 0.8360755443572998, "plat_z": -0.1179516613483429, "EE_x": 0.16234105825424194, "EE_y": 0.9359363913536072, "EE_z": -0.13270485401153564, "p_zero": [-0.005162492394447327, 0.12702172994613647, 0.004828847944736481], "motor_control": [[1621.890380859375], [-937.2213134765625]]}