{"plat_x": 0.20368219912052155, "plat_y": 0.8360733389854431, "plat_z": -0.11793229728937149, "EE_x": 0.2110181599855423, "EE_y": 0.9519681334495544, "EE_z": -0.08177207410335541, "p_zero": [-0.005162492394447327, 0.12702172994613647, 0.004828847944736481], "motor_control": [[-493.10003662109375], [831.49169921875]]}