{"plat_x": 0.20356161892414093, "plat_y": 0.8359259366989136, "plat_z": -0.11777043342590332, "EE_x": 0.20279252529144287, "EE_y": 0.960712730884552, "EE_z": -0.11902057379484177, "p_zero": [-0.006122037768363953, 0.1271175742149353, 0.004081927239894867], "motor_control": [[-176.9540557861328], [-105.70228576660156]]}