{"plat_x": 0.20366428792476654, "plat_y": 0.8360897898674011, "plat_z": -0.1179005354642868, "EE_x": 0.22410523891448975, "EE_y": 0.9526859521865845, "EE_z": -0.11923475563526154, "p_zero": [-0.009404316544532776, 0.12679535150527954, 0.0020660609006881714], "motor_control": [[-749.484130859375], [-398.0966491699219]]}