{"plat_x": 0.2036799043416977, "plat_y": 0.8360856175422668, "plat_z": -0.11792595684528351, "EE_x": 0.17751502990722656, "EE_y": 0.9527955055236816, "EE_z": -0.0922662615776062, "p_zero": [-0.005162492394447327, 0.12702172994613647, 0.004828847944736481], "motor_control": [[650.5335083007812], [616.4111938476562]]}