{"plat_x": 0.20356352627277374, "plat_y": 0.8359251022338867, "plat_z": -0.1177833080291748, "EE_x": 0.19573460519313812, "EE_y": 0.9623962640762329, "EE_z": -0.11177411675453186, "p_zero": [-0.006122037768363953, 0.1271175742149353, 0.004081927239894867], "motor_control": [[-34.26825714111328], [76.51870727539062]]}