{"plat_x": 0.20368486642837524, "plat_y": 0.8360593914985657, "plat_z": -0.11793622374534607, "EE_x": 0.19346511363983154, "EE_y": 0.9579442143440247, "EE_z": -0.09085894376039505, "p_zero": [-0.005162492394447327, 0.12702172994613647, 0.004828847944736481], "motor_control": [[139.30191040039062], [540.8417358398438]]}