{"plat_x": 0.20356282591819763, "plat_y": 0.8359273076057434, "plat_z": -0.11777888238430023, "EE_x": 0.16203193366527557, "EE_y": 0.9433913230895996, "EE_z": -0.12247520685195923, "p_zero": [-0.006122037768363953, 0.1271175742149353, 0.004081927239894867], "motor_control": [[1382.8211669921875], [-466.40277099609375]]}