{"plat_x": 0.20357133448123932, "plat_y": 0.8359227180480957, "plat_z": -0.1177898645401001, "EE_x": 0.18867433071136475, "EE_y": 0.9567533135414124, "EE_z": -0.12776030600070953, "p_zero": [-0.006122037768363953, 0.1271175742149353, 0.004081927239894867], "motor_control": [[233.19488525390625], [-413.5991516113281]]}