{"plat_x": 0.20356757938861847, "plat_y": 0.835919976234436, "plat_z": -0.1177869439125061, "EE_x": 0.16604267060756683, "EE_y": 0.9490962624549866, "EE_z": -0.11728405952453613, "p_zero": [-0.006122037768363953, 0.1271175742149353, 0.004081927239894867], "motor_control": [[1122.04638671875], [-213.8636932373047]]}