{"plat_x": 0.20367833971977234, "plat_y": 0.8360820412635803, "plat_z": -0.1179204136133194, "EE_x": 0.18594558537006378, "EE_y": 0.9594827890396118, "EE_z": -0.11306633800268173, "p_zero": [-0.005162492394447327, 0.12702172994613647, 0.004828847944736481], "motor_control": [[436.77606201171875], [70.078369140625]]}