{"plat_x": 0.20365671813488007, "plat_y": 0.8360798358917236, "plat_z": -0.11790050566196442, "EE_x": 0.1953272670507431, "EE_y": 0.9538708925247192, "EE_z": -0.08165321499109268, "p_zero": [-0.009404316544532776, 0.12679535150527954, 0.0020660609006881714], "motor_control": [[-197.716064453125], [848.0501098632812]]}