{"plat_x": 0.20368541777133942, "plat_y": 0.8360995054244995, "plat_z": -0.11790841072797775, "EE_x": 0.1908620148897171, "EE_y": 0.9528871178627014, "EE_z": -0.13403798639774323, "p_zero": [-0.009404316544532776, 0.12679535150527954, 0.0020660609006881714], "motor_control": [[461.6749267578125], [-654.817626953125]]}