{"plat_x": 0.203701913356781, "plat_y": 0.8360925912857056, "plat_z": -0.11794275790452957, "EE_x": 0.18572454154491425, "EE_y": 0.9589029550552368, "EE_z": -0.10500936210155487, "p_zero": [-0.005162492394447327, 0.12702172994613647, 0.004828847944736481], "motor_control": [[427.7285461425781], [245.80767822265625]]}