{"plat_x": 0.20367439091205597, "plat_y": 0.8360660672187805, "plat_z": -0.11790741235017776, "EE_x": 0.15411381423473358, "EE_y": 0.9344208836555481, "EE_z": -0.0897783413529396, "p_zero": [-0.009404316544532776, 0.12679535150527954, 0.0020660609006881714], "motor_control": [[1680.74853515625], [969.3089599609375]]}