{"plat_x": 0.2035692185163498, "plat_y": 0.8359225988388062, "plat_z": -0.11778800189495087, "EE_x": 0.19826671481132507, "EE_y": 0.9522138833999634, "EE_z": -0.07737177610397339, "p_zero": [-0.006122037768363953, 0.1271175742149353, 0.004081927239894867], "motor_control": [[-185.191650390625], [958.0239868164062]]}