{"plat_x": 0.20370237529277802, "plat_y": 0.8361029624938965, "plat_z": -0.11793532967567444, "EE_x": 0.22548958659172058, "EE_y": 0.9549547433853149, "EE_z": -0.11220800876617432, "p_zero": [-0.005162492394447327, 0.12702172994613647, 0.004828847944736481], "motor_control": [[-711.8359985351562], [-25.812448501586914]]}