{"plat_x": 0.2036755532026291, "plat_y": 0.8360856175422668, "plat_z": -0.11792390793561935, "EE_x": 0.17818666994571686, "EE_y": 0.9437148571014404, "EE_z": -0.07301748543977737, "p_zero": [-0.005162492394447327, 0.12702172994613647, 0.004828847944736481], "motor_control": [[711.8103637695312], [1255.8974609375]]}