{"plat_x": 0.20356687903404236, "plat_y": 0.8359221816062927, "plat_z": -0.11778029799461365, "EE_x": 0.19828622043132782, "EE_y": 0.962082028388977, "EE_z": -0.11298493295907974, "p_zero": [-0.006122037768363953, 0.1271175742149353, 0.004081927239894867], "motor_control": [[-78.22566986083984], [75.84241485595703]]}