{"plat_x": 0.20367535948753357, "plat_y": 0.8360815048217773, "plat_z": -0.11792328953742981, "EE_x": 0.1933518946170807, "EE_y": 0.9447976350784302, "EE_z": -0.06547313183546066, "p_zero": [-0.005162492394447327, 0.12702172994613647, 0.004828847944736481], "motor_control": [[-122.54779052734375], [1388.092529296875]]}