{"plat_x": 0.20367681980133057, "plat_y": 0.8360724449157715, "plat_z": -0.11791292577981949, "EE_x": 0.19816714525222778, "EE_y": 0.9623042941093445, "EE_z": -0.11126313358545303, "p_zero": [-0.005162492394447327, 0.12702172994613647, 0.004828847944736481], "motor_control": [[-40.45950698852539], [103.79735565185547]]}