{"plat_x": 0.20364679396152496, "plat_y": 0.8360674977302551, "plat_z": -0.11789889633655548, "EE_x": 0.20246779918670654, "EE_y": 0.9567567110061646, "EE_z": -0.13116592168807983, "p_zero": [-0.009404316544532776, 0.12679535150527954, 0.0020660609006881714], "motor_control": [[-107.50116729736328], [-530.1166381835938]]}