{"plat_x": 0.2036757916212082, "plat_y": 0.8360680341720581, "plat_z": -0.11792360991239548, "EE_x": 0.20701733231544495, "EE_y": 0.9603745341300964, "EE_z": -0.11733867228031158, "p_zero": [-0.005162492394447327, 0.12702172994613647, 0.004828847944736481], "motor_control": [[-272.0599670410156], [-79.39112091064453]]}