{"plat_x": 0.20369480550289154, "plat_y": 0.8361015319824219, "plat_z": -0.11793048679828644, "EE_x": 0.1957475244998932, "EE_y": 0.9393014907836914, "EE_z": -0.15378880500793457, "p_zero": [-0.005162492394447327, 0.12702172994613647, 0.004828847944736481], "motor_control": [[341.31158447265625], [-1448.830322265625]]}