{"plat_x": 0.2035655528306961, "plat_y": 0.8359268307685852, "plat_z": -0.11778004467487335, "EE_x": 0.1788274645805359, "EE_y": 0.9539549350738525, "EE_z": -0.12464559823274612, "p_zero": [-0.006122037768363953, 0.1271175742149353, 0.004081927239894867], "motor_control": [[719.6385498046875], [-305.1481018066406]]}