{"plat_x": 0.20368608832359314, "plat_y": 0.8360764980316162, "plat_z": -0.11793789267539978, "EE_x": 0.2509145140647888, "EE_y": 0.9351697564125061, "EE_z": -0.10144294053316116, "p_zero": [-0.005162492394447327, 0.12702172994613647, 0.004828847944736481], "motor_control": [[-1758.1248779296875], [13.582051277160645]]}