{"plat_x": 0.20368249714374542, "plat_y": 0.8360710740089417, "plat_z": -0.11792862415313721, "EE_x": 0.1911616027355194, "EE_y": 0.9615947008132935, "EE_z": -0.11477620899677277, "p_zero": [-0.005162492394447327, 0.12702172994613647, 0.004828847944736481], "motor_control": [[198.62054443359375], [-11.834463119506836]]}