{"plat_x": 0.20369219779968262, "plat_y": 0.8360676765441895, "plat_z": -0.11794727295637131, "EE_x": 0.22628526389598846, "EE_y": 0.9520785212516785, "EE_z": -0.11516028642654419, "p_zero": [-0.005162492394447327, 0.12702172994613647, 0.004828847944736481], "motor_control": [[-840.7496337890625], [-361.9798278808594]]}