{"plat_x": 0.2036454826593399, "plat_y": 0.836068868637085, "plat_z": -0.11789850890636444, "EE_x": 0.19090723991394043, "EE_y": 0.9466590285301208, "EE_z": -0.07064463943243027, "p_zero": [-0.009404316544532776, 0.12679535150527954, 0.0020660609006881714], "motor_control": [[327.1165466308594], [1263.59326171875]]}