{"plat_x": 0.20367120206356049, "plat_y": 0.8360822796821594, "plat_z": -0.1178981363773346, "EE_x": 0.2043665498495102, "EE_y": 0.9453811645507812, "EE_z": -0.06737624853849411, "p_zero": [-0.009404316544532776, 0.12679535150527954, 0.0020660609006881714], "motor_control": [[-257.85430908203125], [1303.1412353515625]]}