{"plat_x": 0.20356258749961853, "plat_y": 0.8359255790710449, "plat_z": -0.11777959764003754, "EE_x": 0.20276083052158356, "EE_y": 0.9576751589775085, "EE_z": -0.12776584923267365, "p_zero": [-0.006122037768363953, 0.1271175742149353, 0.004081927239894867], "motor_control": [[-118.66456604003906], [-447.7177429199219]]}