{"plat_x": 0.20356476306915283, "plat_y": 0.8359283208847046, "plat_z": -0.1177760437130928, "EE_x": 0.16203342378139496, "EE_y": 0.9379304647445679, "EE_z": -0.08295352011919022, "p_zero": [-0.006122037768363953, 0.1271175742149353, 0.004081927239894867], "motor_control": [[1406.945068359375], [1133.49755859375]]}