{"plat_x": 0.20367537438869476, "plat_y": 0.8360678553581238, "plat_z": -0.11792038381099701, "EE_x": 0.21830032765865326, "EE_y": 0.9502967000007629, "EE_z": -0.08586673438549042, "p_zero": [-0.005162492394447327, 0.12702172994613647, 0.004828847944736481], "motor_control": [[-830.3318481445312], [724.0045776367188]]}