{"plat_x": 0.20367451012134552, "plat_y": 0.8360767960548401, "plat_z": -0.11790481954813004, "EE_x": 0.1535150557756424, "EE_y": 0.9355143904685974, "EE_z": -0.09501602500677109, "p_zero": [-0.009404316544532776, 0.12679535150527954, 0.0020660609006881714], "motor_control": [[1711.81884765625], [830.0118408203125]]}