{"plat_x": 0.20367757976055145, "plat_y": 0.836089551448822, "plat_z": -0.11789518594741821, "EE_x": 0.15795199573040009, "EE_y": 0.9363455176353455, "EE_z": -0.08709122240543365, "p_zero": [-0.009404316544532776, 0.12679535150527954, 0.0020660609006881714], "motor_control": [[1552.1912841796875], [1065.6739501953125]]}