{"plat_x": 0.20356613397598267, "plat_y": 0.8359225392341614, "plat_z": -0.11778587102890015, "EE_x": 0.19943386316299438, "EE_y": 0.9625904560089111, "EE_z": -0.11372894793748856, "p_zero": [-0.006122037768363953, 0.1271175742149353, 0.004081927239894867], "motor_control": [[-12.536121368408203], [-34.74656295776367]]}