{"plat_x": 0.20367710292339325, "plat_y": 0.8360607028007507, "plat_z": -0.11792345345020294, "EE_x": 0.17250584065914154, "EE_y": 0.9538511633872986, "EE_z": -0.10412883758544922, "p_zero": [-0.005162492394447327, 0.12702172994613647, 0.004828847944736481], "motor_control": [[814.10595703125], [247.19444274902344]]}