{"plat_x": 0.20356698334217072, "plat_y": 0.8359211683273315, "plat_z": -0.11778885871171951, "EE_x": 0.22704219818115234, "EE_y": 0.9464815258979797, "EE_z": -0.08579274266958237, "p_zero": [-0.006122037768363953, 0.1271175742149353, 0.004081927239894867], "motor_control": [[-1030.9835205078125], [735.3626708984375]]}