{"plat_x": 0.20367097854614258, "plat_y": 0.8360636234283447, "plat_z": -0.11789900064468384, "EE_x": 0.18079830706119537, "EE_y": 0.9543495774269104, "EE_z": -0.1245640441775322, "p_zero": [-0.009404316544532776, 0.12679535150527954, 0.0020660609006881714], "motor_control": [[679.1842651367188], [-348.2850341796875]]}