{"plat_x": 0.2036832869052887, "plat_y": 0.8360908031463623, "plat_z": -0.11789410561323166, "EE_x": 0.1903235763311386, "EE_y": 0.954666018486023, "EE_z": -0.08282612264156342, "p_zero": [-0.009404316544532776, 0.12679535150527954, 0.0020660609006881714], "motor_control": [[-71.33905029296875], [804.2210693359375]]}