{"plat_x": 0.20368289947509766, "plat_y": 0.8360912203788757, "plat_z": -0.11789456754922867, "EE_x": 0.19782105088233948, "EE_y": 0.9417746067047119, "EE_z": -0.06162497028708458, "p_zero": [-0.009404316544532776, 0.12679535150527954, 0.0020660609006881714], "motor_control": [[-128.39259338378906], [1526.2896728515625]]}