{"plat_x": 0.20366831123828888, "plat_y": 0.8360922932624817, "plat_z": -0.11790160834789276, "EE_x": 0.17183633148670197, "EE_y": 0.9333322644233704, "EE_z": -0.14397107064723969, "p_zero": [-0.009404316544532776, 0.12679535150527954, 0.0020660609006881714], "motor_control": [[1400.04541015625], [-1383.9139404296875]]}