{"plat_x": 0.203668475151062, "plat_y": 0.836074948310852, "plat_z": -0.11789678037166595, "EE_x": 0.1901831477880478, "EE_y": 0.9305756688117981, "EE_z": -0.15872438251972198, "p_zero": [-0.009404316544532776, 0.12679535150527954, 0.0020660609006881714], "motor_control": [[667.8482666015625], [-1779.1109619140625]]}