{"plat_x": 0.2036782056093216, "plat_y": 0.8360757231712341, "plat_z": -0.1179242730140686, "EE_x": 0.16408337652683258, "EE_y": 0.942446231842041, "EE_z": -0.1280195713043213, "p_zero": [-0.005162492394447327, 0.12702172994613647, 0.004828847944736481], "motor_control": [[1359.3533935546875], [-609.765869140625]]}