{"plat_x": 0.20365072786808014, "plat_y": 0.836072564125061, "plat_z": -0.11790218204259872, "EE_x": 0.2073468714952469, "EE_y": 0.9454084634780884, "EE_z": -0.14774538576602936, "p_zero": [-0.009404316544532776, 0.12679535150527954, 0.0020660609006881714], "motor_control": [[-170.18096923828125], [-1156.808837890625]]}