{"plat_x": 0.20367835462093353, "plat_y": 0.8360589742660522, "plat_z": -0.11793456971645355, "EE_x": 0.1825493574142456, "EE_y": 0.9569094777107239, "EE_z": -0.09977900981903076, "p_zero": [-0.005162492394447327, 0.12702172994613647, 0.004828847944736481], "motor_control": [[582.1343994140625], [337.5711669921875]]}