{"plat_x": 0.20357082784175873, "plat_y": 0.8359239101409912, "plat_z": -0.11778527498245239, "EE_x": 0.22088810801506042, "EE_y": 0.9354854226112366, "EE_z": -0.14762505888938904, "p_zero": [-0.006122037768363953, 0.1271175742149353, 0.004081927239894867], "motor_control": [[-877.5468139648438], [-1523.77783203125]]}