{"plat_x": 0.2035694420337677, "plat_y": 0.8359230160713196, "plat_z": -0.11778486520051956, "EE_x": 0.17432427406311035, "EE_y": 0.9335940480232239, "EE_z": -0.06514697521924973, "p_zero": [-0.006122037768363953, 0.1271175742149353, 0.004081927239894867], "motor_control": [[1026.4423828125], [1707.9620361328125]]}