{"plat_x": 0.20368461310863495, "plat_y": 0.836082398891449, "plat_z": -0.11792588233947754, "EE_x": 0.18716086447238922, "EE_y": 0.9591854810714722, "EE_z": -0.1019451767206192, "p_zero": [-0.005162492394447327, 0.12702172994613647, 0.004828847944736481], "motor_control": [[319.5915222167969], [309.3040771484375]]}