{"plat_x": 0.20367173850536346, "plat_y": 0.8360855579376221, "plat_z": -0.1179199293255806, "EE_x": 0.2140674889087677, "EE_y": 0.9596450924873352, "EE_z": -0.11132621020078659, "p_zero": [-0.005162492394447327, 0.12702172994613647, 0.004828847944736481], "motor_control": [[-404.5805969238281], [28.23887825012207]]}