{"plat_x": 0.20356841385364532, "plat_y": 0.8359228372573853, "plat_z": -0.11777877062559128, "EE_x": 0.2132636457681656, "EE_y": 0.9561412930488586, "EE_z": -0.09432835131883621, "p_zero": [-0.006122037768363953, 0.1271175742149353, 0.004081927239894867], "motor_control": [[-510.7262268066406], [403.7150573730469]]}