{"plat_x": 0.2036765068769455, "plat_y": 0.8360819816589355, "plat_z": -0.1179066002368927, "EE_x": 0.18755567073822021, "EE_y": 0.9579935073852539, "EE_z": -0.12321095913648605, "p_zero": [-0.009404316544532776, 0.12679535150527954, 0.0020660609006881714], "motor_control": [[416.9472961425781], [-220.79075622558594]]}