{"plat_x": 0.20356781780719757, "plat_y": 0.8359233736991882, "plat_z": -0.11778043955564499, "EE_x": 0.2045101821422577, "EE_y": 0.9524440169334412, "EE_z": -0.08115538209676743, "p_zero": [-0.006122037768363953, 0.1271175742149353, 0.004081927239894867], "motor_control": [[-415.2407531738281], [858.4779052734375]]}