{"plat_x": 0.2035655826330185, "plat_y": 0.8359220623970032, "plat_z": -0.11778245866298676, "EE_x": 0.19517011940479279, "EE_y": 0.959211528301239, "EE_z": -0.1247141882777214, "p_zero": [-0.006122037768363953, 0.1271175742149353, 0.004081927239894867], "motor_control": [[125.25057983398438], [-288.7464599609375]]}