{"plat_x": 0.20369793474674225, "plat_y": 0.836091935634613, "plat_z": -0.11793824285268784, "EE_x": 0.19904577732086182, "EE_y": 0.9536799788475037, "EE_z": -0.13590313494205475, "p_zero": [-0.005162492394447327, 0.12702172994613647, 0.004828847944736481], "motor_control": [[225.94461059570312], [-701.554443359375]]}