{"plat_x": 0.20356397330760956, "plat_y": 0.8359242677688599, "plat_z": -0.11778202652931213, "EE_x": 0.1674731969833374, "EE_y": 0.9523160457611084, "EE_z": -0.11383157968521118, "p_zero": [-0.006122037768363953, 0.1271175742149353, 0.004081927239894867], "motor_control": [[949.6650390625], [38.507564544677734]]}