{"plat_x": 0.2035622000694275, "plat_y": 0.8359333276748657, "plat_z": -0.11777782440185547, "EE_x": 0.18274569511413574, "EE_y": 0.9559792280197144, "EE_z": -0.0954672247171402, "p_zero": [-0.006122037768363953, 0.1271175742149353, 0.004081927239894867], "motor_control": [[531.909423828125], [464.212158203125]]}