{"plat_x": 0.20367920398712158, "plat_y": 0.8360864520072937, "plat_z": -0.11790966242551804, "EE_x": 0.1665082424879074, "EE_y": 0.9454043507575989, "EE_z": -0.08992831408977509, "p_zero": [-0.009404316544532776, 0.12679535150527954, 0.0020660609006881714], "motor_control": [[1140.28955078125], [792.4963989257812]]}