{"plat_x": 0.2036672681570053, "plat_y": 0.8360885381698608, "plat_z": -0.11789792776107788, "EE_x": 0.22201040387153625, "EE_y": 0.9442004561424255, "EE_z": -0.07866282016038895, "p_zero": [-0.009404316544532776, 0.12679535150527954, 0.0020660609006881714], "motor_control": [[-1048.710205078125], [1024.31689453125]]}