{"plat_x": 0.20368735492229462, "plat_y": 0.8360596895217896, "plat_z": -0.11793995648622513, "EE_x": 0.21011008322238922, "EE_y": 0.953707754611969, "EE_z": -0.13086901605129242, "p_zero": [-0.005162492394447327, 0.12702172994613647, 0.004828847944736481], "motor_control": [[-367.3127746582031], [-650.0192260742188]]}