{"plat_x": 0.20356963574886322, "plat_y": 0.8359220623970032, "plat_z": -0.11778712272644043, "EE_x": 0.21420031785964966, "EE_y": 0.9578953981399536, "EE_z": -0.1189608946442604, "p_zero": [-0.006122037768363953, 0.1271175742149353, 0.004081927239894867], "motor_control": [[-384.82342529296875], [-185.1596221923828]]}