{"plat_x": 0.20356693863868713, "plat_y": 0.8359220027923584, "plat_z": -0.1177796721458435, "EE_x": 0.19350925087928772, "EE_y": 0.9501029253005981, "EE_z": -0.07432300597429276, "p_zero": [-0.006122037768363953, 0.1271175742149353, 0.004081927239894867], "motor_control": [[176.0170135498047], [1095.0260009765625]]}