{"plat_x": 0.2036748081445694, "plat_y": 0.8360686898231506, "plat_z": -0.11790518462657928, "EE_x": 0.20247440040111542, "EE_y": 0.961606502532959, "EE_z": -0.10763013362884521, "p_zero": [-0.009404316544532776, 0.12679535150527954, 0.0020660609006881714], "motor_control": [[-170.29464721679688], [132.07540893554688]]}