{"plat_x": 0.2035631686449051, "plat_y": 0.8359224200248718, "plat_z": -0.1177753284573555, "EE_x": 0.2042481154203415, "EE_y": 0.9336073398590088, "EE_z": -0.057320866733789444, "p_zero": [-0.006122037768363953, 0.1271175742149353, 0.004081927239894867], "motor_control": [[-624.4405517578125], [1835.108642578125]]}