{"plat_x": 0.20356960594654083, "plat_y": 0.8359214067459106, "plat_z": -0.1177842766046524, "EE_x": 0.19425718486309052, "EE_y": 0.9625309705734253, "EE_z": -0.1118135005235672, "p_zero": [-0.006122037768363953, 0.1271175742149353, 0.004081927239894867], "motor_control": [[15.646166801452637], [74.02306365966797]]}