{"plat_x": 0.2035657912492752, "plat_y": 0.8359248638153076, "plat_z": -0.11778083443641663, "EE_x": 0.1881939023733139, "EE_y": 0.9582852721214294, "EE_z": -0.12379055470228195, "p_zero": [-0.006122037768363953, 0.1271175742149353, 0.004081927239894867], "motor_control": [[301.0754089355469], [-246.07272338867188]]}