{"plat_x": 0.2035651057958603, "plat_y": 0.8359214067459106, "plat_z": -0.11778482794761658, "EE_x": 0.1846373975276947, "EE_y": 0.9394318461418152, "EE_z": -0.14847122132778168, "p_zero": [-0.006122037768363953, 0.1271175742149353, 0.004081927239894867], "motor_control": [[781.5726928710938], [-1315.3477783203125]]}