{"plat_x": 0.2036801129579544, "plat_y": 0.8360708355903625, "plat_z": -0.11790064722299576, "EE_x": 0.22367246448993683, "EE_y": 0.9340630769729614, "EE_z": -0.1485244780778885, "p_zero": [-0.009404316544532776, 0.12679535150527954, 0.0020660609006881714], "motor_control": [[-926.41455078125], [-1506.4764404296875]]}