{"plat_x": 0.2035631537437439, "plat_y": 0.835925281047821, "plat_z": -0.11778506636619568, "EE_x": 0.18592435121536255, "EE_y": 0.9509523510932922, "EE_z": -0.1335560381412506, "p_zero": [-0.006122037768363953, 0.1271175742149353, 0.004081927239894867], "motor_control": [[654.10302734375], [-680.360595703125]]}