{"plat_x": 0.20357170701026917, "plat_y": 0.8359243273735046, "plat_z": -0.11778553575277328, "EE_x": 0.22543469071388245, "EE_y": 0.9356750249862671, "EE_z": -0.06932000815868378, "p_zero": [-0.006122037768363953, 0.1271175742149353, 0.004081927239894867], "motor_control": [[-1232.12353515625], [1355.5936279296875]]}