{"plat_x": 0.20369549095630646, "plat_y": 0.8360767364501953, "plat_z": -0.11794482171535492, "EE_x": 0.24862921237945557, "EE_y": 0.9332200288772583, "EE_z": -0.11309418827295303, "p_zero": [-0.005162492394447327, 0.12702172994613647, 0.004828847944736481], "motor_control": [[-1787.3414306640625], [-591.0794677734375]]}