{"plat_x": 0.20357000827789307, "plat_y": 0.8359219431877136, "plat_z": -0.11778677999973297, "EE_x": 0.20408201217651367, "EE_y": 0.961464524269104, "EE_z": -0.10825669020414352, "p_zero": [-0.006122037768363953, 0.1271175742149353, 0.004081927239894867], "motor_control": [[-191.3904571533203], [124.96569061279297]]}