{"plat_x": 0.20356513559818268, "plat_y": 0.8359240889549255, "plat_z": -0.11779090017080307, "EE_x": 0.16273146867752075, "EE_y": 0.9471088647842407, "EE_z": -0.10059292614459991, "p_zero": [-0.006122037768363953, 0.1271175742149353, 0.004081927239894867], "motor_control": [[1208.817138671875], [360.483642578125]]}