{"plat_x": 0.20370113849639893, "plat_y": 0.8360961675643921, "plat_z": -0.1179385632276535, "EE_x": 0.19578996300697327, "EE_y": 0.9342711567878723, "EE_z": -0.05352170020341873, "p_zero": [-0.005162492394447327, 0.12702172994613647, 0.004828847944736481], "motor_control": [[-27.04650115966797], [1862.42626953125]]}