{"plat_x": 0.203665092587471, "plat_y": 0.8360869288444519, "plat_z": -0.11790254712104797, "EE_x": 0.19676892459392548, "EE_y": 0.9627512693405151, "EE_z": -0.11298263818025589, "p_zero": [-0.009404316544532776, 0.12679535150527954, 0.0020660609006881714], "motor_control": [[-17.794218063354492], [67.92607879638672]]}