{"plat_x": 0.2036723494529724, "plat_y": 0.8360801339149475, "plat_z": -0.11790207028388977, "EE_x": 0.17285683751106262, "EE_y": 0.9397263526916504, "EE_z": -0.07426678389310837, "p_zero": [-0.009404316544532776, 0.12679535150527954, 0.0020660609006881714], "motor_control": [[1045.8724365234375], [1378.3985595703125]]}