{"plat_x": 0.20356960594654083, "plat_y": 0.8359197378158569, "plat_z": -0.1177925169467926, "EE_x": 0.2132982313632965, "EE_y": 0.9357080459594727, "EE_z": -0.15427716076374054, "p_zero": [-0.006122037768363953, 0.1271175742149353, 0.004081927239894867], "motor_control": [[-499.5826721191406], [-1559.4361572265625]]}