{"plat_x": 0.2036830335855484, "plat_y": 0.8360737562179565, "plat_z": -0.11793328076601028, "EE_x": 0.16155940294265747, "EE_y": 0.9482435584068298, "EE_z": -0.11382491141557693, "p_zero": [-0.005162492394447327, 0.12702172994613647, 0.004828847944736481], "motor_control": [[1191.8785400390625], [43.51792907714844]]}