{"plat_x": 0.20369534194469452, "plat_y": 0.8360975980758667, "plat_z": -0.11790283769369125, "EE_x": 0.20477178692817688, "EE_y": 0.9552662968635559, "EE_z": -0.08473913371562958, "p_zero": [-0.009404316544532776, 0.12679535150527954, 0.0020660609006881714], "motor_control": [[-267.4195556640625], [667.8677978515625]]}