{"plat_x": 0.203562930226326, "plat_y": 0.8359241485595703, "plat_z": -0.1177777349948883, "EE_x": 0.19679100811481476, "EE_y": 0.9366246461868286, "EE_z": -0.15557187795639038, "p_zero": [-0.006122037768363953, 0.1271175742149353, 0.004081927239894867], "motor_control": [[425.3085021972656], [-1568.1005859375]]}