{"plat_x": 0.20367097854614258, "plat_y": 0.8360777497291565, "plat_z": -0.11789657920598984, "EE_x": 0.1697799414396286, "EE_y": 0.9513222575187683, "EE_z": -0.10106826573610306, "p_zero": [-0.009404316544532776, 0.12679535150527954, 0.0020660609006881714], "motor_control": [[943.0200805664062], [381.4504699707031]]}