{"plat_x": 0.20369894802570343, "plat_y": 0.8360808491706848, "plat_z": -0.11794507503509521, "EE_x": 0.19957000017166138, "EE_y": 0.9459229111671448, "EE_z": -0.0681709572672844, "p_zero": [-0.005162492394447327, 0.12702172994613647, 0.004828847944736481], "motor_control": [[-273.4501037597656], [1306.2430419921875]]}