{"plat_x": 0.20368848741054535, "plat_y": 0.8360702395439148, "plat_z": -0.11793920397758484, "EE_x": 0.15147764980793, "EE_y": 0.9402886629104614, "EE_z": -0.11111664026975632, "p_zero": [-0.005162492394447327, 0.12702172994613647, 0.004828847944736481], "motor_control": [[1611.865966796875], [0.07747167348861694]]}