{"plat_x": 0.2036869376897812, "plat_y": 0.8361016511917114, "plat_z": -0.11789899319410324, "EE_x": 0.22859828174114227, "EE_y": 0.9474051594734192, "EE_z": -0.12288254499435425, "p_zero": [-0.009404316544532776, 0.12679535150527954, 0.0020660609006881714], "motor_control": [[-1013.89990234375], [-653.2474365234375]]}