{"plat_x": 0.2036897987127304, "plat_y": 0.836066484451294, "plat_z": -0.11795005202293396, "EE_x": 0.21806462109088898, "EE_y": 0.9532244205474854, "EE_z": -0.12780216336250305, "p_zero": [-0.005162492394447327, 0.12702172994613647, 0.004828847944736481], "motor_control": [[-475.4906005859375], [-547.83349609375]]}