{"plat_x": 0.2036752551794052, "plat_y": 0.8360757231712341, "plat_z": -0.11790015548467636, "EE_x": 0.2228848785161972, "EE_y": 0.9522005915641785, "EE_z": -0.1207619458436966, "p_zero": [-0.009404316544532776, 0.12679535150527954, 0.0020660609006881714], "motor_control": [[-754.783935546875], [-464.4889831542969]]}