{"plat_x": 0.20368869602680206, "plat_y": 0.8360645174980164, "plat_z": -0.11793822795152664, "EE_x": 0.2097427099943161, "EE_y": 0.937775194644928, "EE_z": -0.06246384605765343, "p_zero": [-0.005162492394447327, 0.12702172994613647, 0.004828847944736481], "motor_control": [[-738.1234130859375], [1582.81591796875]]}