{"plat_x": 0.2035675197839737, "plat_y": 0.8359246253967285, "plat_z": -0.11778338253498077, "EE_x": 0.21681110560894012, "EE_y": 0.9560160040855408, "EE_z": -0.11826266348361969, "p_zero": [-0.006122037768363953, 0.1271175742149353, 0.004081927239894867], "motor_control": [[-515.5875854492188], [-327.8538818359375]]}