{"plat_x": 0.20367814600467682, "plat_y": 0.8360805511474609, "plat_z": -0.11789675801992416, "EE_x": 0.21643517911434174, "EE_y": 0.9497915506362915, "EE_z": -0.13454197347164154, "p_zero": [-0.009404316544532776, 0.12679535150527954, 0.0020660609006881714], "motor_control": [[-522.3858642578125], [-814.1044311523438]]}