{"plat_x": 0.20369677245616913, "plat_y": 0.8361049890518188, "plat_z": -0.11790784448385239, "EE_x": 0.20050781965255737, "EE_y": 0.949114203453064, "EE_z": -0.14595317840576172, "p_zero": [-0.009404316544532776, 0.12679535150527954, 0.0020660609006881714], "motor_control": [[8.223823547363281], [-965.3065795898438]]}