{"plat_x": 0.20369140803813934, "plat_y": 0.836072564125061, "plat_z": -0.11793665587902069, "EE_x": 0.2065809816122055, "EE_y": 0.933372437953949, "EE_z": -0.05812739580869675, "p_zero": [-0.005162492394447327, 0.12702172994613647, 0.004828847944736481], "motor_control": [[-730.114013671875], [1830.0887451171875]]}