{"plat_x": 0.20367996394634247, "plat_y": 0.8360850811004639, "plat_z": -0.1179065853357315, "EE_x": 0.20641754567623138, "EE_y": 0.9501686692237854, "EE_z": -0.07795949280261993, "p_zero": [-0.009404316544532776, 0.12679535150527954, 0.0020660609006881714], "motor_control": [[-512.48876953125], [1007.658447265625]]}