{"plat_x": 0.2035653442144394, "plat_y": 0.8359241485595703, "plat_z": -0.11778515577316284, "EE_x": 0.18904180824756622, "EE_y": 0.9346786737442017, "EE_z": -0.15438240766525269, "p_zero": [-0.006122037768363953, 0.1271175742149353, 0.004081927239894867], "motor_control": [[737.5675048828125], [-1588.0982666015625]]}