{"plat_x": 0.20369650423526764, "plat_y": 0.8360756635665894, "plat_z": -0.117949478328228, "EE_x": 0.22583532333374023, "EE_y": 0.953653872013092, "EE_z": -0.10882818698883057, "p_zero": [-0.005162492394447327, 0.12702172994613647, 0.004828847944736481], "motor_control": [[-819.7708129882812], [-137.28875732421875]]}