{"plat_x": 0.20356635749340057, "plat_y": 0.8359236717224121, "plat_z": -0.11778285354375839, "EE_x": 0.19045165181159973, "EE_y": 0.9320089817047119, "EE_z": -0.1567729413509369, "p_zero": [-0.006122037768363953, 0.1271175742149353, 0.004081927239894867], "motor_control": [[755.4595336914062], [-1729.0394287109375]]}