{"plat_x": 0.20356516540050507, "plat_y": 0.8359261751174927, "plat_z": -0.11777438968420029, "EE_x": 0.2428266406059265, "EE_y": 0.9418519735336304, "EE_z": -0.10525403916835785, "p_zero": [-0.006122037768363953, 0.1271175742149353, 0.004081927239894867], "motor_control": [[-1444.5140380859375], [-174.5464324951172]]}