{"plat_x": 0.20367474853992462, "plat_y": 0.8360530734062195, "plat_z": -0.11790599673986435, "EE_x": 0.20248298346996307, "EE_y": 0.9620575904846191, "EE_z": -0.10951896011829376, "p_zero": [-0.005162492394447327, 0.12702172994613647, 0.004828847944736481], "motor_control": [[-111.48954772949219], [92.54588317871094]]}