{"plat_x": 0.2035619169473648, "plat_y": 0.8359252214431763, "plat_z": -0.11777916550636292, "EE_x": 0.19495773315429688, "EE_y": 0.962299108505249, "EE_z": -0.11585116386413574, "p_zero": [-0.006122037768363953, 0.1271175742149353, 0.004081927239894867], "motor_control": [[73.3744888305664], [1.5048699378967285]]}