{"plat_x": 0.2036784142255783, "plat_y": 0.8360711336135864, "plat_z": -0.11789548397064209, "EE_x": 0.1900414079427719, "EE_y": 0.9570508003234863, "EE_z": -0.09121920168399811, "p_zero": [-0.009404316544532776, 0.12679535150527954, 0.0020660609006881714], "motor_control": [[291.9414978027344], [538.7695922851562]]}