{"plat_x": 0.203682079911232, "plat_y": 0.8361079096794128, "plat_z": -0.11789900809526443, "EE_x": 0.19285038113594055, "EE_y": 0.9563978314399719, "EE_z": -0.12946242094039917, "p_zero": [-0.009404316544532776, 0.12679535150527954, 0.0020660609006881714], "motor_control": [[336.6553955078125], [-451.5670471191406]]}