{"plat_x": 0.20356594026088715, "plat_y": 0.835927426815033, "plat_z": -0.11777795851230621, "EE_x": 0.2394767850637436, "EE_y": 0.944040834903717, "EE_z": -0.10785132646560669, "p_zero": [-0.006122037768363953, 0.1271175742149353, 0.004081927239894867], "motor_control": [[-1328.935791015625], [-267.72833251953125]]}