{"plat_x": 0.20356766879558563, "plat_y": 0.8359254002571106, "plat_z": -0.117787666618824, "EE_x": 0.1995304822921753, "EE_y": 0.9620721936225891, "EE_z": -0.11253479868173599, "p_zero": [-0.006122037768363953, 0.1271175742149353, 0.004081927239894867], "motor_control": [[-141.99647521972656], [23.43707847595215]]}