{"plat_x": 0.2036910355091095, "plat_y": 0.8360714912414551, "plat_z": -0.11794859170913696, "EE_x": 0.17685334384441376, "EE_y": 0.9518694877624512, "EE_z": -0.12536127865314484, "p_zero": [-0.005162492394447327, 0.12702172994613647, 0.004828847944736481], "motor_control": [[839.599853515625], [-412.9934997558594]]}