{"plat_x": 0.20365123450756073, "plat_y": 0.8360722064971924, "plat_z": -0.11790148913860321, "EE_x": 0.19808685779571533, "EE_y": 0.9304527640342712, "EE_z": -0.1613001674413681, "p_zero": [-0.009404316544532776, 0.12679535150527954, 0.0020660609006881714], "motor_control": [[288.98602294921875], [-1814.8994140625]]}