{"plat_x": 0.2036900371313095, "plat_y": 0.8360484838485718, "plat_z": -0.11794020980596542, "EE_x": 0.22756682336330414, "EE_y": 0.9422081708908081, "EE_z": -0.13370990753173828, "p_zero": [-0.005162492394447327, 0.12702172994613647, 0.004828847944736481], "motor_control": [[-1036.303955078125], [-1053.9136962890625]]}