{"plat_x": 0.20356564223766327, "plat_y": 0.8359240293502808, "plat_z": -0.11778311431407928, "EE_x": 0.19407349824905396, "EE_y": 0.9566733837127686, "EE_z": -0.12810611724853516, "p_zero": [-0.006122037768363953, 0.1271175742149353, 0.004081927239894867], "motor_control": [[262.3758850097656], [-467.73681640625]]}