{"plat_x": 0.20356187224388123, "plat_y": 0.8359308242797852, "plat_z": -0.11777609586715698, "EE_x": 0.20187292993068695, "EE_y": 0.9610999822616577, "EE_z": -0.10760924965143204, "p_zero": [-0.006122037768363953, 0.1271175742149353, 0.004081927239894867], "motor_control": [[-219.55113220214844], [127.33074951171875]]}