{"plat_x": 0.20368190109729767, "plat_y": 0.8360790014266968, "plat_z": -0.11792977899312973, "EE_x": 0.1889597326517105, "EE_y": 0.9324795603752136, "EE_z": -0.053774986416101456, "p_zero": [-0.005162492394447327, 0.12702172994613647, 0.004828847944736481], "motor_control": [[215.34478759765625], [1932.02880859375]]}