{"plat_x": 0.20367786288261414, "plat_y": 0.836086630821228, "plat_z": -0.11790002137422562, "EE_x": 0.1967100203037262, "EE_y": 0.9586542248725891, "EE_z": -0.09242690354585648, "p_zero": [-0.009404316544532776, 0.12679535150527954, 0.0020660609006881714], "motor_control": [[-116.03218841552734], [508.0006103515625]]}