{"plat_x": 0.20369838178157806, "plat_y": 0.8360832333564758, "plat_z": -0.11795501410961151, "EE_x": 0.21840213239192963, "EE_y": 0.9443330764770508, "EE_z": -0.14033453166484833, "p_zero": [-0.005162492394447327, 0.12702172994613647, 0.004828847944736481], "motor_control": [[-699.9755249023438], [-1112.645751953125]]}