{"plat_x": 0.20369644463062286, "plat_y": 0.836095929145813, "plat_z": -0.11793503910303116, "EE_x": 0.19146965444087982, "EE_y": 0.9616352915763855, "EE_z": -0.11673814803361893, "p_zero": [-0.005162492394447327, 0.12702172994613647, 0.004828847944736481], "motor_control": [[170.58103942871094], [2.6254379749298096]]}