{"plat_x": 0.20371095836162567, "plat_y": 0.8360939025878906, "plat_z": -0.11794949322938919, "EE_x": 0.23330479860305786, "EE_y": 0.9315436482429504, "EE_z": -0.1411677896976471, "p_zero": [-0.005162492394447327, 0.12702172994613647, 0.004828847944736481], "motor_control": [[-1323.66015625], [-1453.458251953125]]}