{"plat_x": 0.20357026159763336, "plat_y": 0.8359220623970032, "plat_z": -0.11778488755226135, "EE_x": 0.21850909292697906, "EE_y": 0.9334796667098999, "EE_z": -0.15236198902130127, "p_zero": [-0.006122037768363953, 0.1271175742149353, 0.004081927239894867], "motor_control": [[-729.7870483398438], [-1625.489990234375]]}