{"plat_x": 0.20368437469005585, "plat_y": 0.8361051082611084, "plat_z": -0.11792029440402985, "EE_x": 0.1614709049463272, "EE_y": 0.9463727474212646, "EE_z": -0.11791201680898666, "p_zero": [-0.005162492394447327, 0.12702172994613647, 0.004828847944736481], "motor_control": [[1284.8604736328125], [-184.2698211669922]]}