{"plat_x": 0.20356769859790802, "plat_y": 0.8359212279319763, "plat_z": -0.11778615415096283, "EE_x": 0.19539180397987366, "EE_y": 0.9623608589172363, "EE_z": -0.11194346100091934, "p_zero": [-0.006122037768363953, 0.1271175742149353, 0.004081927239894867], "motor_control": [[-50.380409240722656], [44.348655700683594]]}