{"plat_x": 0.2036871463060379, "plat_y": 0.836069643497467, "plat_z": -0.11793384701013565, "EE_x": 0.16047996282577515, "EE_y": 0.9398828744888306, "EE_z": -0.08990596234798431, "p_zero": [-0.005162492394447327, 0.12702172994613647, 0.004828847944736481], "motor_control": [[1443.380615234375], [928.6492309570312]]}