{"plat_x": 0.2036924958229065, "plat_y": 0.836071789264679, "plat_z": -0.11794745922088623, "EE_x": 0.18165753781795502, "EE_y": 0.9508119225502014, "EE_z": -0.13169999420642853, "p_zero": [-0.005162492394447327, 0.12702172994613647, 0.004828847944736481], "motor_control": [[737.2424926757812], [-637.081787109375]]}