{"plat_x": 0.20356763899326324, "plat_y": 0.8359251022338867, "plat_z": -0.11778715252876282, "EE_x": 0.21425080299377441, "EE_y": 0.954434335231781, "EE_z": -0.12363480031490326, "p_zero": [-0.006122037768363953, 0.1271175742149353, 0.004081927239894867], "motor_control": [[-505.4632568359375], [-526.799560546875]]}