{"plat_x": 0.2035679668188095, "plat_y": 0.8359218835830688, "plat_z": -0.117784783244133, "EE_x": 0.18678079545497894, "EE_y": 0.9603481292724609, "EE_z": -0.1089179664850235, "p_zero": [-0.006122037768363953, 0.1271175742149353, 0.004081927239894867], "motor_control": [[250.7677764892578], [150.22511291503906]]}