{"plat_x": 0.20369142293930054, "plat_y": 0.8360706567764282, "plat_z": -0.1179400086402893, "EE_x": 0.18984943628311157, "EE_y": 0.9596092104911804, "EE_z": -0.10001169890165329, "p_zero": [-0.005162492394447327, 0.12702172994613647, 0.004828847944736481], "motor_control": [[212.86280822753906], [352.9486999511719]]}