{"plat_x": 0.20356418192386627, "plat_y": 0.8359277248382568, "plat_z": -0.11777815222740173, "EE_x": 0.2091291844844818, "EE_y": 0.9433928728103638, "EE_z": -0.06875332444906235, "p_zero": [-0.006122037768363953, 0.1271175742149353, 0.004081927239894867], "motor_control": [[-650.718017578125], [1310.0816650390625]]}