{"plat_x": 0.2036883383989334, "plat_y": 0.836054265499115, "plat_z": -0.11794061958789825, "EE_x": 0.2093343883752823, "EE_y": 0.9570096731185913, "EE_z": -0.09401506185531616, "p_zero": [-0.005162492394447327, 0.12702172994613647, 0.004828847944736481], "motor_control": [[-403.8450927734375], [438.5539855957031]]}