{"plat_x": 0.20356464385986328, "plat_y": 0.8359236717224121, "plat_z": -0.11778296530246735, "EE_x": 0.18783552944660187, "EE_y": 0.9293113946914673, "EE_z": -0.15788152813911438, "p_zero": [-0.006122037768363953, 0.1271175742149353, 0.004081927239894867], "motor_control": [[828.9857788085938], [-1806.684814453125]]}