{"plat_x": 0.2036549597978592, "plat_y": 0.836074709892273, "plat_z": -0.11790043115615845, "EE_x": 0.24495375156402588, "EE_y": 0.9368128776550293, "EE_z": -0.11316165328025818, "p_zero": [-0.009404316544532776, 0.12679535150527954, 0.0020660609006881714], "motor_control": [[-1647.3389892578125], [-566.9288330078125]]}