{"plat_x": 0.20356173813343048, "plat_y": 0.8359276056289673, "plat_z": -0.11777240037918091, "EE_x": 0.18384681642055511, "EE_y": 0.9351487755775452, "EE_z": -0.05979466438293457, "p_zero": [-0.006122037768363953, 0.1271175742149353, 0.004081927239894867], "motor_control": [[552.8341064453125], [1768.2469482421875]]}