{"plat_x": 0.20368458330631256, "plat_y": 0.8360759615898132, "plat_z": -0.11792556196451187, "EE_x": 0.2369067370891571, "EE_y": 0.9392708539962769, "EE_z": -0.12676090002059937, "p_zero": [-0.005162492394447327, 0.12702172994613647, 0.004828847944736481], "motor_control": [[-1327.9755859375], [-923.4464721679688]]}