{"plat_x": 0.20356367528438568, "plat_y": 0.8359254598617554, "plat_z": -0.11777716875076294, "EE_x": 0.21000781655311584, "EE_y": 0.9366965889930725, "EE_z": -0.15505142509937286, "p_zero": [-0.006122037768363953, 0.1271175742149353, 0.004081927239894867], "motor_control": [[-380.9333190917969], [-1548.2547607421875]]}