{"plat_x": 0.20367242395877838, "plat_y": 0.8360674977302551, "plat_z": -0.11791107058525085, "EE_x": 0.21042928099632263, "EE_y": 0.9560217261314392, "EE_z": -0.0927572250366211, "p_zero": [-0.005162492394447327, 0.12702172994613647, 0.004828847944736481], "motor_control": [[-498.509765625], [458.5174255371094]]}