{"plat_x": 0.20369389653205872, "plat_y": 0.836068868637085, "plat_z": -0.11794329434633255, "EE_x": 0.15920250117778778, "EE_y": 0.9372634291648865, "EE_z": -0.08534227311611176, "p_zero": [-0.005162492394447327, 0.12702172994613647, 0.004828847944736481], "motor_control": [[1476.939697265625], [1047.4468994140625]]}