{"plat_x": 0.2036847472190857, "plat_y": 0.8360733389854431, "plat_z": -0.11792604625225067, "EE_x": 0.17293530702590942, "EE_y": 0.9471887946128845, "EE_z": -0.12922415137290955, "p_zero": [-0.005162492394447327, 0.12702172994613647, 0.004828847944736481], "motor_control": [[1065.7423095703125], [-634.4400634765625]]}