{"plat_x": 0.2036563903093338, "plat_y": 0.8360767364501953, "plat_z": -0.117900550365448, "EE_x": 0.19069041311740875, "EE_y": 0.9437862634658813, "EE_z": -0.06584187597036362, "p_zero": [-0.009404316544532776, 0.12679535150527954, 0.0020660609006881714], "motor_control": [[228.64785766601562], [1431.470947265625]]}