{"plat_x": 0.20366211235523224, "plat_y": 0.836060643196106, "plat_z": -0.11788631975650787, "EE_x": 0.19825692474842072, "EE_y": 0.9611169099807739, "EE_z": -0.10510890930891037, "p_zero": [-0.009404316544532776, 0.12679535150527954, 0.0020660609006881714], "motor_control": [[-175.03956604003906], [198.0056610107422]]}