{"plat_x": 0.20355971157550812, "plat_y": 0.835923969745636, "plat_z": -0.11777380108833313, "EE_x": 0.1598491668701172, "EE_y": 0.9472564458847046, "EE_z": -0.11454744637012482, "p_zero": [-0.006122037768363953, 0.1271175742149353, 0.004081927239894867], "motor_control": [[1248.0609130859375], [-9.402289390563965]]}