{"plat_x": 0.2036825567483902, "plat_y": 0.8360985517501831, "plat_z": -0.11792345345020294, "EE_x": 0.18922269344329834, "EE_y": 0.9376170635223389, "EE_z": -0.15104864537715912, "p_zero": [-0.005162492394447327, 0.12702172994613647, 0.004828847944736481], "motor_control": [[745.5677490234375], [-1486.740234375]]}