{"plat_x": 0.20356489717960358, "plat_y": 0.8359248042106628, "plat_z": -0.11777960509061813, "EE_x": 0.1883954107761383, "EE_y": 0.9551515579223633, "EE_z": -0.08382655680179596, "p_zero": [-0.006122037768363953, 0.1271175742149353, 0.004081927239894867], "motor_control": [[86.33779907226562], [749.7012329101562]]}