{"plat_x": 0.20356769859790802, "plat_y": 0.8359226584434509, "plat_z": -0.11777916550636292, "EE_x": 0.18774382770061493, "EE_y": 0.9348794221878052, "EE_z": -0.05814351513981819, "p_zero": [-0.006122037768363953, 0.1271175742149353, 0.004081927239894867], "motor_control": [[447.2671813964844], [1817.833251953125]]}