{"plat_x": 0.20368336141109467, "plat_y": 0.8360888361930847, "plat_z": -0.11792410910129547, "EE_x": 0.1725073754787445, "EE_y": 0.9538703560829163, "EE_z": -0.11851557344198227, "p_zero": [-0.005162492394447327, 0.12702172994613647, 0.004828847944736481], "motor_control": [[837.58447265625], [-110.97393035888672]]}