{"plat_x": 0.2035624235868454, "plat_y": 0.8359264731407166, "plat_z": -0.1177763119339943, "EE_x": 0.16774533689022064, "EE_y": 0.9461214542388916, "EE_z": -0.12627719342708588, "p_zero": [-0.006122037768363953, 0.1271175742149353, 0.004081927239894867], "motor_control": [[1168.29736328125], [-524.1922607421875]]}