{"plat_x": 0.2036786526441574, "plat_y": 0.8360675573348999, "plat_z": -0.1179281622171402, "EE_x": 0.1754578799009323, "EE_y": 0.949888288974762, "EE_z": -0.08703862875699997, "p_zero": [-0.005162492394447327, 0.12702172994613647, 0.004828847944736481], "motor_control": [[793.0574340820312], [797.25439453125]]}