{"plat_x": 0.20356638729572296, "plat_y": 0.8359229564666748, "plat_z": -0.11778217554092407, "EE_x": 0.18541283905506134, "EE_y": 0.9591755867004395, "EE_z": -0.10400110483169556, "p_zero": [-0.006122037768363953, 0.1271175742149353, 0.004081927239894867], "motor_control": [[321.4983215332031], [265.52105712890625]]}