{"plat_x": 0.2035667449235916, "plat_y": 0.8359236717224121, "plat_z": -0.11778803169727325, "EE_x": 0.19357649981975555, "EE_y": 0.9615465402603149, "EE_z": -0.11761972308158875, "p_zero": [-0.006122037768363953, 0.1271175742149353, 0.004081927239894867], "motor_control": [[141.81529235839844], [-62.12834167480469]]}