{"plat_x": 0.20367306470870972, "plat_y": 0.8360754251480103, "plat_z": -0.11791658401489258, "EE_x": 0.1708432137966156, "EE_y": 0.9462681412696838, "EE_z": -0.08596619218587875, "p_zero": [-0.005162492394447327, 0.12702172994613647, 0.004828847944736481], "motor_control": [[1000.900390625], [925.2098999023438]]}