{"plat_x": 0.20356786251068115, "plat_y": 0.8359225392341614, "plat_z": -0.11778151988983154, "EE_x": 0.20100638270378113, "EE_y": 0.9570255875587463, "EE_z": -0.0883585587143898, "p_zero": [-0.006122037768363953, 0.1271175742149353, 0.004081927239894867], "motor_control": [[-221.19737243652344], [570.5784301757812]]}