{"plat_x": 0.20356865227222443, "plat_y": 0.8359202742576599, "plat_z": -0.11778527498245239, "EE_x": 0.2253517359495163, "EE_y": 0.9341792464256287, "EE_z": -0.0680454894900322, "p_zero": [-0.006122037768363953, 0.1271175742149353, 0.004081927239894867], "motor_control": [[-1270.1375732421875], [1434.1282958984375]]}