{"plat_x": 0.20356513559818268, "plat_y": 0.8359249234199524, "plat_z": -0.11777912080287933, "EE_x": 0.19474725425243378, "EE_y": 0.9577487111091614, "EE_z": -0.09058739989995956, "p_zero": [-0.006122037768363953, 0.1271175742149353, 0.004081927239894867], "motor_control": [[-156.75439453125], [534.7372436523438]]}