{"plat_x": 0.20369215309619904, "plat_y": 0.8361112475395203, "plat_z": -0.11790338158607483, "EE_x": 0.15020178258419037, "EE_y": 0.9359220266342163, "EE_z": -0.11906920373439789, "p_zero": [-0.009404316544532776, 0.12679535150527954, 0.0020660609006881714], "motor_control": [[1789.0206298828125], [-202.22625732421875]]}