{"plat_x": 0.20356452465057373, "plat_y": 0.8359266519546509, "plat_z": -0.11777731776237488, "EE_x": 0.2229231297969818, "EE_y": 0.9543884992599487, "EE_z": -0.11522481590509415, "p_zero": [-0.006122037768363953, 0.1271175742149353, 0.004081927239894867], "motor_control": [[-669.4913940429688], [-264.727783203125]]}