{"plat_x": 0.20367933809757233, "plat_y": 0.8360968828201294, "plat_z": -0.11789825558662415, "EE_x": 0.1885792762041092, "EE_y": 0.9395269751548767, "EE_z": -0.06244300305843353, "p_zero": [-0.009404316544532776, 0.12679535150527954, 0.0020660609006881714], "motor_control": [[394.1348571777344], [1607.560546875]]}