{"plat_x": 0.2035713791847229, "plat_y": 0.835922360420227, "plat_z": -0.11778680980205536, "EE_x": 0.1836015284061432, "EE_y": 0.9572501182556152, "EE_z": -0.10059329867362976, "p_zero": [-0.006122037768363953, 0.1271175742149353, 0.004081927239894867], "motor_control": [[559.474365234375], [315.71112060546875]]}