{"plat_x": 0.20368745923042297, "plat_y": 0.8360736966133118, "plat_z": -0.11792284995317459, "EE_x": 0.24507638812065125, "EE_y": 0.9385452270507812, "EE_z": -0.113246850669384, "p_zero": [-0.005162492394447327, 0.12702172994613647, 0.004828847944736481], "motor_control": [[-1542.8775634765625], [-407.29443359375]]}