{"plat_x": 0.20367759466171265, "plat_y": 0.8360663652420044, "plat_z": -0.11793011426925659, "EE_x": 0.17650602757930756, "EE_y": 0.9516386985778809, "EE_z": -0.09116587042808533, "p_zero": [-0.005162492394447327, 0.12702172994613647, 0.004828847944736481], "motor_control": [[761.5828857421875], [690.1878051757812]]}