{"plat_x": 0.2035740464925766, "plat_y": 0.8359189033508301, "plat_z": -0.11778707057237625, "EE_x": 0.2457909882068634, "EE_y": 0.9373437166213989, "EE_z": -0.10985253006219864, "p_zero": [-0.006122037768363953, 0.1271175742149353, 0.004081927239894867], "motor_control": [[-1632.735107421875], [-401.0049743652344]]}