{"plat_x": 0.20368529856204987, "plat_y": 0.8361027240753174, "plat_z": -0.11789112538099289, "EE_x": 0.22227971255779266, "EE_y": 0.956413984298706, "EE_z": -0.11006724834442139, "p_zero": [-0.009404316544532776, 0.12679535150527954, 0.0020660609006881714], "motor_control": [[-661.928466796875], [21.794635772705078]]}