{"plat_x": 0.2036820352077484, "plat_y": 0.8360641002655029, "plat_z": -0.11793161928653717, "EE_x": 0.17176108062267303, "EE_y": 0.9396646022796631, "EE_z": -0.07436072081327438, "p_zero": [-0.005162492394447327, 0.12702172994613647, 0.004828847944736481], "motor_control": [[1063.4173583984375], [1350.78857421875]]}