{"plat_x": 0.20368899405002594, "plat_y": 0.8360494375228882, "plat_z": -0.11794910579919815, "EE_x": 0.20203262567520142, "EE_y": 0.9607572555541992, "EE_z": -0.10083780437707901, "p_zero": [-0.005162492394447327, 0.12702172994613647, 0.004828847944736481], "motor_control": [[-73.47750091552734], [301.5965881347656]]}