{"plat_x": 0.2035704106092453, "plat_y": 0.835922122001648, "plat_z": -0.11778362095355988, "EE_x": 0.24734237790107727, "EE_y": 0.9369602203369141, "EE_z": -0.10683589428663254, "p_zero": [-0.006122037768363953, 0.1271175742149353, 0.004081927239894867], "motor_control": [[-1660.3128662109375], [-253.8038787841797]]}