{"plat_x": 0.2035684883594513, "plat_y": 0.8359224796295166, "plat_z": -0.11778265237808228, "EE_x": 0.1985168308019638, "EE_y": 0.9616919755935669, "EE_z": -0.10405582934617996, "p_zero": [-0.006122037768363953, 0.1271175742149353, 0.004081927239894867], "motor_control": [[0.3529053032398224], [239.3652801513672]]}