{"plat_x": 0.20356905460357666, "plat_y": 0.8359259963035583, "plat_z": -0.11778175830841064, "EE_x": 0.171106219291687, "EE_y": 0.9370216131210327, "EE_z": -0.07165848463773727, "p_zero": [-0.006122037768363953, 0.1271175742149353, 0.004081927239894867], "motor_control": [[1118.9039306640625], [1470.5438232421875]]}