{"plat_x": 0.2035636007785797, "plat_y": 0.8359273672103882, "plat_z": -0.11778058111667633, "EE_x": 0.18528196215629578, "EE_y": 0.945065975189209, "EE_z": -0.14127472043037415, "p_zero": [-0.006122037768363953, 0.1271175742149353, 0.004081927239894867], "motor_control": [[752.3212890625], [-1038.1163330078125]]}