{"plat_x": 0.20368899405002594, "plat_y": 0.8360969424247742, "plat_z": -0.1179208904504776, "EE_x": 0.2053246945142746, "EE_y": 0.9289425611495972, "EE_z": -0.16399815678596497, "p_zero": [-0.005162492394447327, 0.12702172994613647, 0.004828847944736481], "motor_control": [[66.70475006103516], [-1888.0369873046875]]}