{"plat_x": 0.20356906950473785, "plat_y": 0.8359254002571106, "plat_z": -0.1177792176604271, "EE_x": 0.2225305587053299, "EE_y": 0.9366760849952698, "EE_z": -0.06823762506246567, "p_zero": [-0.006122037768363953, 0.1271175742149353, 0.004081927239894867], "motor_control": [[-1133.41162109375], [1382.1650390625]]}