{"plat_x": 0.20356746017932892, "plat_y": 0.8359230160713196, "plat_z": -0.11778400838375092, "EE_x": 0.22454339265823364, "EE_y": 0.9394122362136841, "EE_z": -0.07322573661804199, "p_zero": [-0.006122037768363953, 0.1271175742149353, 0.004081927239894867], "motor_control": [[-1146.7423095703125], [1196.8804931640625]]}