{"plat_x": 0.20355989038944244, "plat_y": 0.8359261155128479, "plat_z": -0.11777296662330627, "EE_x": 0.17408107221126556, "EE_y": 0.9520782828330994, "EE_z": -0.1229126825928688, "p_zero": [-0.006122037768363953, 0.1271175742149353, 0.004081927239894867], "motor_control": [[867.0394897460938], [-324.4646911621094]]}