{"plat_x": 0.20368216931819916, "plat_y": 0.8361003994941711, "plat_z": -0.11789620667695999, "EE_x": 0.20172014832496643, "EE_y": 0.962091326713562, "EE_z": -0.10997170954942703, "p_zero": [-0.009404316544532776, 0.12679535150527954, 0.0020660609006881714], "motor_control": [[-124.4843521118164], [101.05200958251953]]}