{"plat_x": 0.20369379222393036, "plat_y": 0.8360770344734192, "plat_z": -0.11794571578502655, "EE_x": 0.19417040050029755, "EE_y": 0.9623367786407471, "EE_z": -0.11616718769073486, "p_zero": [-0.005162492394447327, 0.12702172994613647, 0.004828847944736481], "motor_control": [[-11.92259407043457], [-39.79562759399414]]}