{"plat_x": 0.20357035100460052, "plat_y": 0.8359209299087524, "plat_z": -0.11778395622968674, "EE_x": 0.21022799611091614, "EE_y": 0.9598469734191895, "EE_z": -0.10415654629468918, "p_zero": [-0.006122037768363953, 0.1271175742149353, 0.004081927239894867], "motor_control": [[-325.91900634765625], [167.87823486328125]]}