{"plat_x": 0.2035626620054245, "plat_y": 0.8359254002571106, "plat_z": -0.11777569353580475, "EE_x": 0.21984542906284332, "EE_y": 0.9402563571929932, "EE_z": -0.14387710392475128, "p_zero": [-0.006122037768363953, 0.1271175742149353, 0.004081927239894867], "motor_control": [[-783.5887451171875], [-1313.156494140625]]}