{"plat_x": 0.20368069410324097, "plat_y": 0.8361031413078308, "plat_z": -0.11790872365236282, "EE_x": 0.15007276833057404, "EE_y": 0.9336647391319275, "EE_z": -0.09624150395393372, "p_zero": [-0.009404316544532776, 0.12679535150527954, 0.0020660609006881714], "motor_control": [[1788.9407958984375], [716.91064453125]]}