{"plat_x": 0.2036896049976349, "plat_y": 0.8360608220100403, "plat_z": -0.11793801933526993, "EE_x": 0.18290726840496063, "EE_y": 0.9576118588447571, "EE_z": -0.10287065804004669, "p_zero": [-0.005162492394447327, 0.12702172994613647, 0.004828847944736481], "motor_control": [[527.0692749023438], [289.4477844238281]]}