{"plat_x": 0.20367030799388885, "plat_y": 0.8360934257507324, "plat_z": -0.11789701133966446, "EE_x": 0.21401846408843994, "EE_y": 0.9538258910179138, "EE_z": -0.08890465646982193, "p_zero": [-0.009404316544532776, 0.12679535150527954, 0.0020660609006881714], "motor_control": [[-588.64306640625], [573.9788818359375]]}