{"plat_x": 0.2035662680864334, "plat_y": 0.8359255790710449, "plat_z": -0.11778464168310165, "EE_x": 0.20205022394657135, "EE_y": 0.9615688920021057, "EE_z": -0.11213655024766922, "p_zero": [-0.006122037768363953, 0.1271175742149353, 0.004081927239894867], "motor_control": [[-213.19923400878906], [5.302660942077637]]}