{"plat_x": 0.20368798077106476, "plat_y": 0.836067259311676, "plat_z": -0.1179506778717041, "EE_x": 0.18083339929580688, "EE_y": 0.9482077956199646, "EE_z": -0.13502737879753113, "p_zero": [-0.005162492394447327, 0.12702172994613647, 0.004828847944736481], "motor_control": [[814.191650390625], [-778.819580078125]]}