{"plat_x": 0.20357270538806915, "plat_y": 0.8359222412109375, "plat_z": -0.1177871897816658, "EE_x": 0.1946970820426941, "EE_y": 0.9513957500457764, "EE_z": -0.07604507356882095, "p_zero": [-0.006122037768363953, 0.1271175742149353, 0.004081927239894867], "motor_control": [[184.43951416015625], [1007.8319091796875]]}