{"plat_x": 0.2035641223192215, "plat_y": 0.8359291553497314, "plat_z": -0.11777862906455994, "EE_x": 0.1876622885465622, "EE_y": 0.9602519273757935, "EE_z": -0.10776253789663315, "p_zero": [-0.006122037768363953, 0.1271175742149353, 0.004081927239894867], "motor_control": [[250.19613647460938], [173.4825897216797]]}