{"plat_x": 0.20368464291095734, "plat_y": 0.8361051082611084, "plat_z": -0.11789524555206299, "EE_x": 0.20502202212810516, "EE_y": 0.9600204825401306, "EE_z": -0.12244883924722672, "p_zero": [-0.009404316544532776, 0.12679535150527954, 0.0020660609006881714], "motor_control": [[-160.18972778320312], [-214.78977966308594]]}