{"plat_x": 0.20367716252803802, "plat_y": 0.8360846042633057, "plat_z": -0.11793014407157898, "EE_x": 0.19896012544631958, "EE_y": 0.9625663161277771, "EE_z": -0.11569565534591675, "p_zero": [-0.005162492394447327, 0.12702172994613647, 0.004828847944736481], "motor_control": [[-45.88753890991211], [-34.70049285888672]]}