{"plat_x": 0.20356567203998566, "plat_y": 0.8359191417694092, "plat_z": -0.11778934299945831, "EE_x": 0.1658148467540741, "EE_y": 0.9397332668304443, "EE_z": -0.13336384296417236, "p_zero": [-0.006122037768363953, 0.1271175742149353, 0.004081927239894867], "motor_control": [[1372.5499267578125], [-869.8564453125]]}