{"plat_x": 0.2036908119916916, "plat_y": 0.8360676169395447, "plat_z": -0.11794928461313248, "EE_x": 0.15166552364826202, "EE_y": 0.9344868063926697, "EE_z": -0.12258218973875046, "p_zero": [-0.005162492394447327, 0.12702172994613647, 0.004828847944736481], "motor_control": [[1822.419921875], [-446.1545104980469]]}