{"plat_x": 0.20356439054012299, "plat_y": 0.8359243869781494, "plat_z": -0.1177806705236435, "EE_x": 0.18986651301383972, "EE_y": 0.9531459212303162, "EE_z": -0.07899976521730423, "p_zero": [-0.006122037768363953, 0.1271175742149353, 0.004081927239894867], "motor_control": [[114.00495147705078], [894.0028076171875]]}