{"plat_x": 0.20368044078350067, "plat_y": 0.8360817432403564, "plat_z": -0.11792763322591782, "EE_x": 0.19526802003383636, "EE_y": 0.9484875798225403, "EE_z": -0.0697784572839737, "p_zero": [-0.005162492394447327, 0.12702172994613647, 0.004828847944736481], "motor_control": [[42.25845718383789], [1210.426025390625]]}