{"plat_x": 0.20369090139865875, "plat_y": 0.8360617756843567, "plat_z": -0.1179451122879982, "EE_x": 0.19408226013183594, "EE_y": 0.9384487271308899, "EE_z": -0.058845628052949905, "p_zero": [-0.005162492394447327, 0.12702172994613647, 0.004828847944736481], "motor_control": [[-197.40142822265625], [1686.46142578125]]}