{"plat_x": 0.20356808602809906, "plat_y": 0.8359246850013733, "plat_z": -0.11778321862220764, "EE_x": 0.21305251121520996, "EE_y": 0.9375914931297302, "EE_z": -0.06425583362579346, "p_zero": [-0.006122037768363953, 0.1271175742149353, 0.004081927239894867], "motor_control": [[-867.5733032226562], [1536.8643798828125]]}