{"plat_x": 0.20367518067359924, "plat_y": 0.836072564125061, "plat_z": -0.11791819334030151, "EE_x": 0.18802352249622345, "EE_y": 0.9566091299057007, "EE_z": -0.12461115419864655, "p_zero": [-0.005162492394447327, 0.12702172994613647, 0.004828847944736481], "motor_control": [[506.0038757324219], [-350.19061279296875]]}