{"plat_x": 0.20356816053390503, "plat_y": 0.8359240889549255, "plat_z": -0.11777997761964798, "EE_x": 0.20828990638256073, "EE_y": 0.9600779414176941, "EE_z": -0.10756437480449677, "p_zero": [-0.006122037768363953, 0.1271175742149353, 0.004081927239894867], "motor_control": [[-374.08160400390625], [69.94902038574219]]}