{"plat_x": 0.20366938412189484, "plat_y": 0.8360687494277954, "plat_z": -0.11789235472679138, "EE_x": 0.23163194954395294, "EE_y": 0.9435882568359375, "EE_z": -0.12656563520431519, "p_zero": [-0.009404316544532776, 0.12679535150527954, 0.0020660609006881714], "motor_control": [[-1135.7464599609375], [-816.9420776367188]]}