{"plat_x": 0.20368792116641998, "plat_y": 0.8360790014266968, "plat_z": -0.11792692542076111, "EE_x": 0.22548802196979523, "EE_y": 0.9475482702255249, "EE_z": -0.08612682670354843, "p_zero": [-0.005162492394447327, 0.12702172994613647, 0.004828847944736481], "motor_control": [[-1009.9152221679688], [692.6831665039062]]}