{"plat_x": 0.20367486774921417, "plat_y": 0.8360810279846191, "plat_z": -0.1179032176733017, "EE_x": 0.20872077345848083, "EE_y": 0.955140233039856, "EE_z": -0.13047154247760773, "p_zero": [-0.009404316544532776, 0.12679535150527954, 0.0020660609006881714], "motor_control": [[-288.7554016113281], [-574.0818481445312]]}