{"plat_x": 0.20356573164463043, "plat_y": 0.8359241485595703, "plat_z": -0.11778181791305542, "EE_x": 0.20224349200725555, "EE_y": 0.9618164300918579, "EE_z": -0.11633986979722977, "p_zero": [-0.006122037768363953, 0.1271175742149353, 0.004081927239894867], "motor_control": [[-96.33570861816406], [-50.30527114868164]]}