{"plat_x": 0.20369771122932434, "plat_y": 0.8360639810562134, "plat_z": -0.11794517934322357, "EE_x": 0.19772152602672577, "EE_y": 0.9604145288467407, "EE_z": -0.10087385773658752, "p_zero": [-0.005162492394447327, 0.12702172994613647, 0.004828847944736481], "motor_control": [[-153.11654663085938], [322.3951416015625]]}