{"plat_x": 0.20356640219688416, "plat_y": 0.8359240293502808, "plat_z": -0.11777953803539276, "EE_x": 0.15149317681789398, "EE_y": 0.9354198575019836, "EE_z": -0.12252939492464066, "p_zero": [-0.006122037768363953, 0.1271175742149353, 0.004081927239894867], "motor_control": [[1767.7801513671875], [-342.0580749511719]]}