{"plat_x": 0.20356346666812897, "plat_y": 0.8359202742576599, "plat_z": -0.11777624487876892, "EE_x": 0.22350259125232697, "EE_y": 0.9490429759025574, "EE_z": -0.08827971667051315, "p_zero": [-0.006122037768363953, 0.1271175742149353, 0.004081927239894867], "motor_control": [[-958.1323852539062], [634.35302734375]]}