{"plat_x": 0.2036784440279007, "plat_y": 0.8361043334007263, "plat_z": -0.11789791285991669, "EE_x": 0.20667143166065216, "EE_y": 0.9571025967597961, "EE_z": -0.09165318310260773, "p_zero": [-0.009404316544532776, 0.12679535150527954, 0.0020660609006881714], "motor_control": [[-334.8945617675781], [500.96832275390625]]}