{"plat_x": 0.20369823276996613, "plat_y": 0.8361071348190308, "plat_z": -0.11792849004268646, "EE_x": 0.19654704630374908, "EE_y": 0.9627924561500549, "EE_z": -0.11345988512039185, "p_zero": [-0.005162492394447327, 0.12702172994613647, 0.004828847944736481], "motor_control": [[-36.178871154785156], [8.347773551940918]]}