{"plat_x": 0.20356351137161255, "plat_y": 0.8359295725822449, "plat_z": -0.1177818551659584, "EE_x": 0.20980031788349152, "EE_y": 0.9537650346755981, "EE_z": -0.1315813511610031, "p_zero": [-0.006122037768363953, 0.1271175742149353, 0.004081927239894867], "motor_control": [[-324.41015625], [-653.6681518554688]]}