{"plat_x": 0.20367838442325592, "plat_y": 0.8360610604286194, "plat_z": -0.11792454123497009, "EE_x": 0.1854809671640396, "EE_y": 0.956620991230011, "EE_z": -0.09184303879737854, "p_zero": [-0.005162492394447327, 0.12702172994613647, 0.004828847944736481], "motor_control": [[331.1764831542969], [538.1883544921875]]}