{"plat_x": 0.20356114208698273, "plat_y": 0.8359251022338867, "plat_z": -0.11777349561452866, "EE_x": 0.20831136405467987, "EE_y": 0.9609373211860657, "EE_z": -0.10881169140338898, "p_zero": [-0.006122037768363953, 0.1271175742149353, 0.004081927239894867], "motor_control": [[-275.95098876953125], [48.207054138183594]]}