{"plat_x": 0.20368649065494537, "plat_y": 0.8360603451728821, "plat_z": -0.11793770641088486, "EE_x": 0.24207991361618042, "EE_y": 0.9396095871925354, "EE_z": -0.09376869350671768, "p_zero": [-0.005162492394447327, 0.12702172994613647, 0.004828847944736481], "motor_control": [[-1519.51318359375], [394.03656005859375]]}