{"plat_x": 0.20367714762687683, "plat_y": 0.8360739350318909, "plat_z": -0.11791770160198212, "EE_x": 0.1884584277868271, "EE_y": 0.9520399570465088, "EE_z": -0.1358724683523178, "p_zero": [-0.005162492394447327, 0.12702172994613647, 0.004828847944736481], "motor_control": [[442.3036193847656], [-693.5816650390625]]}