{"plat_x": 0.20357216894626617, "plat_y": 0.8359216451644897, "plat_z": -0.1177879348397255, "EE_x": 0.2106674313545227, "EE_y": 0.9404681324958801, "EE_z": -0.06631531566381454, "p_zero": [-0.006122037768363953, 0.1271175742149353, 0.004081927239894867], "motor_control": [[-744.3473510742188], [1438.87890625]]}