{"plat_x": 0.2035684734582901, "plat_y": 0.8359241485595703, "plat_z": -0.11778269708156586, "EE_x": 0.19733521342277527, "EE_y": 0.9627256393432617, "EE_z": -0.11356642842292786, "p_zero": [-0.006122037768363953, 0.1271175742149353, 0.004081927239894867], "motor_control": [[4.46888542175293], [10.254365921020508]]}