{"plat_x": 0.20368950068950653, "plat_y": 0.8360916376113892, "plat_z": -0.11790362000465393, "EE_x": 0.20681466162204742, "EE_y": 0.96030592918396, "EE_z": -0.11664079874753952, "p_zero": [-0.009404316544532776, 0.12679535150527954, 0.0020660609006881714], "motor_control": [[-312.8133544921875], [-48.36539840698242]]}