{"plat_x": 0.2036914974451065, "plat_y": 0.8360980749130249, "plat_z": -0.11792339384555817, "EE_x": 0.24625585973262787, "EE_y": 0.9317943453788757, "EE_z": -0.08823353797197342, "p_zero": [-0.005162492394447327, 0.12702172994613647, 0.004828847944736481], "motor_control": [[-1807.9091796875], [705.24462890625]]}