{"plat_x": 0.20356668531894684, "plat_y": 0.8359254002571106, "plat_z": -0.11777950823307037, "EE_x": 0.2369253933429718, "EE_y": 0.944525420665741, "EE_z": -0.11354879289865494, "p_zero": [-0.006122037768363953, 0.1271175742149353, 0.004081927239894867], "motor_control": [[-1262.768310546875], [-429.81268310546875]]}