{"plat_x": 0.20367431640625, "plat_y": 0.8360775709152222, "plat_z": -0.11790189146995544, "EE_x": 0.1942743957042694, "EE_y": 0.9626586437225342, "EE_z": -0.11540521681308746, "p_zero": [-0.009404316544532776, 0.12679535150527954, 0.0020660609006881714], "motor_control": [[22.1104679107666], [8.081530570983887]]}