{"plat_x": 0.2036917507648468, "plat_y": 0.8361048698425293, "plat_z": -0.11792580038309097, "EE_x": 0.2156720608472824, "EE_y": 0.9577758312225342, "EE_z": -0.11794071644544601, "p_zero": [-0.005162492394447327, 0.12702172994613647, 0.004828847944736481], "motor_control": [[-430.28399658203125], [-187.5102081298828]]}