{"plat_x": 0.2035626918077469, "plat_y": 0.8359271287918091, "plat_z": -0.11777561157941818, "EE_x": 0.18428219854831696, "EE_y": 0.9593058228492737, "EE_z": -0.10654676705598831, "p_zero": [-0.006122037768363953, 0.1271175742149353, 0.004081927239894867], "motor_control": [[324.8348693847656], [213.35475158691406]]}