{"plat_x": 0.20369337499141693, "plat_y": 0.8360629081726074, "plat_z": -0.11795229464769363, "EE_x": 0.14885441958904266, "EE_y": 0.9350625276565552, "EE_z": -0.10617078095674515, "p_zero": [-0.005162492394447327, 0.12702172994613647, 0.004828847944736481], "motor_control": [[1815.891845703125], [364.453369140625]]}