{"plat_x": 0.20356683433055878, "plat_y": 0.8359215259552002, "plat_z": -0.11778704822063446, "EE_x": 0.16627372801303864, "EE_y": 0.9494871497154236, "EE_z": -0.10192757099866867, "p_zero": [-0.006122037768363953, 0.1271175742149353, 0.004081927239894867], "motor_control": [[1063.3363037109375], [353.4519958496094]]}