{"plat_x": 0.20356769859790802, "plat_y": 0.8359236121177673, "plat_z": -0.11778915673494339, "EE_x": 0.1630818396806717, "EE_y": 0.9441754221916199, "EE_z": -0.0916997641324997, "p_zero": [-0.006122037768363953, 0.1271175742149353, 0.004081927239894867], "motor_control": [[1236.0880126953125], [726.4146118164062]]}