{"plat_x": 0.20367775857448578, "plat_y": 0.8360776901245117, "plat_z": -0.11791647225618362, "EE_x": 0.1949969381093979, "EE_y": 0.9609450101852417, "EE_z": -0.09989491105079651, "p_zero": [-0.005162492394447327, 0.12702172994613647, 0.004828847944736481], "motor_control": [[-27.313350677490234], [339.2035217285156]]}