{"plat_x": 0.20368368923664093, "plat_y": 0.8361002206802368, "plat_z": -0.11788986623287201, "EE_x": 0.18765054643154144, "EE_y": 0.9603906273841858, "EE_z": -0.11198192089796066, "p_zero": [-0.009404316544532776, 0.12679535150527954, 0.0020660609006881714], "motor_control": [[302.24053955078125], [110.64547729492188]]}