{"plat_x": 0.20357228815555573, "plat_y": 0.8359251022338867, "plat_z": -0.11778460443019867, "EE_x": 0.21151143312454224, "EE_y": 0.9558261036872864, "EE_z": -0.09185686707496643, "p_zero": [-0.006122037768363953, 0.1271175742149353, 0.004081927239894867], "motor_control": [[-497.78570556640625], [448.23004150390625]]}