{"plat_x": 0.2036869376897812, "plat_y": 0.8360699415206909, "plat_z": -0.11792861670255661, "EE_x": 0.22853222489356995, "EE_y": 0.9455705285072327, "EE_z": -0.08642083406448364, "p_zero": [-0.005162492394447327, 0.12702172994613647, 0.004828847944736481], "motor_control": [[-1110.3646240234375], [728.3238525390625]]}