{"plat_x": 0.20367814600467682, "plat_y": 0.8360828757286072, "plat_z": -0.11790240556001663, "EE_x": 0.2292173206806183, "EE_y": 0.9388142824172974, "EE_z": -0.13611812889575958, "p_zero": [-0.009404316544532776, 0.12679535150527954, 0.0020660609006881714], "motor_control": [[-1143.2901611328125], [-1191.3282470703125]]}