{"plat_x": 0.20371149480342865, "plat_y": 0.8360997438430786, "plat_z": -0.11794691532850266, "EE_x": 0.2115023285150528, "EE_y": 0.9587308764457703, "EE_z": -0.11987501382827759, "p_zero": [-0.005162492394447327, 0.12702172994613647, 0.004828847944736481], "motor_control": [[-304.6944580078125], [-235.5789794921875]]}