{"plat_x": 0.20369480550289154, "plat_y": 0.8360769748687744, "plat_z": -0.11794009804725647, "EE_x": 0.1978866159915924, "EE_y": 0.9622508883476257, "EE_z": -0.10749945044517517, "p_zero": [-0.005162492394447327, 0.12702172994613647, 0.004828847944736481], "motor_control": [[-29.081377029418945], [173.91685485839844]]}