{"plat_x": 0.20356211066246033, "plat_y": 0.8359272480010986, "plat_z": -0.11778080463409424, "EE_x": 0.2234615534543991, "EE_y": 0.9504640698432922, "EE_z": -0.09054341912269592, "p_zero": [-0.006122037768363953, 0.1271175742149353, 0.004081927239894867], "motor_control": [[-905.4227905273438], [509.99267578125]]}