{"plat_x": 0.20364560186862946, "plat_y": 0.8360708951950073, "plat_z": -0.11790092289447784, "EE_x": 0.1532289683818817, "EE_y": 0.9365871548652649, "EE_z": -0.1222953349351883, "p_zero": [-0.009404316544532776, 0.12679535150527954, 0.0020660609006881714], "motor_control": [[1717.11962890625], [-415.7795104980469]]}