{"plat_x": 0.2036832869052887, "plat_y": 0.8360638618469238, "plat_z": -0.11793403327465057, "EE_x": 0.19046060740947723, "EE_y": 0.9502736926078796, "EE_z": -0.075762540102005, "p_zero": [-0.005162492394447327, 0.12702172994613647, 0.004828847944736481], "motor_control": [[312.305908203125], [1061.474365234375]]}