{"plat_x": 0.20357154309749603, "plat_y": 0.8359234929084778, "plat_z": -0.11778708547353745, "EE_x": 0.2031831294298172, "EE_y": 0.9368476271629333, "EE_z": -0.0601983480155468, "p_zero": [-0.006122037768363953, 0.1271175742149353, 0.004081927239894867], "motor_control": [[-572.1218872070312], [1705.3017578125]]}