{"plat_x": 0.20367902517318726, "plat_y": 0.836062490940094, "plat_z": -0.11792081594467163, "EE_x": 0.19608157873153687, "EE_y": 0.9508798718452454, "EE_z": -0.07643090933561325, "p_zero": [-0.005162492394447327, 0.12702172994613647, 0.004828847944736481], "motor_control": [[-229.91650390625], [1074.4044189453125]]}