{"plat_x": 0.20367883145809174, "plat_y": 0.8360793590545654, "plat_z": -0.11792799830436707, "EE_x": 0.224716454744339, "EE_y": 0.934030294418335, "EE_z": -0.14531926810741425, "p_zero": [-0.005162492394447327, 0.12702172994613647, 0.004828847944736481], "motor_control": [[-1058.2470703125], [-1538.6602783203125]]}