{"plat_x": 0.20356930792331696, "plat_y": 0.8359213471412659, "plat_z": -0.11778834462165833, "EE_x": 0.19224394857883453, "EE_y": 0.9525076746940613, "EE_z": -0.137394979596138, "p_zero": [-0.006122037768363953, 0.1271175742149353, 0.004081927239894867], "motor_control": [[227.79632568359375], [-734.1135864257812]]}