{"plat_x": 0.20368371903896332, "plat_y": 0.8360561728477478, "plat_z": -0.11794118583202362, "EE_x": 0.19461752474308014, "EE_y": 0.944236159324646, "EE_z": -0.14604569971561432, "p_zero": [-0.005162492394447327, 0.12702172994613647, 0.004828847944736481], "motor_control": [[510.5419616699219], [-1202.8536376953125]]}