{"plat_x": 0.20368197560310364, "plat_y": 0.8360740542411804, "plat_z": -0.11791522800922394, "EE_x": 0.19693191349506378, "EE_y": 0.9623762965202332, "EE_z": -0.11497922241687775, "p_zero": [-0.005162492394447327, 0.12702172994613647, 0.004828847944736481], "motor_control": [[-10.84237003326416], [37.43832778930664]]}