{"plat_x": 0.203687384724617, "plat_y": 0.8360617756843567, "plat_z": -0.11793693900108337, "EE_x": 0.1940164864063263, "EE_y": 0.959215521812439, "EE_z": -0.09607910364866257, "p_zero": [-0.005162492394447327, 0.12702172994613647, 0.004828847944736481], "motor_control": [[167.44647216796875], [406.5674133300781]]}