{"plat_x": 0.2035668045282364, "plat_y": 0.8359241485595703, "plat_z": -0.11778022348880768, "EE_x": 0.1975724995136261, "EE_y": 0.959360659122467, "EE_z": -0.09294169396162033, "p_zero": [-0.006122037768363953, 0.1271175742149353, 0.004081927239894867], "motor_control": [[-28.448408126831055], [463.9804992675781]]}