{"plat_x": 0.2037072330713272, "plat_y": 0.8361093997955322, "plat_z": -0.11795306205749512, "EE_x": 0.19704870879650116, "EE_y": 0.9576379060745239, "EE_z": -0.09074311703443527, "p_zero": [-0.005162492394447327, 0.12702172994613647, 0.004828847944736481], "motor_control": [[-197.92459106445312], [550.8781127929688]]}