{"plat_x": 0.20356415212154388, "plat_y": 0.8359280824661255, "plat_z": -0.11777690052986145, "EE_x": 0.21217994391918182, "EE_y": 0.9522143006324768, "EE_z": -0.1316332072019577, "p_zero": [-0.006122037768363953, 0.1271175742149353, 0.004081927239894867], "motor_control": [[-432.87994384765625], [-731.27587890625]]}