{"plat_x": 0.20367541909217834, "plat_y": 0.836077868938446, "plat_z": -0.11790430545806885, "EE_x": 0.1995978057384491, "EE_y": 0.9519833326339722, "EE_z": -0.07830680161714554, "p_zero": [-0.009404316544532776, 0.12679535150527954, 0.0020660609006881714], "motor_control": [[-269.8884582519531], [1007.8328857421875]]}