{"plat_x": 0.20367734134197235, "plat_y": 0.8360753655433655, "plat_z": -0.1179250031709671, "EE_x": 0.21405161917209625, "EE_y": 0.9480932950973511, "EE_z": -0.07797520607709885, "p_zero": [-0.005162492394447327, 0.12702172994613647, 0.004828847944736481], "motor_control": [[-700.9198608398438], [995.6228637695312]]}