{"plat_x": 0.20365731418132782, "plat_y": 0.8360821008682251, "plat_z": -0.11790189146995544, "EE_x": 0.22173650562763214, "EE_y": 0.9483019113540649, "EE_z": -0.08595357835292816, "p_zero": [-0.009404316544532776, 0.12679535150527954, 0.0020660609006881714], "motor_control": [[-972.0191040039062], [785.4736938476562]]}