{"plat_x": 0.2036810964345932, "plat_y": 0.8360736966133118, "plat_z": -0.11793292313814163, "EE_x": 0.2175288051366806, "EE_y": 0.946049690246582, "EE_z": -0.13845233619213104, "p_zero": [-0.005162492394447327, 0.12702172994613647, 0.004828847944736481], "motor_control": [[-661.5945434570312], [-1024.3968505859375]]}