{"plat_x": 0.20366069674491882, "plat_y": 0.8360850214958191, "plat_z": -0.11789940297603607, "EE_x": 0.20216381549835205, "EE_y": 0.9605721235275269, "EE_z": -0.10549135506153107, "p_zero": [-0.009404316544532776, 0.12679535150527954, 0.0020660609006881714], "motor_control": [[-232.56552124023438], [228.77456665039062]]}