{"plat_x": 0.20367492735385895, "plat_y": 0.836066484451294, "plat_z": -0.11789816617965698, "EE_x": 0.18305744230747223, "EE_y": 0.9314309358596802, "EE_z": -0.15317559242248535, "p_zero": [-0.009404316544532776, 0.12679535150527954, 0.0020660609006881714], "motor_control": [[1027.4383544921875], [-1688.3355712890625]]}