{"plat_x": 0.20366598665714264, "plat_y": 0.8360490202903748, "plat_z": -0.11790657043457031, "EE_x": 0.21985793113708496, "EE_y": 0.9393265247344971, "EE_z": -0.14632155001163483, "p_zero": [-0.005162492394447327, 0.12702172994613647, 0.004828847944736481], "motor_control": [[-696.352783203125], [-1342.2108154296875]]}