{"plat_x": 0.20367617905139923, "plat_y": 0.8360677361488342, "plat_z": -0.11792714148759842, "EE_x": 0.22239476442337036, "EE_y": 0.943153440952301, "EE_z": -0.13875077664852142, "p_zero": [-0.005162492394447327, 0.12702172994613647, 0.004828847944736481], "motor_control": [[-833.5195922851562], [-1113.495849609375]]}