{"plat_x": 0.20356576144695282, "plat_y": 0.8359183073043823, "plat_z": -0.11778731644153595, "EE_x": 0.16768419742584229, "EE_y": 0.9411007761955261, "EE_z": -0.08049139380455017, "p_zero": [-0.006122037768363953, 0.1271175742149353, 0.004081927239894867], "motor_control": [[1171.0096435546875], [1136.6507568359375]]}