{"plat_x": 0.20368975400924683, "plat_y": 0.8360999822616577, "plat_z": -0.11791890114545822, "EE_x": 0.1804395616054535, "EE_y": 0.9391584992408752, "EE_z": -0.06558631360530853, "p_zero": [-0.005162492394447327, 0.12702172994613647, 0.004828847944736481], "motor_control": [[617.5767822265625], [1549.2052001953125]]}