{"plat_x": 0.20356854796409607, "plat_y": 0.8359230756759644, "plat_z": -0.11778631806373596, "EE_x": 0.2085735946893692, "EE_y": 0.9371061325073242, "EE_z": -0.15706616640090942, "p_zero": [-0.006122037768363953, 0.1271175742149353, 0.004081927239894867], "motor_control": [[-161.27830505371094], [-1532.2205810546875]]}