{"plat_x": 0.20368902385234833, "plat_y": 0.8360614776611328, "plat_z": -0.11793448776006699, "EE_x": 0.20633073151111603, "EE_y": 0.9456415772438049, "EE_z": -0.14749327301979065, "p_zero": [-0.005162492394447327, 0.12702172994613647, 0.004828847944736481], "motor_control": [[-204.35479736328125], [-1137.7843017578125]]}