{"plat_x": 0.2036655992269516, "plat_y": 0.8360692262649536, "plat_z": -0.11791570484638214, "EE_x": 0.22612617909908295, "EE_y": 0.9541317224502563, "EE_z": -0.10964018851518631, "p_zero": [-0.005162492394447327, 0.12702172994613647, 0.004828847944736481], "motor_control": [[-785.4981079101562], [-58.72015380859375]]}