{"plat_x": 0.20368055999279022, "plat_y": 0.8360729813575745, "plat_z": -0.11792898178100586, "EE_x": 0.20122113823890686, "EE_y": 0.9614048004150391, "EE_z": -0.10697154700756073, "p_zero": [-0.005162492394447327, 0.12702172994613647, 0.004828847944736481], "motor_control": [[-195.4746856689453], [141.71115112304688]]}