{"plat_x": 0.20356540381908417, "plat_y": 0.8359239101409912, "plat_z": -0.11778192967176437, "EE_x": 0.16873323917388916, "EE_y": 0.9493440985679626, "EE_z": -0.12184765189886093, "p_zero": [-0.006122037768363953, 0.1271175742149353, 0.004081927239894867], "motor_control": [[1050.99267578125], [-328.32244873046875]]}