{"plat_x": 0.20356208086013794, "plat_y": 0.8359191417694092, "plat_z": -0.11778217554092407, "EE_x": 0.18740355968475342, "EE_y": 0.9543769359588623, "EE_z": -0.08585061132907867, "p_zero": [-0.006122037768363953, 0.1271175742149353, 0.004081927239894867], "motor_control": [[413.2817687988281], [696.9881591796875]]}