{"plat_x": 0.20356465876102448, "plat_y": 0.8359238505363464, "plat_z": -0.1177770271897316, "EE_x": 0.2158966064453125, "EE_y": 0.9573327898979187, "EE_z": -0.10133764147758484, "p_zero": [-0.006122037768363953, 0.1271175742149353, 0.004081927239894867], "motor_control": [[-517.744873046875], [220.53871154785156]]}