{"plat_x": 0.2036818116903305, "plat_y": 0.8360702991485596, "plat_z": -0.11792825162410736, "EE_x": 0.2159285694360733, "EE_y": 0.9552426338195801, "EE_z": -0.09371214359998703, "p_zero": [-0.005162492394447327, 0.12702172994613647, 0.004828847944736481], "motor_control": [[-594.4805297851562], [390.74237060546875]]}