{"plat_x": 0.20366866886615753, "plat_y": 0.8360607028007507, "plat_z": -0.11789538711309433, "EE_x": 0.1541588008403778, "EE_y": 0.9399985671043396, "EE_z": -0.10335735231637955, "p_zero": [-0.009404316544532776, 0.12679535150527954, 0.0020660609006881714], "motor_control": [[1565.2340087890625], [447.8678283691406]]}