{"plat_x": 0.2035653442144394, "plat_y": 0.8359261751174927, "plat_z": -0.11777769029140472, "EE_x": 0.21544338762760162, "EE_y": 0.9584653973579407, "EE_z": -0.11258333176374435, "p_zero": [-0.006122037768363953, 0.1271175742149353, 0.004081927239894867], "motor_control": [[-488.06103515625], [-29.215864181518555]]}