{"plat_x": 0.2036813348531723, "plat_y": 0.8360779285430908, "plat_z": -0.11793252825737, "EE_x": 0.166225403547287, "EE_y": 0.9501639008522034, "EE_z": -0.10472652316093445, "p_zero": [-0.005162492394447327, 0.12702172994613647, 0.004828847944736481], "motor_control": [[1053.7210693359375], [271.4859619140625]]}