{"plat_x": 0.20368443429470062, "plat_y": 0.8360756635665894, "plat_z": -0.11793667078018188, "EE_x": 0.20296913385391235, "EE_y": 0.9476112723350525, "EE_z": -0.14707805216312408, "p_zero": [-0.005162492394447327, 0.12702172994613647, 0.004828847944736481], "motor_control": [[3.0994937419891357], [-1065.5843505859375]]}