{"plat_x": 0.2036934345960617, "plat_y": 0.8360783457756042, "plat_z": -0.11793641746044159, "EE_x": 0.21100865304470062, "EE_y": 0.9518433809280396, "EE_z": -0.1347869485616684, "p_zero": [-0.005162492394447327, 0.12702172994613647, 0.004828847944736481], "motor_control": [[-342.2713928222656], [-773.4730834960938]]}