{"plat_x": 0.2035662680864334, "plat_y": 0.835925817489624, "plat_z": -0.11778195947408676, "EE_x": 0.18844561278820038, "EE_y": 0.9603660106658936, "EE_z": -0.11847908049821854, "p_zero": [-0.006122037768363953, 0.1271175742149353, 0.004081927239894867], "motor_control": [[191.9290008544922], [-93.85431671142578]]}