{"plat_x": 0.20356406271457672, "plat_y": 0.8359229564666748, "plat_z": -0.11777812242507935, "EE_x": 0.15701638162136078, "EE_y": 0.935284435749054, "EE_z": -0.08619481325149536, "p_zero": [-0.006122037768363953, 0.1271175742149353, 0.004081927239894867], "motor_control": [[1603.5986328125], [1060.660888671875]]}