{"plat_x": 0.20365634560585022, "plat_y": 0.8360774517059326, "plat_z": -0.11789963394403458, "EE_x": 0.17833782732486725, "EE_y": 0.9571502208709717, "EE_z": -0.117510586977005, "p_zero": [-0.009404316544532776, 0.12679535150527954, 0.0020660609006881714], "motor_control": [[647.8771362304688], [-7.982780933380127]]}