{"plat_x": 0.2036730796098709, "plat_y": 0.8360605239868164, "plat_z": -0.11792407929897308, "EE_x": 0.20798766613006592, "EE_y": 0.959199070930481, "EE_z": -0.11789276450872421, "p_zero": [-0.005162492394447327, 0.12702172994613647, 0.004828847944736481], "motor_control": [[-322.41619873046875], [-216.1250762939453]]}