{"plat_x": 0.20356246829032898, "plat_y": 0.835928738117218, "plat_z": -0.11777570098638535, "EE_x": 0.19397535920143127, "EE_y": 0.9625517725944519, "EE_z": -0.11320362240076065, "p_zero": [-0.006122037768363953, 0.1271175742149353, 0.004081927239894867], "motor_control": [[3.254448652267456], [42.23919677734375]]}