{"plat_x": 0.20356498658657074, "plat_y": 0.8359272480010986, "plat_z": -0.11777891218662262, "EE_x": 0.23923276364803314, "EE_y": 0.9375326037406921, "EE_z": -0.12481780350208282, "p_zero": [-0.006122037768363953, 0.1271175742149353, 0.004081927239894867], "motor_control": [[-1436.61669921875], [-930.3220825195312]]}