{"plat_x": 0.2035665065050125, "plat_y": 0.8359215259552002, "plat_z": -0.11778102070093155, "EE_x": 0.18679994344711304, "EE_y": 0.9514000415802002, "EE_z": -0.08079776912927628, "p_zero": [-0.006122037768363953, 0.1271175742149353, 0.004081927239894867], "motor_control": [[460.3852844238281], [927.9954223632812]]}