{"plat_x": 0.203676238656044, "plat_y": 0.8360621333122253, "plat_z": -0.11791568994522095, "EE_x": 0.19584454596042633, "EE_y": 0.9618062973022461, "EE_z": -0.11524312943220139, "p_zero": [-0.005162492394447327, 0.12702172994613647, 0.004828847944736481], "motor_control": [[115.36061096191406], [-49.13764953613281]]}