{"plat_x": 0.20356473326683044, "plat_y": 0.8359199166297913, "plat_z": -0.11778871715068817, "EE_x": 0.16422899067401886, "EE_y": 0.9494912624359131, "EE_z": -0.11164072901010513, "p_zero": [-0.006122037768363953, 0.1271175742149353, 0.004081927239894867], "motor_control": [[1129.7115478515625], [100.52166748046875]]}