{"plat_x": 0.20368051528930664, "plat_y": 0.8360570669174194, "plat_z": -0.11792993545532227, "EE_x": 0.17230074107646942, "EE_y": 0.9414216876029968, "EE_z": -0.07628653198480606, "p_zero": [-0.005162492394447327, 0.12702172994613647, 0.004828847944736481], "motor_control": [[1017.3148193359375], [1265.2274169921875]]}