{"plat_x": 0.20356543362140656, "plat_y": 0.8359261155128479, "plat_z": -0.11777383089065552, "EE_x": 0.195810928940773, "EE_y": 0.9458194375038147, "EE_z": -0.06646262109279633, "p_zero": [-0.006122037768363953, 0.1271175742149353, 0.004081927239894867], "motor_control": [[114.23633575439453], [1324.9029541015625]]}