{"plat_x": 0.2035616785287857, "plat_y": 0.8359274864196777, "plat_z": -0.11778266727924347, "EE_x": 0.16538137197494507, "EE_y": 0.9477106928825378, "EE_z": -0.12098319828510284, "p_zero": [-0.006122037768363953, 0.1271175742149353, 0.004081927239894867], "motor_control": [[1145.1302490234375], [-312.53448486328125]]}