{"plat_x": 0.2035689800977707, "plat_y": 0.8359229564666748, "plat_z": -0.11778982728719711, "EE_x": 0.24408452212810516, "EE_y": 0.9359804391860962, "EE_z": -0.09079645574092865, "p_zero": [-0.006122037768363953, 0.1271175742149353, 0.004081927239894867], "motor_control": [[-1633.596923828125], [564.40478515625]]}