{"plat_x": 0.20366890728473663, "plat_y": 0.8360677361488342, "plat_z": -0.1178910881280899, "EE_x": 0.21368952095508575, "EE_y": 0.9516904950141907, "EE_z": -0.08404040336608887, "p_zero": [-0.009404316544532776, 0.12679535150527954, 0.0020660609006881714], "motor_control": [[-627.1342163085938], [759.6951904296875]]}