{"plat_x": 0.20356585085391998, "plat_y": 0.8359216451644897, "plat_z": -0.11778311431407928, "EE_x": 0.21269255876541138, "EE_y": 0.9597614407539368, "EE_z": -0.10770521312952042, "p_zero": [-0.006122037768363953, 0.1271175742149353, 0.004081927239894867], "motor_control": [[-372.8536376953125], [79.04277801513672]]}