{"plat_x": 0.20357099175453186, "plat_y": 0.8359224796295166, "plat_z": -0.11778634786605835, "EE_x": 0.16190333664417267, "EE_y": 0.9447718262672424, "EE_z": -0.09537442028522491, "p_zero": [-0.006122037768363953, 0.1271175742149353, 0.004081927239894867], "motor_control": [[1270.545166015625], [580.1910400390625]]}