{"plat_x": 0.20356768369674683, "plat_y": 0.8359214663505554, "plat_z": -0.11778941750526428, "EE_x": 0.16122043132781982, "EE_y": 0.9379949569702148, "EE_z": -0.08352678269147873, "p_zero": [-0.006122037768363953, 0.1271175742149353, 0.004081927239894867], "motor_control": [[1406.4769287109375], [1090.7203369140625]]}