{"plat_x": 0.20364950597286224, "plat_y": 0.8360700607299805, "plat_z": -0.117897167801857, "EE_x": 0.18820232152938843, "EE_y": 0.9460086226463318, "EE_z": -0.06823183596134186, "p_zero": [-0.009404316544532776, 0.12679535150527954, 0.0020660609006881714], "motor_control": [[110.3230209350586], [1324.6004638671875]]}