{"plat_x": 0.20356665551662445, "plat_y": 0.8359239101409912, "plat_z": -0.1177838146686554, "EE_x": 0.20661461353302002, "EE_y": 0.9338017106056213, "EE_z": -0.057843200862407684, "p_zero": [-0.006122037768363953, 0.1271175742149353, 0.004081927239894867], "motor_control": [[-653.388671875], [1797.7008056640625]]}