{"plat_x": 0.20367573201656342, "plat_y": 0.8360791206359863, "plat_z": -0.11792004108428955, "EE_x": 0.18827523291110992, "EE_y": 0.9574528932571411, "EE_z": -0.08943472057580948, "p_zero": [-0.005162492394447327, 0.12702172994613647, 0.004828847944736481], "motor_control": [[35.39844512939453], [601.7184448242188]]}