{"plat_x": 0.20368660986423492, "plat_y": 0.8360825777053833, "plat_z": -0.11792977154254913, "EE_x": 0.2378743290901184, "EE_y": 0.9391758441925049, "EE_z": -0.08729588240385056, "p_zero": [-0.005162492394447327, 0.12702172994613647, 0.004828847944736481], "motor_control": [[-1458.3836669921875], [737.7339477539062]]}