{"plat_x": 0.20356567203998566, "plat_y": 0.8359212875366211, "plat_z": -0.11778323352336884, "EE_x": 0.19140945374965668, "EE_y": 0.9615432024002075, "EE_z": -0.11209588497877121, "p_zero": [-0.006122037768363953, 0.1271175742149353, 0.004081927239894867], "motor_control": [[44.15333557128906], [129.23602294921875]]}