{"plat_x": 0.20356686413288116, "plat_y": 0.8359235525131226, "plat_z": -0.11778449267148972, "EE_x": 0.2063020020723343, "EE_y": 0.9273034930229187, "EE_z": -0.16510598361492157, "p_zero": [-0.006122037768363953, 0.1271175742149353, 0.004081927239894867], "motor_control": [[-64.23926544189453], [-1964.7464599609375]]}