{"plat_x": 0.2037121206521988, "plat_y": 0.8361157178878784, "plat_z": -0.11794090270996094, "EE_x": 0.20368742942810059, "EE_y": 0.9491314888000488, "EE_z": -0.07281806319952011, "p_zero": [-0.005162492394447327, 0.12702172994613647, 0.004828847944736481], "motor_control": [[-273.6279296875], [1121.496337890625]]}