{"plat_x": 0.20369528234004974, "plat_y": 0.8360806107521057, "plat_z": -0.11795097589492798, "EE_x": 0.15834565460681915, "EE_y": 0.9416684508323669, "EE_z": -0.12045279890298843, "p_zero": [-0.005162492394447327, 0.12702172994613647, 0.004828847944736481], "motor_control": [[1503.8123779296875], [-363.71759033203125]]}