{"plat_x": 0.20368190109729767, "plat_y": 0.8360459804534912, "plat_z": -0.11794093251228333, "EE_x": 0.16746442019939423, "EE_y": 0.9500328898429871, "EE_z": -0.10102628171443939, "p_zero": [-0.005162492394447327, 0.12702172994613647, 0.004828847944736481], "motor_control": [[1011.1173095703125], [390.1643371582031]]}