{"plat_x": 0.20368503034114838, "plat_y": 0.8361085653305054, "plat_z": -0.11792424321174622, "EE_x": 0.2193351536989212, "EE_y": 0.9519432187080383, "EE_z": -0.08935777842998505, "p_zero": [-0.005162492394447327, 0.12702172994613647, 0.004828847944736481], "motor_control": [[-768.295166015625], [553.2173461914062]]}