{"plat_x": 0.20369382202625275, "plat_y": 0.8360787630081177, "plat_z": -0.11795386672019958, "EE_x": 0.1621459722518921, "EE_y": 0.9328364729881287, "EE_z": -0.13633474707603455, "p_zero": [-0.005162492394447327, 0.12702172994613647, 0.004828847944736481], "motor_control": [[1664.0343017578125], [-1099.2935791015625]]}