{"plat_x": 0.2036796361207962, "plat_y": 0.8360531330108643, "plat_z": -0.11793535202741623, "EE_x": 0.2194841057062149, "EE_y": 0.9559845924377441, "EE_z": -0.10327130556106567, "p_zero": [-0.005162492394447327, 0.12702172994613647, 0.004828847944736481], "motor_control": [[-645.655517578125], [188.12477111816406]]}