{"plat_x": 0.20368625223636627, "plat_y": 0.8360716104507446, "plat_z": -0.11792643368244171, "EE_x": 0.20647567510604858, "EE_y": 0.958328366279602, "EE_z": -0.125346377491951, "p_zero": [-0.005162492394447327, 0.12702172994613647, 0.004828847944736481], "motor_control": [[-215.68418884277344], [-324.4666748046875]]}