{"plat_x": 0.2035662978887558, "plat_y": 0.8359212875366211, "plat_z": -0.11778441816568375, "EE_x": 0.19741229712963104, "EE_y": 0.9604479074478149, "EE_z": -0.09660319238901138, "p_zero": [-0.006122037768363953, 0.1271175742149353, 0.004081927239894867], "motor_control": [[-3.3198912143707275], [384.52471923828125]]}