{"plat_x": 0.20368050038814545, "plat_y": 0.8360925316810608, "plat_z": -0.11790554225444794, "EE_x": 0.23173809051513672, "EE_y": 0.9381387829780579, "EE_z": -0.1349496841430664, "p_zero": [-0.009404316544532776, 0.12679535150527954, 0.0020660609006881714], "motor_control": [[-1208.9716796875], [-1151.6431884765625]]}