{"plat_x": 0.203682079911232, "plat_y": 0.8360686302185059, "plat_z": -0.11792914569377899, "EE_x": 0.212657168507576, "EE_y": 0.9519363045692444, "EE_z": -0.08395017683506012, "p_zero": [-0.005162492394447327, 0.12702172994613647, 0.004828847944736481], "motor_control": [[-604.5219116210938], [754.09423828125]]}