{"plat_x": 0.20368696749210358, "plat_y": 0.8360702395439148, "plat_z": -0.11794768273830414, "EE_x": 0.1767488718032837, "EE_y": 0.9429318904876709, "EE_z": -0.07404664158821106, "p_zero": [-0.005162492394447327, 0.12702172994613647, 0.004828847944736481], "motor_control": [[832.889892578125], [1268.513916015625]]}