{"plat_x": 0.20368820428848267, "plat_y": 0.8360676765441895, "plat_z": -0.11794059723615646, "EE_x": 0.213228240609169, "EE_y": 0.9425249099731445, "EE_z": -0.14771036803722382, "p_zero": [-0.005162492394447327, 0.12702172994613647, 0.004828847944736481], "motor_control": [[-421.6659851074219], [-1264.23193359375]]}