{"plat_x": 0.2036726325750351, "plat_y": 0.83607017993927, "plat_z": -0.11790952831506729, "EE_x": 0.1919284611940384, "EE_y": 0.9508714079856873, "EE_z": -0.0750291496515274, "p_zero": [-0.009404316544532776, 0.12679535150527954, 0.0020660609006881714], "motor_control": [[-104.392333984375], [1101.020263671875]]}