{"plat_x": 0.2036582976579666, "plat_y": 0.836084246635437, "plat_z": -0.11790279299020767, "EE_x": 0.21474824845790863, "EE_y": 0.941462516784668, "EE_z": -0.14849022030830383, "p_zero": [-0.009404316544532776, 0.12679535150527954, 0.0020660609006881714], "motor_control": [[-494.5036315917969], [-1273.13037109375]]}