{"plat_x": 0.20368579030036926, "plat_y": 0.8360624313354492, "plat_z": -0.11793652921915054, "EE_x": 0.19259841740131378, "EE_y": 0.9473316669464111, "EE_z": -0.06916949898004532, "p_zero": [-0.005162492394447327, 0.12702172994613647, 0.004828847944736481], "motor_control": [[199.49899291992188], [1235.1756591796875]]}