{"plat_x": 0.20367370545864105, "plat_y": 0.8360800743103027, "plat_z": -0.11789893358945847, "EE_x": 0.20517966151237488, "EE_y": 0.939848005771637, "EE_z": -0.06119980663061142, "p_zero": [-0.009404316544532776, 0.12679535150527954, 0.0020660609006881714], "motor_control": [[-339.0502014160156], [1560.79150390625]]}