{"plat_x": 0.20369164645671844, "plat_y": 0.8360636830329895, "plat_z": -0.1179470345377922, "EE_x": 0.21055994927883148, "EE_y": 0.9391416311264038, "EE_z": -0.1529070883989334, "p_zero": [-0.005162492394447327, 0.12702172994613647, 0.004828847944736481], "motor_control": [[-271.73614501953125], [-1445.020751953125]]}