{"plat_x": 0.20367155969142914, "plat_y": 0.8360844850540161, "plat_z": -0.11789561808109283, "EE_x": 0.21805237233638763, "EE_y": 0.9539607167243958, "EE_z": -0.09307573735713959, "p_zero": [-0.009404316544532776, 0.12679535150527954, 0.0020660609006881714], "motor_control": [[-665.8065185546875], [457.39410400390625]]}