{"plat_x": 0.20366214215755463, "plat_y": 0.8360872864723206, "plat_z": -0.11789905279874802, "EE_x": 0.16110216081142426, "EE_y": 0.9420183300971985, "EE_z": -0.12474314123392105, "p_zero": [-0.009404316544532776, 0.12679535150527954, 0.0020660609006881714], "motor_control": [[1428.4166259765625], [-504.86669921875]]}