{"plat_x": 0.203691765666008, "plat_y": 0.8360992074012756, "plat_z": -0.1179230585694313, "EE_x": 0.22059884667396545, "EE_y": 0.9561121463775635, "EE_z": -0.1030665785074234, "p_zero": [-0.005162492394447327, 0.12702172994613647, 0.004828847944736481], "motor_control": [[-641.691650390625], [167.66014099121094]]}