{"plat_x": 0.2035648226737976, "plat_y": 0.8359271883964539, "plat_z": -0.11778253316879272, "EE_x": 0.1926862746477127, "EE_y": 0.9617773294448853, "EE_z": -0.10764320194721222, "p_zero": [-0.006122037768363953, 0.1271175742149353, 0.004081927239894867], "motor_control": [[9.28680419921875], [186.99771118164062]]}