{"plat_x": 0.20368535816669464, "plat_y": 0.8360621929168701, "plat_z": -0.11794102191925049, "EE_x": 0.24899190664291382, "EE_y": 0.9315096139907837, "EE_z": -0.11643930524587631, "p_zero": [-0.005162492394447327, 0.12702172994613647, 0.004828847944736481], "motor_control": [[-1823.5299072265625], [-746.3456420898438]]}