{"plat_x": 0.20356033742427826, "plat_y": 0.8359258770942688, "plat_z": -0.11777713894844055, "EE_x": 0.2040826976299286, "EE_y": 0.9541788697242737, "EE_z": -0.1347171515226364, "p_zero": [-0.006122037768363953, 0.1271175742149353, 0.004081927239894867], "motor_control": [[-148.09483337402344], [-681.9910278320312]]}