{"plat_x": 0.20369508862495422, "plat_y": 0.8360682129859924, "plat_z": -0.11795081198215485, "EE_x": 0.20183472335338593, "EE_y": 0.9304109811782837, "EE_z": -0.16380611062049866, "p_zero": [-0.005162492394447327, 0.12702172994613647, 0.004828847944736481], "motor_control": [[62.006065368652344], [-1822.93212890625]]}