{"plat_x": 0.2036864459514618, "plat_y": 0.8360689878463745, "plat_z": -0.11793114989995956, "EE_x": 0.2068023681640625, "EE_y": 0.9575068950653076, "EE_z": -0.0938064232468605, "p_zero": [-0.005162492394447327, 0.12702172994613647, 0.004828847944736481], "motor_control": [[-370.7911682128906], [425.08245849609375]]}