{"plat_x": 0.20356449484825134, "plat_y": 0.8359244465827942, "plat_z": -0.11777454614639282, "EE_x": 0.18190637230873108, "EE_y": 0.9496474862098694, "EE_z": -0.08044737577438354, "p_zero": [-0.006122037768363953, 0.1271175742149353, 0.004081927239894867], "motor_control": [[546.1793823242188], [993.5955200195312]]}