{"plat_x": 0.203561469912529, "plat_y": 0.835924506187439, "plat_z": -0.11777698993682861, "EE_x": 0.1802050918340683, "EE_y": 0.9554769992828369, "EE_z": -0.09643101692199707, "p_zero": [-0.006122037768363953, 0.1271175742149353, 0.004081927239894867], "motor_control": [[583.8339233398438], [451.1748352050781]]}