{"plat_x": 0.20369133353233337, "plat_y": 0.8360520601272583, "plat_z": -0.11792662739753723, "EE_x": 0.2084832787513733, "EE_y": 0.9473276138305664, "EE_z": -0.07236137241125107, "p_zero": [-0.005162492394447327, 0.12702172994613647, 0.004828847944736481], "motor_control": [[-455.12530517578125], [1141.46240234375]]}