{"plat_x": 0.20356658101081848, "plat_y": 0.8359209299087524, "plat_z": -0.11778241395950317, "EE_x": 0.18007399141788483, "EE_y": 0.9493120908737183, "EE_z": -0.08211196959018707, "p_zero": [-0.006122037768363953, 0.1271175742149353, 0.004081927239894867], "motor_control": [[692.2789306640625], [937.732421875]]}