{"plat_x": 0.20368215441703796, "plat_y": 0.8360729813575745, "plat_z": -0.1179371327161789, "EE_x": 0.22164009511470795, "EE_y": 0.954276978969574, "EE_z": -0.11955778300762177, "p_zero": [-0.005162492394447327, 0.12702172994613647, 0.004828847944736481], "motor_control": [[-619.1686401367188], [-329.7244567871094]]}