{"plat_x": 0.20356608927249908, "plat_y": 0.8359242677688599, "plat_z": -0.11777816712856293, "EE_x": 0.2010018676519394, "EE_y": 0.9598638415336609, "EE_z": -0.10022038221359253, "p_zero": [-0.006122037768363953, 0.1271175742149353, 0.004081927239894867], "motor_control": [[-219.79257202148438], [319.7502746582031]]}