{"plat_x": 0.20367756485939026, "plat_y": 0.8360493779182434, "plat_z": -0.11793802678585052, "EE_x": 0.16324493288993835, "EE_y": 0.9415138959884644, "EE_z": -0.08770664036273956, "p_zero": [-0.005162492394447327, 0.12702172994613647, 0.004828847944736481], "motor_control": [[1312.4658203125], [952.9166870117188]]}