{"plat_x": 0.20369133353233337, "plat_y": 0.8360551595687866, "plat_z": -0.11794078350067139, "EE_x": 0.21812841296195984, "EE_y": 0.9523549675941467, "EE_z": -0.08968326449394226, "p_zero": [-0.005162492394447327, 0.12702172994613647, 0.004828847944736481], "motor_control": [[-751.8399658203125], [539.0193481445312]]}