{"plat_x": 0.2035694420337677, "plat_y": 0.8359229564666748, "plat_z": -0.11778385937213898, "EE_x": 0.22272323071956635, "EE_y": 0.9390501976013184, "EE_z": -0.14203597605228424, "p_zero": [-0.006122037768363953, 0.1271175742149353, 0.004081927239894867], "motor_control": [[-924.9632568359375], [-1345.91943359375]]}