{"plat_x": 0.2035677433013916, "plat_y": 0.8359229564666748, "plat_z": -0.11778300255537033, "EE_x": 0.18770061433315277, "EE_y": 0.9433338046073914, "EE_z": -0.06504738330841064, "p_zero": [-0.006122037768363953, 0.1271175742149353, 0.004081927239894867], "motor_control": [[218.52293395996094], [1420.798828125]]}