{"plat_x": 0.2036810964345932, "plat_y": 0.8360874652862549, "plat_z": -0.11793089658021927, "EE_x": 0.15005308389663696, "EE_y": 0.9333338737487793, "EE_z": -0.09851587563753128, "p_zero": [-0.005162492394447327, 0.12702172994613647, 0.004828847944736481], "motor_control": [[1850.3095703125], [692.6211547851562]]}