{"plat_x": 0.20367936789989471, "plat_y": 0.836061418056488, "plat_z": -0.11793449521064758, "EE_x": 0.1659661829471588, "EE_y": 0.9425543546676636, "EE_z": -0.12834598124027252, "p_zero": [-0.005162492394447327, 0.12702172994613647, 0.004828847944736481], "motor_control": [[1354.7972412109375], [-690.6690673828125]]}