{"plat_x": 0.20367304980754852, "plat_y": 0.8360827565193176, "plat_z": -0.11791684478521347, "EE_x": 0.1779080629348755, "EE_y": 0.947684645652771, "EE_z": -0.13325023651123047, "p_zero": [-0.005162492394447327, 0.12702172994613647, 0.004828847944736481], "motor_control": [[903.476318359375], [-751.255859375]]}