{"plat_x": 0.20369113981723785, "plat_y": 0.8361055850982666, "plat_z": -0.11792340874671936, "EE_x": 0.2377779334783554, "EE_y": 0.936919093132019, "EE_z": -0.12907786667346954, "p_zero": [-0.005162492394447327, 0.12702172994613647, 0.004828847944736481], "motor_control": [[-1376.84716796875], [-1008.6123046875]]}