{"plat_x": 0.20356833934783936, "plat_y": 0.8359240889549255, "plat_z": -0.11778508871793747, "EE_x": 0.19626159965991974, "EE_y": 0.9615457057952881, "EE_z": -0.11340092867612839, "p_zero": [-0.006122037768363953, 0.1271175742149353, 0.004081927239894867], "motor_control": [[-102.32721710205078], [85.19136810302734]]}