{"plat_x": 0.20367978513240814, "plat_y": 0.836061954498291, "plat_z": -0.11792397499084473, "EE_x": 0.19645752012729645, "EE_y": 0.9616696834564209, "EE_z": -0.10517627000808716, "p_zero": [-0.005162492394447327, 0.12702172994613647, 0.004828847944736481], "motor_control": [[-10.632452011108398], [241.26705932617188]]}