{"plat_x": 0.20357008278369904, "plat_y": 0.8359245657920837, "plat_z": -0.11778353154659271, "EE_x": 0.22437170147895813, "EE_y": 0.9364607334136963, "EE_z": -0.0688815787434578, "p_zero": [-0.006122037768363953, 0.1271175742149353, 0.004081927239894867], "motor_control": [[-1170.250732421875], [1342.2215576171875]]}