{"plat_x": 0.2035626620054245, "plat_y": 0.8359248638153076, "plat_z": -0.11777549982070923, "EE_x": 0.19923865795135498, "EE_y": 0.9370909929275513, "EE_z": -0.057273220270872116, "p_zero": [-0.006122037768363953, 0.1271175742149353, 0.004081927239894867], "motor_control": [[-217.95033264160156], [1716.9287109375]]}