{"plat_x": 0.20356880128383636, "plat_y": 0.8359226584434509, "plat_z": -0.11778319627046585, "EE_x": 0.21327313780784607, "EE_y": 0.9573401808738708, "EE_z": -0.09875129163265228, "p_zero": [-0.006122037768363953, 0.1271175742149353, 0.004081927239894867], "motor_control": [[-498.9228515625], [264.3405456542969]]}