{"plat_x": 0.20367608964443207, "plat_y": 0.836068332195282, "plat_z": -0.11791709810495377, "EE_x": 0.15973502397537231, "EE_y": 0.9411612153053284, "EE_z": -0.09172675013542175, "p_zero": [-0.005162492394447327, 0.12702172994613647, 0.004828847944736481], "motor_control": [[1401.610107421875], [772.5886840820312]]}