{"plat_x": 0.203690305352211, "plat_y": 0.8360980153083801, "plat_z": -0.1179298684000969, "EE_x": 0.18011486530303955, "EE_y": 0.9581878185272217, "EE_z": -0.11226031184196472, "p_zero": [-0.005162492394447327, 0.12702172994613647, 0.004828847944736481], "motor_control": [[568.7970581054688], [38.74204635620117]]}