{"plat_x": 0.20368126034736633, "plat_y": 0.8360732197761536, "plat_z": -0.11793670058250427, "EE_x": 0.20682211220264435, "EE_y": 0.9598768353462219, "EE_z": -0.1206335797905922, "p_zero": [-0.005162492394447327, 0.12702172994613647, 0.004828847944736481], "motor_control": [[-239.2024688720703], [-165.7270965576172]]}