{"plat_x": 0.2035660594701767, "plat_y": 0.8359237313270569, "plat_z": -0.11778313666582108, "EE_x": 0.20301708579063416, "EE_y": 0.9555850625038147, "EE_z": -0.08495017141103745, "p_zero": [-0.006122037768363953, 0.1271175742149353, 0.004081927239894867], "motor_control": [[-217.96177673339844], [667.4046630859375]]}