{"plat_x": 0.20356501638889313, "plat_y": 0.8359283208847046, "plat_z": -0.11777760088443756, "EE_x": 0.1869492530822754, "EE_y": 0.9535409212112427, "EE_z": -0.08515336364507675, "p_zero": [-0.006122037768363953, 0.1271175742149353, 0.004081927239894867], "motor_control": [[411.6288757324219], [785.4852294921875]]}