{"plat_x": 0.2035617083311081, "plat_y": 0.8359260559082031, "plat_z": -0.11777499318122864, "EE_x": 0.1743677705526352, "EE_y": 0.9523089528083801, "EE_z": -0.12258870154619217, "p_zero": [-0.006122037768363953, 0.1271175742149353, 0.004081927239894867], "motor_control": [[864.5406494140625], [-289.3715515136719]]}