{"plat_x": 0.2036711722612381, "plat_y": 0.836071252822876, "plat_z": -0.11790730059146881, "EE_x": 0.20508244633674622, "EE_y": 0.9384773373603821, "EE_z": -0.15654943883419037, "p_zero": [-0.005162492394447327, 0.12702172994613647, 0.004828847944736481], "motor_control": [[-71.63560485839844], [-1474.135498046875]]}