{"plat_x": 0.20368507504463196, "plat_y": 0.8360863327980042, "plat_z": -0.11793207377195358, "EE_x": 0.17598381638526917, "EE_y": 0.9552217125892639, "EE_z": -0.11844909191131592, "p_zero": [-0.005162492394447327, 0.12702172994613647, 0.004828847944736481], "motor_control": [[763.2205810546875], [-98.14388275146484]]}