{"plat_x": 0.20356996357440948, "plat_y": 0.8359220623970032, "plat_z": -0.11778850853443146, "EE_x": 0.20501309633255005, "EE_y": 0.9519773721694946, "EE_z": -0.08018743246793747, "p_zero": [-0.006122037768363953, 0.1271175742149353, 0.004081927239894867], "motor_control": [[-414.0364990234375], [914.43359375]]}