{"plat_x": 0.20368151366710663, "plat_y": 0.8360865116119385, "plat_z": -0.11792358756065369, "EE_x": 0.15662971138954163, "EE_y": 0.9381857514381409, "EE_z": -0.12382612377405167, "p_zero": [-0.005162492394447327, 0.12702172994613647, 0.004828847944736481], "motor_control": [[1643.188720703125], [-515.4202270507812]]}