{"plat_x": 0.2035648077726364, "plat_y": 0.8359225988388062, "plat_z": -0.11777492612600327, "EE_x": 0.24461247026920319, "EE_y": 0.9408391118049622, "EE_z": -0.10864220559597015, "p_zero": [-0.006122037768363953, 0.1271175742149353, 0.004081927239894867], "motor_control": [[-1473.4940185546875], [-137.5221405029297]]}