{"plat_x": 0.20370031893253326, "plat_y": 0.8361024260520935, "plat_z": -0.1179424375295639, "EE_x": 0.18581293523311615, "EE_y": 0.9594194293022156, "EE_z": -0.10718672722578049, "p_zero": [-0.005162492394447327, 0.12702172994613647, 0.004828847944736481], "motor_control": [[394.3771667480469], [192.656494140625]]}