{"plat_x": 0.20356743037700653, "plat_y": 0.8359312415122986, "plat_z": -0.11777815967798233, "EE_x": 0.24541328847408295, "EE_y": 0.9378880262374878, "EE_z": -0.10741373151540756, "p_zero": [-0.006122037768363953, 0.1271175742149353, 0.004081927239894867], "motor_control": [[-1630.2120361328125], [-351.7627868652344]]}