{"plat_x": 0.20369766652584076, "plat_y": 0.8361242413520813, "plat_z": -0.11790088564157486, "EE_x": 0.24504968523979187, "EE_y": 0.9403023719787598, "EE_z": -0.10494520515203476, "p_zero": [-0.009404316544532776, 0.12679535150527954, 0.0020660609006881714], "motor_control": [[-1555.9947509765625], [-132.0146026611328]]}