{"plat_x": 0.2036990374326706, "plat_y": 0.8360791206359863, "plat_z": -0.11795565485954285, "EE_x": 0.1778288632631302, "EE_y": 0.9500433802604675, "EE_z": -0.13040323555469513, "p_zero": [-0.005162492394447327, 0.12702172994613647, 0.004828847944736481], "motor_control": [[856.11865234375], [-585.767822265625]]}