{"plat_x": 0.20367419719696045, "plat_y": 0.8360834121704102, "plat_z": -0.11790864169597626, "EE_x": 0.20270167291164398, "EE_y": 0.9575740098953247, "EE_z": -0.129354789853096, "p_zero": [-0.009404316544532776, 0.12679535150527954, 0.0020660609006881714], "motor_control": [[-85.60467529296875], [-439.69970703125]]}