{"plat_x": 0.2036854773759842, "plat_y": 0.8360575437545776, "plat_z": -0.11794076859951019, "EE_x": 0.16545693576335907, "EE_y": 0.9409388899803162, "EE_z": -0.12940596044063568, "p_zero": [-0.005162492394447327, 0.12702172994613647, 0.004828847944736481], "motor_control": [[1420.7938232421875], [-777.0794677734375]]}