{"plat_x": 0.2036937177181244, "plat_y": 0.8360663652420044, "plat_z": -0.11794457584619522, "EE_x": 0.19542288780212402, "EE_y": 0.9375407695770264, "EE_z": -0.05713938921689987, "p_zero": [-0.005162492394447327, 0.12702172994613647, 0.004828847944736481], "motor_control": [[-137.95237731933594], [1720.69140625]]}