{"plat_x": 0.2035701721906662, "plat_y": 0.8359239101409912, "plat_z": -0.11778479069471359, "EE_x": 0.21458503603935242, "EE_y": 0.9564592838287354, "EE_z": -0.11750136315822601, "p_zero": [-0.006122037768363953, 0.1271175742149353, 0.004081927239894867], "motor_control": [[-508.44427490234375], [-315.5672302246094]]}