{"plat_x": 0.20369499921798706, "plat_y": 0.8360809087753296, "plat_z": -0.11794482916593552, "EE_x": 0.17965112626552582, "EE_y": 0.9479288458824158, "EE_z": -0.13423560559749603, "p_zero": [-0.005162492394447327, 0.12702172994613647, 0.004828847944736481], "motor_control": [[856.9005737304688], [-772.43017578125]]}