{"plat_x": 0.20366980135440826, "plat_y": 0.836052417755127, "plat_z": -0.11789276450872421, "EE_x": 0.18326078355312347, "EE_y": 0.9587810039520264, "EE_z": -0.11596351116895676, "p_zero": [-0.009404316544532776, 0.12679535150527954, 0.0020660609006881714], "motor_control": [[532.5396118164062], [-22.462308883666992]]}