{"plat_x": 0.20368778705596924, "plat_y": 0.8360500335693359, "plat_z": -0.11794791370630264, "EE_x": 0.21403467655181885, "EE_y": 0.9534595012664795, "EE_z": -0.12922601401805878, "p_zero": [-0.005162492394447327, 0.12702172994613647, 0.004828847944736481], "motor_control": [[-435.794189453125], [-610.7726440429688]]}