{"plat_x": 0.20368517935276031, "plat_y": 0.8360805511474609, "plat_z": -0.11792928725481033, "EE_x": 0.172433003783226, "EE_y": 0.9528882503509521, "EE_z": -0.1008141040802002, "p_zero": [-0.005162492394447327, 0.12702172994613647, 0.004828847944736481], "motor_control": [[863.9385986328125], [339.1938171386719]]}