{"plat_x": 0.20356132090091705, "plat_y": 0.8359259366989136, "plat_z": -0.11777786165475845, "EE_x": 0.18601612746715546, "EE_y": 0.9573495388031006, "EE_z": -0.12250272929668427, "p_zero": [-0.006122037768363953, 0.1271175742149353, 0.004081927239894867], "motor_control": [[494.3365173339844], [-236.265869140625]]}