{"plat_x": 0.20367524027824402, "plat_y": 0.8360862731933594, "plat_z": -0.11789579689502716, "EE_x": 0.19298666715621948, "EE_y": 0.9621164798736572, "EE_z": -0.11751819401979446, "p_zero": [-0.009404316544532776, 0.12679535150527954, 0.0020660609006881714], "motor_control": [[27.83652114868164], [14.80296516418457]]}