{"plat_x": 0.20368458330631256, "plat_y": 0.8360677361488342, "plat_z": -0.11793270707130432, "EE_x": 0.22075255215168, "EE_y": 0.955470860004425, "EE_z": -0.1156315803527832, "p_zero": [-0.005162492394447327, 0.12702172994613647, 0.004828847944736481], "motor_control": [[-627.2300415039062], [-202.15460205078125]]}