{"plat_x": 0.20368856191635132, "plat_y": 0.8360657691955566, "plat_z": -0.11793252825737, "EE_x": 0.1919395923614502, "EE_y": 0.9606808423995972, "EE_z": -0.1204032152891159, "p_zero": [-0.005162492394447327, 0.12702172994613647, 0.004828847944736481], "motor_control": [[173.1133575439453], [-101.67039489746094]]}