{"plat_x": 0.20356526970863342, "plat_y": 0.8359248638153076, "plat_z": -0.11778026819229126, "EE_x": 0.1966351717710495, "EE_y": 0.9486099481582642, "EE_z": -0.14463657140731812, "p_zero": [-0.006122037768363953, 0.1271175742149353, 0.004081927239894867], "motor_control": [[160.80197143554688], [-979.4740600585938]]}