{"plat_x": 0.20368443429470062, "plat_y": 0.8360715508460999, "plat_z": -0.11792303621768951, "EE_x": 0.1820383220911026, "EE_y": 0.938018262386322, "EE_z": -0.14585226774215698, "p_zero": [-0.005162492394447327, 0.12702172994613647, 0.004828847944736481], "motor_control": [[1050.19384765625], [-1384.65673828125]]}