{"plat_x": 0.20356440544128418, "plat_y": 0.8359262347221375, "plat_z": -0.11777396500110626, "EE_x": 0.22654445469379425, "EE_y": 0.9489966630935669, "EE_z": -0.12032115459442139, "p_zero": [-0.006122037768363953, 0.1271175742149353, 0.004081927239894867], "motor_control": [[-953.0601196289062], [-590.7933349609375]]}