{"plat_x": 0.2035609930753708, "plat_y": 0.8359234929084778, "plat_z": -0.11777915060520172, "EE_x": 0.16748787462711334, "EE_y": 0.950965404510498, "EE_z": -0.11781809478998184, "p_zero": [-0.006122037768363953, 0.1271175742149353, 0.004081927239894867], "motor_control": [[1024.991943359375], [-96.43746185302734]]}