{"plat_x": 0.2035655677318573, "plat_y": 0.8359246253967285, "plat_z": -0.11777959764003754, "EE_x": 0.19191232323646545, "EE_y": 0.9585525989532471, "EE_z": -0.09203171730041504, "p_zero": [-0.006122037768363953, 0.1271175742149353, 0.004081927239894867], "motor_control": [[45.49773025512695], [520.8742065429688]]}