{"plat_x": 0.20369650423526764, "plat_y": 0.8360854387283325, "plat_z": -0.11794716119766235, "EE_x": 0.19295942783355713, "EE_y": 0.953445315361023, "EE_z": -0.0790986567735672, "p_zero": [-0.005162492394447327, 0.12702172994613647, 0.004828847944736481], "motor_control": [[-93.46319580078125], [893.928955078125]]}