{"plat_x": 0.20368878543376923, "plat_y": 0.8360737562179565, "plat_z": -0.11793060600757599, "EE_x": 0.19789689779281616, "EE_y": 0.9611716270446777, "EE_z": -0.12215570360422134, "p_zero": [-0.005162492394447327, 0.12702172994613647, 0.004828847944736481], "motor_control": [[-2.2587826251983643], [-170.95204162597656]]}