{"plat_x": 0.20367956161499023, "plat_y": 0.8361028432846069, "plat_z": -0.11789793521165848, "EE_x": 0.2060219943523407, "EE_y": 0.9585014581680298, "EE_z": -0.1245063841342926, "p_zero": [-0.009404316544532776, 0.12679535150527954, 0.0020660609006881714], "motor_control": [[-246.65020751953125], [-293.80804443359375]]}