{"plat_x": 0.20368097722530365, "plat_y": 0.8360649347305298, "plat_z": -0.11792979389429092, "EE_x": 0.19386214017868042, "EE_y": 0.9450827240943909, "EE_z": -0.06599894165992737, "p_zero": [-0.005162492394447327, 0.12702172994613647, 0.004828847944736481], "motor_control": [[167.849609375], [1356.1265869140625]]}