{"plat_x": 0.2036796361207962, "plat_y": 0.8360822200775146, "plat_z": -0.11790906637907028, "EE_x": 0.17739157378673553, "EE_y": 0.9549418091773987, "EE_z": -0.12014413625001907, "p_zero": [-0.009404316544532776, 0.12679535150527954, 0.0020660609006881714], "motor_control": [[732.7835693359375], [-181.09307861328125]]}