{"plat_x": 0.20368972420692444, "plat_y": 0.8361082673072815, "plat_z": -0.11792566627264023, "EE_x": 0.16866521537303925, "EE_y": 0.951650857925415, "EE_z": -0.10595265030860901, "p_zero": [-0.005162492394447327, 0.12702172994613647, 0.004828847944736481], "motor_control": [[966.80224609375], [255.3275909423828]]}