{"plat_x": 0.20366905629634857, "plat_y": 0.8360692262649536, "plat_z": -0.1179124265909195, "EE_x": 0.20652233064174652, "EE_y": 0.9454425573348999, "EE_z": -0.1475009173154831, "p_zero": [-0.005162492394447327, 0.12702172994613647, 0.004828847944736481], "motor_control": [[-193.12391662597656], [-1165.0252685546875]]}