{"plat_x": 0.20369824767112732, "plat_y": 0.8360986709594727, "plat_z": -0.11794187873601913, "EE_x": 0.19292575120925903, "EE_y": 0.96239173412323, "EE_z": -0.11468555778265, "p_zero": [-0.005162492394447327, 0.12702172994613647, 0.004828847944736481], "motor_control": [[1.3517597913742065], [25.01285743713379]]}