{"plat_x": 0.203683003783226, "plat_y": 0.8360607624053955, "plat_z": -0.11793576180934906, "EE_x": 0.19266162812709808, "EE_y": 0.9438824653625488, "EE_z": -0.14746934175491333, "p_zero": [-0.005162492394447327, 0.12702172994613647, 0.004828847944736481], "motor_control": [[467.6208801269531], [-1187.6654052734375]]}