{"plat_x": 0.203658327460289, "plat_y": 0.8360865712165833, "plat_z": -0.11789986491203308, "EE_x": 0.22114799916744232, "EE_y": 0.9548287987709045, "EE_z": -0.11831317096948624, "p_zero": [-0.009404316544532776, 0.12679535150527954, 0.0020660609006881714], "motor_control": [[-660.137451171875], [-193.0288848876953]]}