{"plat_x": 0.20370103418827057, "plat_y": 0.8360797166824341, "plat_z": -0.11796292662620544, "EE_x": 0.20472192764282227, "EE_y": 0.9410814046859741, "EE_z": -0.15383271872997284, "p_zero": [-0.005162492394447327, 0.12702172994613647, 0.004828847944736481], "motor_control": [[-125.76725006103516], [-1371.396484375]]}