{"plat_x": 0.20367811620235443, "plat_y": 0.836084246635437, "plat_z": -0.11789831519126892, "EE_x": 0.22913604974746704, "EE_y": 0.9491580724716187, "EE_z": -0.11997593194246292, "p_zero": [-0.009404316544532776, 0.12679535150527954, 0.0020660609006881714], "motor_control": [[-982.265380859375], [-454.2452087402344]]}