{"plat_x": 0.20367620885372162, "plat_y": 0.8360579013824463, "plat_z": -0.11792239546775818, "EE_x": 0.18218018114566803, "EE_y": 0.9559692144393921, "EE_z": -0.09672630578279495, "p_zero": [-0.005162492394447327, 0.12702172994613647, 0.004828847944736481], "motor_control": [[590.84130859375], [429.8800354003906]]}