{"plat_x": 0.20367242395877838, "plat_y": 0.836081862449646, "plat_z": -0.11789847165346146, "EE_x": 0.18646322190761566, "EE_y": 0.956302285194397, "EE_z": -0.09100990742444992, "p_zero": [-0.009404316544532776, 0.12679535150527954, 0.0020660609006881714], "motor_control": [[355.3276062011719], [568.4047241210938]]}