{"plat_x": 0.20367205142974854, "plat_y": 0.8360680341720581, "plat_z": -0.11791356652975082, "EE_x": 0.21068964898586273, "EE_y": 0.9329338669776917, "EE_z": -0.058536991477012634, "p_zero": [-0.005162492394447327, 0.12702172994613647, 0.004828847944736481], "motor_control": [[-822.2936401367188], [1788.6597900390625]]}