{"plat_x": 0.20357142388820648, "plat_y": 0.8359249830245972, "plat_z": -0.11778327822685242, "EE_x": 0.22893010079860687, "EE_y": 0.9444386959075928, "EE_z": -0.12605562806129456, "p_zero": [-0.006122037768363953, 0.1271175742149353, 0.004081927239894867], "motor_control": [[-1086.4896240234375], [-858.29638671875]]}