{"plat_x": 0.20368489623069763, "plat_y": 0.8360595107078552, "plat_z": -0.11794282495975494, "EE_x": 0.17978058755397797, "EE_y": 0.9335281252861023, "EE_z": -0.06033831462264061, "p_zero": [-0.005162492394447327, 0.12702172994613647, 0.004828847944736481], "motor_control": [[704.7698364257812], [1798.2977294921875]]}