{"plat_x": 0.20369768142700195, "plat_y": 0.8360778093338013, "plat_z": -0.11794871091842651, "EE_x": 0.19421136379241943, "EE_y": 0.9617473483085632, "EE_z": -0.11818979680538177, "p_zero": [-0.005162492394447327, 0.12702172994613647, 0.004828847944736481], "motor_control": [[121.37358856201172], [-44.93902587890625]]}