{"plat_x": 0.2036752998828888, "plat_y": 0.8360727429389954, "plat_z": -0.11792728304862976, "EE_x": 0.20755144953727722, "EE_y": 0.9321197867393494, "EE_z": -0.16044247150421143, "p_zero": [-0.005162492394447327, 0.12702172994613647, 0.004828847944736481], "motor_control": [[-248.37181091308594], [-1740.0352783203125]]}