{"plat_x": 0.20368310809135437, "plat_y": 0.83608078956604, "plat_z": -0.11792051792144775, "EE_x": 0.219336599111557, "EE_y": 0.9362590909004211, "EE_z": -0.06530313193798065, "p_zero": [-0.005162492394447327, 0.12702172994613647, 0.004828847944736481], "motor_control": [[-1036.48583984375], [1476.6290283203125]]}