{"plat_x": 0.2036878764629364, "plat_y": 0.8360565900802612, "plat_z": -0.1179380714893341, "EE_x": 0.2118215560913086, "EE_y": 0.9482375383377075, "EE_z": -0.13983330130577087, "p_zero": [-0.005162492394447327, 0.12702172994613647, 0.004828847944736481], "motor_control": [[-391.9182434082031], [-988.12890625]]}