{"plat_x": 0.20356886088848114, "plat_y": 0.8359256386756897, "plat_z": -0.11778347194194794, "EE_x": 0.22610749304294586, "EE_y": 0.9496446847915649, "EE_z": -0.12132646888494492, "p_zero": [-0.006122037768363953, 0.1271175742149353, 0.004081927239894867], "motor_control": [[-893.3395385742188], [-569.1041259765625]]}