{"plat_x": 0.2036905139684677, "plat_y": 0.8360951542854309, "plat_z": -0.11790507286787033, "EE_x": 0.2470681369304657, "EE_y": 0.9347971081733704, "EE_z": -0.111281618475914, "p_zero": [-0.009404316544532776, 0.12679535150527954, 0.0020660609006881714], "motor_control": [[-1758.1787109375], [-550.2606201171875]]}