{"plat_x": 0.2036651074886322, "plat_y": 0.8360878229141235, "plat_z": -0.11789954453706741, "EE_x": 0.18348470330238342, "EE_y": 0.9550162553787231, "EE_z": -0.09108259528875351, "p_zero": [-0.009404316544532776, 0.12679535150527954, 0.0020660609006881714], "motor_control": [[454.2703552246094], [606.1317749023438]]}