{"plat_x": 0.20368340611457825, "plat_y": 0.8360595703125, "plat_z": -0.1179429218173027, "EE_x": 0.1926773488521576, "EE_y": 0.9483153223991394, "EE_z": -0.07000507414340973, "p_zero": [-0.005162492394447327, 0.12702172994613647, 0.004828847944736481], "motor_control": [[49.11960220336914], [1215.0701904296875]]}