{"plat_x": 0.20367039740085602, "plat_y": 0.8360742330551147, "plat_z": -0.11790017783641815, "EE_x": 0.2036713808774948, "EE_y": 0.9278473258018494, "EE_z": -0.16430160403251648, "p_zero": [-0.009404316544532776, 0.12679535150527954, 0.0020660609006881714], "motor_control": [[-171.30030822753906], [-1935.6669921875]]}