{"plat_x": 0.20365050435066223, "plat_y": 0.8360738754272461, "plat_z": -0.11790260672569275, "EE_x": 0.14890937507152557, "EE_y": 0.9351892471313477, "EE_z": -0.11939901113510132, "p_zero": [-0.009404316544532776, 0.12679535150527954, 0.0020660609006881714], "motor_control": [[1817.9833984375], [-148.8826904296875]]}