{"plat_x": 0.20366282761096954, "plat_y": 0.8360868692398071, "plat_z": -0.11790315806865692, "EE_x": 0.18304067850112915, "EE_y": 0.9506317973136902, "EE_z": -0.13393263518810272, "p_zero": [-0.009404316544532776, 0.12679535150527954, 0.0020660609006881714], "motor_control": [[691.6411743164062], [-654.4492797851562]]}