{"plat_x": 0.20368075370788574, "plat_y": 0.8360719680786133, "plat_z": -0.11793477833271027, "EE_x": 0.19548209011554718, "EE_y": 0.9619483351707458, "EE_z": -0.1113286092877388, "p_zero": [-0.005162492394447327, 0.12702172994613647, 0.004828847944736481], "motor_control": [[89.42247772216797], [107.10227966308594]]}