{"plat_x": 0.2035599797964096, "plat_y": 0.8359271287918091, "plat_z": -0.11777431517839432, "EE_x": 0.16819718480110168, "EE_y": 0.9514343738555908, "EE_z": -0.10522634536027908, "p_zero": [-0.006122037768363953, 0.1271175742149353, 0.004081927239894867], "motor_control": [[974.30908203125], [261.5265808105469]]}