{"plat_x": 0.20367474853992462, "plat_y": 0.8360673189163208, "plat_z": -0.11793486773967743, "EE_x": 0.1492525041103363, "EE_y": 0.9363760948181152, "EE_z": -0.10505273193120956, "p_zero": [-0.005162492394447327, 0.12702172994613647, 0.004828847944736481], "motor_control": [[1743.1429443359375], [336.0270080566406]]}