{"plat_x": 0.20369230210781097, "plat_y": 0.8360787630081177, "plat_z": -0.11794242262840271, "EE_x": 0.19637006521224976, "EE_y": 0.9625723361968994, "EE_z": -0.11416579782962799, "p_zero": [-0.005162492394447327, 0.12702172994613647, 0.004828847944736481], "motor_control": [[61.80493927001953], [-12.93948745727539]]}