{"plat_x": 0.20367948710918427, "plat_y": 0.8360735177993774, "plat_z": -0.11791878938674927, "EE_x": 0.23193971812725067, "EE_y": 0.9489153027534485, "EE_z": -0.11594170331954956, "p_zero": [-0.005162492394447327, 0.12702172994613647, 0.004828847944736481], "motor_control": [[-1028.839599609375], [-333.6864013671875]]}