{"plat_x": 0.20367614924907684, "plat_y": 0.8360855579376221, "plat_z": -0.11789945513010025, "EE_x": 0.16910015046596527, "EE_y": 0.9489898085594177, "EE_z": -0.09504950791597366, "p_zero": [-0.009404316544532776, 0.12679535150527954, 0.0020660609006881714], "motor_control": [[989.3327026367188], [623.0924682617188]]}