{"plat_x": 0.20356500148773193, "plat_y": 0.8359255194664001, "plat_z": -0.11778019368648529, "EE_x": 0.2092234492301941, "EE_y": 0.9432797431945801, "EE_z": -0.14826993644237518, "p_zero": [-0.006122037768363953, 0.1271175742149353, 0.004081927239894867], "motor_control": [[-320.43438720703125], [-1258.579833984375]]}