{"plat_x": 0.20356367528438568, "plat_y": 0.8359274864196777, "plat_z": -0.11777742207050323, "EE_x": 0.20652027428150177, "EE_y": 0.9587691426277161, "EE_z": -0.09877725690603256, "p_zero": [-0.006122037768363953, 0.1271175742149353, 0.004081927239894867], "motor_control": [[-358.587158203125], [302.0079345703125]]}