{"plat_x": 0.20369192957878113, "plat_y": 0.8360670804977417, "plat_z": -0.11794067919254303, "EE_x": 0.18244600296020508, "EE_y": 0.9511168003082275, "EE_z": -0.13219545781612396, "p_zero": [-0.005162492394447327, 0.12702172994613647, 0.004828847944736481], "motor_control": [[694.957763671875], [-633.2984008789062]]}