{"plat_x": 0.2036629468202591, "plat_y": 0.8360887765884399, "plat_z": -0.11790287494659424, "EE_x": 0.19312097132205963, "EE_y": 0.9452033042907715, "EE_z": -0.14512261748313904, "p_zero": [-0.009404316544532776, 0.12679535150527954, 0.0020660609006881714], "motor_control": [[536.8003540039062], [-1122.33349609375]]}