{"plat_x": 0.20367582142353058, "plat_y": 0.8360623717308044, "plat_z": -0.11792299151420593, "EE_x": 0.19179506599903107, "EE_y": 0.9553262591362, "EE_z": -0.13010737299919128, "p_zero": [-0.005162492394447327, 0.12702172994613647, 0.004828847944736481], "motor_control": [[415.7467346191406], [-517.2066650390625]]}