{"plat_x": 0.20356856286525726, "plat_y": 0.8359198570251465, "plat_z": -0.11778786778450012, "EE_x": 0.16674479842185974, "EE_y": 0.9448761940002441, "EE_z": -0.08817579597234726, "p_zero": [-0.006122037768363953, 0.1271175742149353, 0.004081927239894867], "motor_control": [[1129.2562255859375], [866.9536743164062]]}