{"plat_x": 0.2036953717470169, "plat_y": 0.836072564125061, "plat_z": -0.11794580519199371, "EE_x": 0.18912437558174133, "EE_y": 0.9557795524597168, "EE_z": -0.12688787281513214, "p_zero": [-0.005162492394447327, 0.12702172994613647, 0.004828847944736481], "motor_control": [[499.5730895996094], [-413.9855651855469]]}