{"plat_x": 0.20355822145938873, "plat_y": 0.8359252214431763, "plat_z": -0.11777373403310776, "EE_x": 0.1601918488740921, "EE_y": 0.9469245076179504, "EE_z": -0.11445261538028717, "p_zero": [-0.006122037768363953, 0.1271175742149353, 0.004081927239894867], "motor_control": [[1261.2955322265625], [-73.28182983398438]]}