{"plat_x": 0.20356164872646332, "plat_y": 0.8359264135360718, "plat_z": -0.11777455359697342, "EE_x": 0.1751280128955841, "EE_y": 0.9498046636581421, "EE_z": -0.08833496272563934, "p_zero": [-0.006122037768363953, 0.1271175742149353, 0.004081927239894867], "motor_control": [[806.0576171875], [796.4542236328125]]}