{"plat_x": 0.20368731021881104, "plat_y": 0.8360826373100281, "plat_z": -0.11794085800647736, "EE_x": 0.21853217482566833, "EE_y": 0.9537200927734375, "EE_z": -0.12293565273284912, "p_zero": [-0.005162492394447327, 0.12702172994613647, 0.004828847944736481], "motor_control": [[-585.1824951171875], [-503.5139465332031]]}