{"plat_x": 0.20369409024715424, "plat_y": 0.8360735177993774, "plat_z": -0.11794065684080124, "EE_x": 0.22715389728546143, "EE_y": 0.9427086710929871, "EE_z": -0.1350288987159729, "p_zero": [-0.005162492394447327, 0.12702172994613647, 0.004828847944736481], "motor_control": [[-963.662353515625], [-1023.038330078125]]}