{"plat_x": 0.2035660296678543, "plat_y": 0.8359240889549255, "plat_z": -0.11779285222291946, "EE_x": 0.19666926562786102, "EE_y": 0.962579071521759, "EE_z": -0.11457561701536179, "p_zero": [-0.006122037768363953, 0.1271175742149353, 0.004081927239894867], "motor_control": [[-10.562295913696289], [1.8802155256271362]]}