{"plat_x": 0.20356841385364532, "plat_y": 0.8359279036521912, "plat_z": -0.11777819693088531, "EE_x": 0.18962717056274414, "EE_y": 0.9610843658447266, "EE_z": -0.11052840948104858, "p_zero": [-0.006122037768363953, 0.1271175742149353, 0.004081927239894867], "motor_control": [[221.05465698242188], [94.65924835205078]]}