{"plat_x": 0.2035672813653946, "plat_y": 0.8359298706054688, "plat_z": -0.11777858436107635, "EE_x": 0.24868778884410858, "EE_y": 0.9311708807945251, "EE_z": -0.11729320138692856, "p_zero": [-0.006122037768363953, 0.1271175742149353, 0.004081927239894867], "motor_control": [[-1819.861572265625], [-768.5209350585938]]}