{"plat_x": 0.2035619020462036, "plat_y": 0.8359238505363464, "plat_z": -0.1177719309926033, "EE_x": 0.20160752534866333, "EE_y": 0.9619800448417664, "EE_z": -0.11520244181156158, "p_zero": [-0.006122037768363953, 0.1271175742149353, 0.004081927239894867], "motor_control": [[-73.70628356933594], [-64.51976776123047]]}