{"plat_x": 0.20367436110973358, "plat_y": 0.8360653519630432, "plat_z": -0.11790694296360016, "EE_x": 0.17589296400547028, "EE_y": 0.9463712573051453, "EE_z": -0.08127494156360626, "p_zero": [-0.009404316544532776, 0.12679535150527954, 0.0020660609006881714], "motor_control": [[854.3238525390625], [1067.6551513671875]]}