{"plat_x": 0.2035684734582901, "plat_y": 0.8359221816062927, "plat_z": -0.11778680235147476, "EE_x": 0.20542645454406738, "EE_y": 0.9573855996131897, "EE_z": -0.09260625392198563, "p_zero": [-0.006122037768363953, 0.1271175742149353, 0.004081927239894867], "motor_control": [[-337.4854736328125], [458.4036560058594]]}