{"plat_x": 0.2036871463060379, "plat_y": 0.8360550403594971, "plat_z": -0.11794626712799072, "EE_x": 0.18208172917366028, "EE_y": 0.9583985209465027, "EE_z": -0.11340048164129257, "p_zero": [-0.005162492394447327, 0.12702172994613647, 0.004828847944736481], "motor_control": [[543.5665893554688], [65.14555358886719]]}