{"plat_x": 0.20365159213542938, "plat_y": 0.8360714316368103, "plat_z": -0.11790477484464645, "EE_x": 0.21776442229747772, "EE_y": 0.9466144442558289, "EE_z": -0.13820503652095795, "p_zero": [-0.009404316544532776, 0.12679535150527954, 0.0020660609006881714], "motor_control": [[-627.4600219726562], [-981.199951171875]]}