{"plat_x": 0.20356698334217072, "plat_y": 0.8359236121177673, "plat_z": -0.11778758466243744, "EE_x": 0.19359134137630463, "EE_y": 0.9622302651405334, "EE_z": -0.11444506794214249, "p_zero": [-0.006122037768363953, 0.1271175742149353, 0.004081927239894867], "motor_control": [[50.29414367675781], [-24.816362380981445]]}