{"plat_x": 0.20368976891040802, "plat_y": 0.8360631465911865, "plat_z": -0.11793848127126694, "EE_x": 0.22146596014499664, "EE_y": 0.9535718560218811, "EE_z": -0.09489492326974869, "p_zero": [-0.005162492394447327, 0.12702172994613647, 0.004828847944736481], "motor_control": [[-751.1467895507812], [339.58026123046875]]}