{"plat_x": 0.20356884598731995, "plat_y": 0.8359223008155823, "plat_z": -0.11778809875249863, "EE_x": 0.186721533536911, "EE_y": 0.9426248669624329, "EE_z": -0.14501351118087769, "p_zero": [-0.006122037768363953, 0.1271175742149353, 0.004081927239894867], "motor_control": [[734.1565551757812], [-1192.152587890625]]}