{"plat_x": 0.20368336141109467, "plat_y": 0.836056113243103, "plat_z": -0.11793104559183121, "EE_x": 0.19961369037628174, "EE_y": 0.962304413318634, "EE_z": -0.11313645541667938, "p_zero": [-0.005162492394447327, 0.12702172994613647, 0.004828847944736481], "motor_control": [[-100.90740966796875], [45.74946594238281]]}