{"plat_x": 0.20356157422065735, "plat_y": 0.8359243869781494, "plat_z": -0.11778087913990021, "EE_x": 0.18012747168540955, "EE_y": 0.9323803782463074, "EE_z": -0.05913354456424713, "p_zero": [-0.006122037768363953, 0.1271175742149353, 0.004081927239894867], "motor_control": [[696.6306762695312], [1855.75634765625]]}