{"plat_x": 0.20356296002864838, "plat_y": 0.8359271883964539, "plat_z": -0.1177772507071495, "EE_x": 0.23701658844947815, "EE_y": 0.9469441771507263, "EE_z": -0.1043199747800827, "p_zero": [-0.006122037768363953, 0.1271175742149353, 0.004081927239894867], "motor_control": [[-1228.4591064453125], [83.34965515136719]]}