{"plat_x": 0.20356710255146027, "plat_y": 0.8359255790710449, "plat_z": -0.11778160184621811, "EE_x": 0.18606622517108917, "EE_y": 0.9596565365791321, "EE_z": -0.10305947810411453, "p_zero": [-0.006122037768363953, 0.1271175742149353, 0.004081927239894867], "motor_control": [[213.39231872558594], [284.2809753417969]]}