{"plat_x": 0.20356115698814392, "plat_y": 0.8359284400939941, "plat_z": -0.11777112632989883, "EE_x": 0.16101278364658356, "EE_y": 0.947178304195404, "EE_z": -0.11077789217233658, "p_zero": [-0.006122037768363953, 0.1271175742149353, 0.004081927239894867], "motor_control": [[1260.68994140625], [128.88958740234375]]}