{"plat_x": 0.20356926321983337, "plat_y": 0.8359218239784241, "plat_z": -0.11778371036052704, "EE_x": 0.1553564965724945, "EE_y": 0.9416329860687256, "EE_z": -0.1030106171965599, "p_zero": [-0.006122037768363953, 0.1271175742149353, 0.004081927239894867], "motor_control": [[1496.2486572265625], [373.42242431640625]]}