{"plat_x": 0.2035665065050125, "plat_y": 0.8359277844429016, "plat_z": -0.1177792102098465, "EE_x": 0.19480833411216736, "EE_y": 0.9546130299568176, "EE_z": -0.13307231664657593, "p_zero": [-0.006122037768363953, 0.1271175742149353, 0.004081927239894867], "motor_control": [[314.3529052734375], [-596.873291015625]]}