{"plat_x": 0.20356883108615875, "plat_y": 0.835922360420227, "plat_z": -0.11779097467660904, "EE_x": 0.18859270215034485, "EE_y": 0.9599178433418274, "EE_z": -0.10419183224439621, "p_zero": [-0.006122037768363953, 0.1271175742149353, 0.004081927239894867], "motor_control": [[251.4390106201172], [264.3818054199219]]}