{"plat_x": 0.2036687284708023, "plat_y": 0.8360681533813477, "plat_z": -0.1179102212190628, "EE_x": 0.2222781479358673, "EE_y": 0.9477607607841492, "EE_z": -0.1308918446302414, "p_zero": [-0.005162492394447327, 0.12702172994613647, 0.004828847944736481], "motor_control": [[-796.4319458007812], [-832.874755859375]]}