{"plat_x": 0.2035655826330185, "plat_y": 0.835925281047821, "plat_z": -0.11777883023023605, "EE_x": 0.19623394310474396, "EE_y": 0.9574742913246155, "EE_z": -0.08811360597610474, "p_zero": [-0.006122037768363953, 0.1271175742149353, 0.004081927239894867], "motor_control": [[-10.604424476623535], [614.3321533203125]]}