{"plat_x": 0.2035685032606125, "plat_y": 0.835923433303833, "plat_z": -0.1177869513630867, "EE_x": 0.1849975883960724, "EE_y": 0.9600384831428528, "EE_z": -0.11542819440364838, "p_zero": [-0.006122037768363953, 0.1271175742149353, 0.004081927239894867], "motor_control": [[369.0218200683594], [-6.089170455932617]]}