{"plat_x": 0.2035691887140274, "plat_y": 0.8359200954437256, "plat_z": -0.11778837442398071, "EE_x": 0.20755092799663544, "EE_y": 0.9322240948677063, "EE_z": -0.16060718894004822, "p_zero": [-0.006122037768363953, 0.1271175742149353, 0.004081927239894867], "motor_control": [[-176.66961669921875], [-1752.2169189453125]]}