{"plat_x": 0.20356369018554688, "plat_y": 0.8359264135360718, "plat_z": -0.11777865886688232, "EE_x": 0.19583970308303833, "EE_y": 0.9623000025749207, "EE_z": -0.1120908111333847, "p_zero": [-0.006122037768363953, 0.1271175742149353, 0.004081927239894867], "motor_control": [[-68.88667297363281], [49.53398132324219]]}