{"plat_x": 0.20367972552776337, "plat_y": 0.8360757827758789, "plat_z": -0.11791418492794037, "EE_x": 0.18257099390029907, "EE_y": 0.9461511373519897, "EE_z": -0.07311883568763733, "p_zero": [-0.005162492394447327, 0.12702172994613647, 0.004828847944736481], "motor_control": [[532.8974609375], [1198.3292236328125]]}