{"plat_x": 0.20367509126663208, "plat_y": 0.8360656499862671, "plat_z": -0.11792198568582535, "EE_x": 0.20722244679927826, "EE_y": 0.9606326818466187, "EE_z": -0.1107182577252388, "p_zero": [-0.005162492394447327, 0.12702172994613647, 0.004828847944736481], "motor_control": [[-318.557861328125], [74.89549255371094]]}