{"plat_x": 0.20356743037700653, "plat_y": 0.8359249234199524, "plat_z": -0.11778077483177185, "EE_x": 0.21918296813964844, "EE_y": 0.9455205798149109, "EE_z": -0.13917803764343262, "p_zero": [-0.006122037768363953, 0.1271175742149353, 0.004081927239894867], "motor_control": [[-639.8597412109375], [-1015.1910400390625]]}