{"plat_x": 0.2037006914615631, "plat_y": 0.8360994458198547, "plat_z": -0.11795179545879364, "EE_x": 0.15869101881980896, "EE_y": 0.9377243518829346, "EE_z": -0.12650690972805023, "p_zero": [-0.005162492394447327, 0.12702172994613647, 0.004828847944736481], "motor_control": [[1634.880126953125], [-674.6344604492188]]}