{"plat_x": 0.20369015634059906, "plat_y": 0.8360639810562134, "plat_z": -0.11794479936361313, "EE_x": 0.1862654834985733, "EE_y": 0.9596579670906067, "EE_z": -0.11923010647296906, "p_zero": [-0.005162492394447327, 0.12702172994613647, 0.004828847944736481], "motor_control": [[311.3802795410156], [-96.29730224609375]]}