{"plat_x": 0.20356346666812897, "plat_y": 0.835927426815033, "plat_z": -0.11778039485216141, "EE_x": 0.16225256025791168, "EE_y": 0.9474621415138245, "EE_z": -0.11691294610500336, "p_zero": [-0.006122037768363953, 0.1271175742149353, 0.004081927239894867], "motor_control": [[1200.649658203125], [-175.9033203125]]}