{"plat_x": 0.20368090271949768, "plat_y": 0.8360683917999268, "plat_z": -0.11792740970849991, "EE_x": 0.2026395946741104, "EE_y": 0.9368837475776672, "EE_z": -0.05747281759977341, "p_zero": [-0.005162492394447327, 0.12702172994613647, 0.004828847944736481], "motor_control": [[-278.9990539550781], [1698.8497314453125]]}