{"plat_x": 0.20367617905139923, "plat_y": 0.8360840082168579, "plat_z": -0.11792588233947754, "EE_x": 0.16216932237148285, "EE_y": 0.9388402700424194, "EE_z": -0.1282632052898407, "p_zero": [-0.005162492394447327, 0.12702172994613647, 0.004828847944736481], "motor_control": [[1558.1778564453125], [-759.7186279296875]]}