{"plat_x": 0.20356802642345428, "plat_y": 0.8359232544898987, "plat_z": -0.11778385192155838, "EE_x": 0.17889563739299774, "EE_y": 0.949765145778656, "EE_z": -0.08388084173202515, "p_zero": [-0.006122037768363953, 0.1271175742149353, 0.004081927239894867], "motor_control": [[667.5866088867188], [918.1416015625]]}