{"plat_x": 0.2036675363779068, "plat_y": 0.8360903859138489, "plat_z": -0.1178969219326973, "EE_x": 0.18202140927314758, "EE_y": 0.9546763896942139, "EE_z": -0.12660758197307587, "p_zero": [-0.009404316544532776, 0.12679535150527954, 0.0020660609006881714], "motor_control": [[526.9110107421875], [-424.4305725097656]]}