{"plat_x": 0.20370499789714813, "plat_y": 0.8360958695411682, "plat_z": -0.11794348061084747, "EE_x": 0.21173393726348877, "EE_y": 0.9572359323501587, "EE_z": -0.09566822648048401, "p_zero": [-0.005162492394447327, 0.12702172994613647, 0.004828847944736481], "motor_control": [[-432.414306640625], [382.9504089355469]]}