{"plat_x": 0.2036925107240677, "plat_y": 0.8360773921012878, "plat_z": -0.11793757975101471, "EE_x": 0.23271247744560242, "EE_y": 0.9430722594261169, "EE_z": -0.08677781373262405, "p_zero": [-0.005162492394447327, 0.12702172994613647, 0.004828847944736481], "motor_control": [[-1253.806884765625], [741.7122192382812]]}