{"plat_x": 0.20367157459259033, "plat_y": 0.8360639810562134, "plat_z": -0.11791552603244781, "EE_x": 0.18620000779628754, "EE_y": 0.960634708404541, "EE_z": -0.11033692210912704, "p_zero": [-0.005162492394447327, 0.12702172994613647, 0.004828847944736481], "motor_control": [[237.43362426757812], [112.29112243652344]]}