{"plat_x": 0.20366863906383514, "plat_y": 0.8360582590103149, "plat_z": -0.11791172623634338, "EE_x": 0.19437789916992188, "EE_y": 0.9561720490455627, "EE_z": -0.12954585254192352, "p_zero": [-0.005162492394447327, 0.12702172994613647, 0.004828847944736481], "motor_control": [[323.9014892578125], [-491.6006164550781]]}