{"plat_x": 0.20367926359176636, "plat_y": 0.8360821008682251, "plat_z": -0.11790002137422562, "EE_x": 0.23573173582553864, "EE_y": 0.9478192329406738, "EE_z": -0.10596401244401932, "p_zero": [-0.009404316544532776, 0.12679535150527954, 0.0020660609006881714], "motor_control": [[-1196.1463623046875], [-113.2991714477539]]}