{"plat_x": 0.20367412269115448, "plat_y": 0.8360691070556641, "plat_z": -0.11791547387838364, "EE_x": 0.2037818729877472, "EE_y": 0.9540165662765503, "EE_z": -0.08181607723236084, "p_zero": [-0.005162492394447327, 0.12702172994613647, 0.004828847944736481], "motor_control": [[-272.6890563964844], [772.7685546875]]}