{"plat_x": 0.20368240773677826, "plat_y": 0.8360737562179565, "plat_z": -0.11792096495628357, "EE_x": 0.21626582741737366, "EE_y": 0.9569113254547119, "EE_z": -0.11861877143383026, "p_zero": [-0.005162492394447327, 0.12702172994613647, 0.004828847944736481], "motor_control": [[-504.529052734375], [-170.08091735839844]]}