{"plat_x": 0.20369018614292145, "plat_y": 0.8360980153083801, "plat_z": -0.11793339252471924, "EE_x": 0.1589207500219345, "EE_y": 0.9410669207572937, "EE_z": -0.09235555678606033, "p_zero": [-0.005162492394447327, 0.12702172994613647, 0.004828847944736481], "motor_control": [[1399.719970703125], [755.1758422851562]]}