{"plat_x": 0.20368218421936035, "plat_y": 0.8360729813575745, "plat_z": -0.11792952567338943, "EE_x": 0.2078663408756256, "EE_y": 0.9515292048454285, "EE_z": -0.13739372789859772, "p_zero": [-0.005162492394447327, 0.12702172994613647, 0.004828847944736481], "motor_control": [[-279.7393798828125], [-810.5721435546875]]}