{"plat_x": 0.20367254316806793, "plat_y": 0.836052656173706, "plat_z": -0.11792254447937012, "EE_x": 0.20229974389076233, "EE_y": 0.9616987109184265, "EE_z": -0.113360196352005, "p_zero": [-0.005162492394447327, 0.12702172994613647, 0.004828847944736481], "motor_control": [[-212.6328125], [-16.57840919494629]]}