{"plat_x": 0.20367996394634247, "plat_y": 0.8360801935195923, "plat_z": -0.11792170256376266, "EE_x": 0.19153457880020142, "EE_y": 0.9621660709381104, "EE_z": -0.11342193931341171, "p_zero": [-0.005162492394447327, 0.12702172994613647, 0.004828847944736481], "motor_control": [[90.73921203613281], [52.33583068847656]]}