{"plat_x": 0.20357073843479156, "plat_y": 0.8359236717224121, "plat_z": -0.11778567731380463, "EE_x": 0.21455669403076172, "EE_y": 0.9506384134292603, "EE_z": -0.08173346519470215, "p_zero": [-0.006122037768363953, 0.1271175742149353, 0.004081927239894867], "motor_control": [[-611.9075927734375], [825.1210327148438]]}