{"plat_x": 0.20369331538677216, "plat_y": 0.8360660076141357, "plat_z": -0.11793559789657593, "EE_x": 0.20558904111385345, "EE_y": 0.9420339465141296, "EE_z": -0.06279011815786362, "p_zero": [-0.005162492394447327, 0.12702172994613647, 0.004828847944736481], "motor_control": [[-261.5795593261719], [1442.098388671875]]}