{"plat_x": 0.2035667598247528, "plat_y": 0.8359228372573853, "plat_z": -0.11778734624385834, "EE_x": 0.19505374133586884, "EE_y": 0.9621738195419312, "EE_z": -0.1098492220044136, "p_zero": [-0.006122037768363953, 0.1271175742149353, 0.004081927239894867], "motor_control": [[50.96534729003906], [143.3014373779297]]}