{"plat_x": 0.20371025800704956, "plat_y": 0.836094856262207, "plat_z": -0.11795420944690704, "EE_x": 0.23458150029182434, "EE_y": 0.9498851299285889, "EE_z": -0.1061473861336708, "p_zero": [-0.005162492394447327, 0.12702172994613647, 0.004828847944736481], "motor_control": [[-1070.4534912109375], [17.08321762084961]]}