{"plat_x": 0.2035638839006424, "plat_y": 0.835926353931427, "plat_z": -0.117776058614254, "EE_x": 0.18189413845539093, "EE_y": 0.9524895548820496, "EE_z": -0.08628298342227936, "p_zero": [-0.006122037768363953, 0.1271175742149353, 0.004081927239894867], "motor_control": [[562.2137451171875], [777.5634155273438]]}