{"plat_x": 0.20369112491607666, "plat_y": 0.8360493183135986, "plat_z": -0.11793670058250427, "EE_x": 0.20205585658550262, "EE_y": 0.9619271159172058, "EE_z": -0.10847946256399155, "p_zero": [-0.005162492394447327, 0.12702172994613647, 0.004828847944736481], "motor_control": [[-96.98948669433594], [130.55091857910156]]}