{"plat_x": 0.203677698969841, "plat_y": 0.83608078956604, "plat_z": -0.11793418228626251, "EE_x": 0.16417181491851807, "EE_y": 0.9494079351425171, "EE_z": -0.10746877640485764, "p_zero": [-0.005162492394447327, 0.12702172994613647, 0.004828847944736481], "motor_control": [[1112.501953125], [186.9673309326172]]}