{"plat_x": 0.2037055939435959, "plat_y": 0.8361049294471741, "plat_z": -0.1179334819316864, "EE_x": 0.20354805886745453, "EE_y": 0.9317498803138733, "EE_z": -0.05447700619697571, "p_zero": [-0.005162492394447327, 0.12702172994613647, 0.004828847944736481], "motor_control": [[-522.9627075195312], [1915.3414306640625]]}