{"plat_x": 0.20367369055747986, "plat_y": 0.8360691070556641, "plat_z": -0.11791401356458664, "EE_x": 0.1884506642818451, "EE_y": 0.961340069770813, "EE_z": -0.11184375733137131, "p_zero": [-0.005162492394447327, 0.12702172994613647, 0.004828847944736481], "motor_control": [[164.57965087890625], [73.89203643798828]]}