{"plat_x": 0.20367325842380524, "plat_y": 0.8360750675201416, "plat_z": -0.11793362349271774, "EE_x": 0.18719345331192017, "EE_y": 0.9609755277633667, "EE_z": -0.1113738939166069, "p_zero": [-0.005162492394447327, 0.12702172994613647, 0.004828847944736481], "motor_control": [[218.1812286376953], [81.63774871826172]]}