{"plat_x": 0.20367313921451569, "plat_y": 0.8360778093338013, "plat_z": -0.11789937317371368, "EE_x": 0.15983298420906067, "EE_y": 0.9421597719192505, "EE_z": -0.09331049770116806, "p_zero": [-0.009404316544532776, 0.12679535150527954, 0.0020660609006881714], "motor_control": [[1365.2379150390625], [712.5567626953125]]}