{"plat_x": 0.20367707312107086, "plat_y": 0.8360733389854431, "plat_z": -0.11791877448558807, "EE_x": 0.19739046692848206, "EE_y": 0.96248859167099, "EE_z": -0.11570443212985992, "p_zero": [-0.005162492394447327, 0.12702172994613647, 0.004828847944736481], "motor_control": [[12.032363891601562], [-11.76818561553955]]}