{"plat_x": 0.20369596779346466, "plat_y": 0.8360834121704102, "plat_z": -0.11795073747634888, "EE_x": 0.21486154198646545, "EE_y": 0.950275719165802, "EE_z": -0.08231285959482193, "p_zero": [-0.005162492394447327, 0.12702172994613647, 0.004828847944736481], "motor_control": [[-688.2041625976562], [861.5867919921875]]}