{"plat_x": 0.20370902121067047, "plat_y": 0.8361103534698486, "plat_z": -0.11795249581336975, "EE_x": 0.21797704696655273, "EE_y": 0.943299412727356, "EE_z": -0.1423017978668213, "p_zero": [-0.005162492394447327, 0.12702172994613647, 0.004828847944736481], "motor_control": [[-679.7225952148438], [-1167.447021484375]]}