{"plat_x": 0.20356310904026031, "plat_y": 0.8359283208847046, "plat_z": -0.11777888238430023, "EE_x": 0.15708185732364655, "EE_y": 0.9421796202659607, "EE_z": -0.11816824227571487, "p_zero": [-0.006122037768363953, 0.1271175742149353, 0.004081927239894867], "motor_control": [[1491.4373779296875], [-237.60488891601562]]}