{"plat_x": 0.203696608543396, "plat_y": 0.83607417345047, "plat_z": -0.11794599145650864, "EE_x": 0.21178334951400757, "EE_y": 0.9428266286849976, "EE_z": -0.06957248598337173, "p_zero": [-0.005162492394447327, 0.12702172994613647, 0.004828847944736481], "motor_control": [[-774.2848510742188], [1301.292724609375]]}