{"plat_x": 0.20367346704006195, "plat_y": 0.8360562920570374, "plat_z": -0.11791464686393738, "EE_x": 0.18374799191951752, "EE_y": 0.9465343356132507, "EE_z": -0.07279366999864578, "p_zero": [-0.005162492394447327, 0.12702172994613647, 0.004828847944736481], "motor_control": [[470.2225341796875], [1200.2203369140625]]}