{"plat_x": 0.2036769837141037, "plat_y": 0.836067795753479, "plat_z": -0.11791671067476273, "EE_x": 0.18227359652519226, "EE_y": 0.9477399587631226, "EE_z": -0.1376163363456726, "p_zero": [-0.005162492394447327, 0.12702172994613647, 0.004828847944736481], "motor_control": [[718.6455688476562], [-843.1782836914062]]}