{"plat_x": 0.20357105135917664, "plat_y": 0.8359189629554749, "plat_z": -0.11778667569160461, "EE_x": 0.1899937093257904, "EE_y": 0.9614740610122681, "EE_z": -0.11048174649477005, "p_zero": [-0.006122037768363953, 0.1271175742149353, 0.004081927239894867], "motor_control": [[121.59123229980469], [116.40312194824219]]}