{"plat_x": 0.20369656383991241, "plat_y": 0.8360595703125, "plat_z": -0.11793927848339081, "EE_x": 0.21493971347808838, "EE_y": 0.9434980154037476, "EE_z": -0.14586609601974487, "p_zero": [-0.005162492394447327, 0.12702172994613647, 0.004828847944736481], "motor_control": [[-451.9330139160156], [-1191.4329833984375]]}