{"plat_x": 0.20356442034244537, "plat_y": 0.8359270095825195, "plat_z": -0.11777706444263458, "EE_x": 0.24233248829841614, "EE_y": 0.9402645826339722, "EE_z": -0.11369475722312927, "p_zero": [-0.006122037768363953, 0.1271175742149353, 0.004081927239894867], "motor_control": [[-1451.3310546875], [-435.0296936035156]]}