{"plat_x": 0.20365267992019653, "plat_y": 0.8360782861709595, "plat_z": -0.11790101230144501, "EE_x": 0.19101014733314514, "EE_y": 0.9395783543586731, "EE_z": -0.05904730409383774, "p_zero": [-0.009404316544532776, 0.12679535150527954, 0.0020660609006881714], "motor_control": [[0.35941410064697266], [1649.6656494140625]]}