{"plat_x": 0.2035665065050125, "plat_y": 0.8359180688858032, "plat_z": -0.11778932809829712, "EE_x": 0.2106427252292633, "EE_y": 0.9585551619529724, "EE_z": -0.0989949181675911, "p_zero": [-0.006122037768363953, 0.1271175742149353, 0.004081927239894867], "motor_control": [[-355.7378234863281], [294.4046630859375]]}