{"plat_x": 0.2036726325750351, "plat_y": 0.8361017107963562, "plat_z": -0.11789638549089432, "EE_x": 0.15629763901233673, "EE_y": 0.9330887198448181, "EE_z": -0.1301594376564026, "p_zero": [-0.009404316544532776, 0.12679535150527954, 0.0020660609006881714], "motor_control": [[1779.2105712890625], [-814.5834350585938]]}