{"plat_x": 0.20368815958499908, "plat_y": 0.8361039757728577, "plat_z": -0.11792012304067612, "EE_x": 0.2040921449661255, "EE_y": 0.9580278396606445, "EE_z": -0.12719863653182983, "p_zero": [-0.005162492394447327, 0.12702172994613647, 0.004828847944736481], "motor_control": [[-131.83253479003906], [-423.44769287109375]]}