{"plat_x": 0.20356710255146027, "plat_y": 0.8359238505363464, "plat_z": -0.11778077483177185, "EE_x": 0.17466440796852112, "EE_y": 0.9391574859619141, "EE_z": -0.07056046277284622, "p_zero": [-0.006122037768363953, 0.1271175742149353, 0.004081927239894867], "motor_control": [[931.654541015625], [1430.247802734375]]}