{"plat_x": 0.20356015861034393, "plat_y": 0.835922360420227, "plat_z": -0.11777208745479584, "EE_x": 0.22073620557785034, "EE_y": 0.9566755890846252, "EE_z": -0.11283918470144272, "p_zero": [-0.006122037768363953, 0.1271175742149353, 0.004081927239894867], "motor_control": [[-573.7680053710938], [-91.8517074584961]]}