{"plat_x": 0.2035685032606125, "plat_y": 0.8359208106994629, "plat_z": -0.11778584867715836, "EE_x": 0.18419191241264343, "EE_y": 0.9493237733840942, "EE_z": -0.07773774117231369, "p_zero": [-0.006122037768363953, 0.1271175742149353, 0.004081927239894867], "motor_control": [[456.17340087890625], [1055.060791015625]]}