{"plat_x": 0.20356318354606628, "plat_y": 0.8359262943267822, "plat_z": -0.11778136342763901, "EE_x": 0.1495424062013626, "EE_y": 0.9330223798751831, "EE_z": -0.09667472541332245, "p_zero": [-0.006122037768363953, 0.1271175742149353, 0.004081927239894867], "motor_control": [[1840.236328125], [700.7985229492188]]}