{"plat_x": 0.203562393784523, "plat_y": 0.8359265923500061, "plat_z": -0.11777767539024353, "EE_x": 0.19421875476837158, "EE_y": 0.9615316987037659, "EE_z": -0.11917401850223541, "p_zero": [-0.006122037768363953, 0.1271175742149353, 0.004081927239894867], "motor_control": [[37.18240737915039], [-103.17231750488281]]}