{"plat_x": 0.20369546115398407, "plat_y": 0.8360590934753418, "plat_z": -0.11793381720781326, "EE_x": 0.23386219143867493, "EE_y": 0.9327225685119629, "EE_z": -0.07354415953159332, "p_zero": [-0.005162492394447327, 0.12702172994613647, 0.004828847944736481], "motor_control": [[-1507.71875], [1256.89306640625]]}