{"plat_x": 0.20368708670139313, "plat_y": 0.8360685110092163, "plat_z": -0.11793717741966248, "EE_x": 0.20847010612487793, "EE_y": 0.9598163962364197, "EE_z": -0.11839891225099564, "p_zero": [-0.005162492394447327, 0.12702172994613647, 0.004828847944736481], "motor_control": [[-252.45497131347656], [-163.234130859375]]}