{"plat_x": 0.20368671417236328, "plat_y": 0.8360514640808105, "plat_z": -0.11794637143611908, "EE_x": 0.176045224070549, "EE_y": 0.950036883354187, "EE_z": -0.0884128287434578, "p_zero": [-0.005162492394447327, 0.12702172994613647, 0.004828847944736481], "motor_control": [[803.6864624023438], [801.4279174804688]]}