{"plat_x": 0.20369689166545868, "plat_y": 0.8360736966133118, "plat_z": -0.11795007437467575, "EE_x": 0.21674306690692902, "EE_y": 0.9538328051567078, "EE_z": -0.12453632801771164, "p_zero": [-0.005162492394447327, 0.12702172994613647, 0.004828847944736481], "motor_control": [[-521.427734375], [-560.49462890625]]}