{"plat_x": 0.20368163287639618, "plat_y": 0.8360750079154968, "plat_z": -0.11793261766433716, "EE_x": 0.17108549177646637, "EE_y": 0.9399880170822144, "EE_z": -0.07528210431337357, "p_zero": [-0.005162492394447327, 0.12702172994613647, 0.004828847944736481], "motor_control": [[1073.2674560546875], [1309.712646484375]]}