{"plat_x": 0.20357273519039154, "plat_y": 0.8359217643737793, "plat_z": -0.11778543889522552, "EE_x": 0.18780401349067688, "EE_y": 0.9605029225349426, "EE_z": -0.11392360925674438, "p_zero": [-0.006122037768363953, 0.1271175742149353, 0.004081927239894867], "motor_control": [[329.0323791503906], [21.565155029296875]]}