{"plat_x": 0.20356427133083344, "plat_y": 0.8359218835830688, "plat_z": -0.11778455227613449, "EE_x": 0.1850801259279251, "EE_y": 0.9581834077835083, "EE_z": -0.10110688209533691, "p_zero": [-0.006122037768363953, 0.1271175742149353, 0.004081927239894867], "motor_control": [[432.40545654296875], [311.60687255859375]]}