{"plat_x": 0.20356467366218567, "plat_y": 0.8359251618385315, "plat_z": -0.11778470873832703, "EE_x": 0.18780077993869781, "EE_y": 0.9378342032432556, "EE_z": -0.15083178877830505, "p_zero": [-0.006122037768363953, 0.1271175742149353, 0.004081927239894867], "motor_control": [[753.3737182617188], [-1442.30517578125]]}