{"plat_x": 0.20369036495685577, "plat_y": 0.8360783457756042, "plat_z": -0.1179356798529625, "EE_x": 0.19919635355472565, "EE_y": 0.9606567621231079, "EE_z": -0.12072686105966568, "p_zero": [-0.005162492394447327, 0.12702172994613647, 0.004828847944736481], "motor_control": [[-110.57567596435547], [-191.45904541015625]]}