{"plat_x": 0.20355848968029022, "plat_y": 0.8359245657920837, "plat_z": -0.11777205765247345, "EE_x": 0.17382313311100006, "EE_y": 0.9546169638633728, "EE_z": -0.10935021191835403, "p_zero": [-0.006122037768363953, 0.1271175742149353, 0.004081927239894867], "motor_control": [[805.2649536132812], [159.13037109375]]}