{"plat_x": 0.20368057489395142, "plat_y": 0.8360693454742432, "plat_z": -0.11792540550231934, "EE_x": 0.21528424322605133, "EE_y": 0.9372106790542603, "EE_z": -0.150739386677742, "p_zero": [-0.005162492394447327, 0.12702172994613647, 0.004828847944736481], "motor_control": [[-617.5200805664062], [-1491.70166015625]]}