{"plat_x": 0.2035643607378006, "plat_y": 0.8359243869781494, "plat_z": -0.11778227984905243, "EE_x": 0.18438343703746796, "EE_y": 0.9601366519927979, "EE_z": -0.1149129569530487, "p_zero": [-0.006122037768363953, 0.1271175742149353, 0.004081927239894867], "motor_control": [[326.36676025390625], [6.0161919593811035]]}