{"plat_x": 0.20368103682994843, "plat_y": 0.8360835313796997, "plat_z": -0.11790104955434799, "EE_x": 0.22004227340221405, "EE_y": 0.9565185904502869, "EE_z": -0.11131836473941803, "p_zero": [-0.009404316544532776, 0.12679535150527954, 0.0020660609006881714], "motor_control": [[-652.3622436523438], [-43.298858642578125]]}