{"plat_x": 0.20366914570331573, "plat_y": 0.8360986709594727, "plat_z": -0.11789866536855698, "EE_x": 0.20627228915691376, "EE_y": 0.9597088098526001, "EE_z": -0.12066211551427841, "p_zero": [-0.009404316544532776, 0.12679535150527954, 0.0020660609006881714], "motor_control": [[-280.8055419921875], [-136.71937561035156]]}