{"plat_x": 0.2035692036151886, "plat_y": 0.8359256982803345, "plat_z": -0.11778031289577484, "EE_x": 0.24953782558441162, "EE_y": 0.9325881600379944, "EE_z": -0.11366987973451614, "p_zero": [-0.006122037768363953, 0.1271175742149353, 0.004081927239894867], "motor_control": [[-1794.317626953125], [-528.9959716796875]]}