{"plat_x": 0.203690305352211, "plat_y": 0.8360735177993774, "plat_z": -0.11793670803308487, "EE_x": 0.21390734612941742, "EE_y": 0.95872962474823, "EE_z": -0.11524462699890137, "p_zero": [-0.005162492394447327, 0.12702172994613647, 0.004828847944736481], "motor_control": [[-423.8780212402344], [-111.2884750366211]]}