{"plat_x": 0.20368926227092743, "plat_y": 0.8360650539398193, "plat_z": -0.11793622374534607, "EE_x": 0.20637452602386475, "EE_y": 0.9435579776763916, "EE_z": -0.06591421365737915, "p_zero": [-0.005162492394447327, 0.12702172994613647, 0.004828847944736481], "motor_control": [[-402.7142028808594], [1354.873291015625]]}