{"plat_x": 0.2036799043416977, "plat_y": 0.8361008167266846, "plat_z": -0.11790217459201813, "EE_x": 0.18092888593673706, "EE_y": 0.9565637111663818, "EE_z": -0.1197814792394638, "p_zero": [-0.009404316544532776, 0.12679535150527954, 0.0020660609006881714], "motor_control": [[657.5488891601562], [-137.4861297607422]]}