{"plat_x": 0.2035650908946991, "plat_y": 0.8359231948852539, "plat_z": -0.11778195202350616, "EE_x": 0.23609012365341187, "EE_y": 0.934773862361908, "EE_z": -0.07821114361286163, "p_zero": [-0.006122037768363953, 0.1271175742149353, 0.004081927239894867], "motor_control": [[-1508.3751220703125], [1058.9639892578125]]}