{"plat_x": 0.2036639004945755, "plat_y": 0.8360886573791504, "plat_z": -0.11789920181035995, "EE_x": 0.19197821617126465, "EE_y": 0.9615291953086853, "EE_z": -0.11968903243541718, "p_zero": [-0.009404316544532776, 0.12679535150527954, 0.0020660609006881714], "motor_control": [[47.72055435180664], [-47.14112091064453]]}