{"plat_x": 0.20368517935276031, "plat_y": 0.8360998034477234, "plat_z": -0.11790021508932114, "EE_x": 0.22076104581356049, "EE_y": 0.9564533233642578, "EE_z": -0.11161438375711441, "p_zero": [-0.009404316544532776, 0.12679535150527954, 0.0020660609006881714], "motor_control": [[-652.897216796875], [-44.78424835205078]]}