{"plat_x": 0.203675776720047, "plat_y": 0.8360782861709595, "plat_z": -0.11791811138391495, "EE_x": 0.16902194917201996, "EE_y": 0.952979564666748, "EE_z": -0.11545062810182571, "p_zero": [-0.005162492394447327, 0.12702172994613647, 0.004828847944736481], "motor_control": [[925.5651245117188], [9.411398887634277]]}