{"plat_x": 0.2036963552236557, "plat_y": 0.8360729217529297, "plat_z": -0.1179473027586937, "EE_x": 0.20854441821575165, "EE_y": 0.9345242977142334, "EE_z": -0.05778813362121582, "p_zero": [-0.005162492394447327, 0.12702172994613647, 0.004828847944736481], "motor_control": [[-611.7019653320312], [1735.0865478515625]]}