{"plat_x": 0.20368875563144684, "plat_y": 0.8360583782196045, "plat_z": -0.117946095764637, "EE_x": 0.19794881343841553, "EE_y": 0.961581826210022, "EE_z": -0.1060512512922287, "p_zero": [-0.005162492394447327, 0.12702172994613647, 0.004828847944736481], "motor_control": [[51.98336410522461], [209.62538146972656]]}