{"plat_x": 0.20368638634681702, "plat_y": 0.8360630869865417, "plat_z": -0.11793048679828644, "EE_x": 0.23137971758842468, "EE_y": 0.9485411047935486, "EE_z": -0.1155189573764801, "p_zero": [-0.005162492394447327, 0.12702172994613647, 0.004828847944736481], "motor_control": [[-1047.8638916015625], [-427.6094055175781]]}