{"plat_x": 0.2036833018064499, "plat_y": 0.8360897302627563, "plat_z": -0.11793237179517746, "EE_x": 0.1994154155254364, "EE_y": 0.9330215454101562, "EE_z": -0.1587836593389511, "p_zero": [-0.005162492394447327, 0.12702172994613647, 0.004828847944736481], "motor_control": [[367.94622802734375], [-1748.67138671875]]}