{"plat_x": 0.20356571674346924, "plat_y": 0.8359222412109375, "plat_z": -0.11778229475021362, "EE_x": 0.2465665638446808, "EE_y": 0.9390817284584045, "EE_z": -0.10578911006450653, "p_zero": [-0.006122037768363953, 0.1271175742149353, 0.004081927239894867], "motor_control": [[-1581.5704345703125], [-68.5357894897461]]}