{"plat_x": 0.2036706954240799, "plat_y": 0.8360705375671387, "plat_z": -0.11790317296981812, "EE_x": 0.22317397594451904, "EE_y": 0.9552437663078308, "EE_z": -0.11193583160638809, "p_zero": [-0.009404316544532776, 0.12679535150527954, 0.0020660609006881714], "motor_control": [[-704.0252685546875], [-115.43529510498047]]}