{"plat_x": 0.20364494621753693, "plat_y": 0.8360693454742432, "plat_z": -0.11790046840906143, "EE_x": 0.2053084373474121, "EE_y": 0.9600280523300171, "EE_z": -0.12024330347776413, "p_zero": [-0.009404316544532776, 0.12679535150527954, 0.0020660609006881714], "motor_control": [[-175.2294464111328], [-179.08212280273438]]}