{"plat_x": 0.20369574427604675, "plat_y": 0.8360714316368103, "plat_z": -0.11794840544462204, "EE_x": 0.2109246701002121, "EE_y": 0.9589123129844666, "EE_z": -0.1045050323009491, "p_zero": [-0.005162492394447327, 0.12702172994613647, 0.004828847944736481], "motor_control": [[-443.7941589355469], [164.6147003173828]]}