{"plat_x": 0.20368649065494537, "plat_y": 0.836071789264679, "plat_z": -0.11793315410614014, "EE_x": 0.22070983052253723, "EE_y": 0.9539111852645874, "EE_z": -0.09535688906908035, "p_zero": [-0.005162492394447327, 0.12702172994613647, 0.004828847944736481], "motor_control": [[-734.9995727539062], [328.29052734375]]}