{"plat_x": 0.20356522500514984, "plat_y": 0.8359240293502808, "plat_z": -0.11777977645397186, "EE_x": 0.17959019541740417, "EE_y": 0.9573425650596619, "EE_z": -0.11630415171384811, "p_zero": [-0.006122037768363953, 0.1271175742149353, 0.004081927239894867], "motor_control": [[617.6051025390625], [-52.318809509277344]]}