{"plat_x": 0.20368140935897827, "plat_y": 0.8360658288002014, "plat_z": -0.11794262379407883, "EE_x": 0.20106641948223114, "EE_y": 0.9390646815299988, "EE_z": -0.1561838984489441, "p_zero": [-0.005162492394447327, 0.12702172994613647, 0.004828847944736481], "motor_control": [[109.70176696777344], [-1466.5010986328125]]}