{"plat_x": 0.20368216931819916, "plat_y": 0.8360916376113892, "plat_z": -0.11792156100273132, "EE_x": 0.18979591131210327, "EE_y": 0.956946849822998, "EE_z": -0.08803321421146393, "p_zero": [-0.005162492394447327, 0.12702172994613647, 0.004828847944736481], "motor_control": [[9.051291465759277], [647.9456787109375]]}