{"plat_x": 0.20369622111320496, "plat_y": 0.8360978364944458, "plat_z": -0.11793386936187744, "EE_x": 0.19389775395393372, "EE_y": 0.9560099840164185, "EE_z": -0.13105103373527527, "p_zero": [-0.005162492394447327, 0.12702172994613647, 0.004828847944736481], "motor_control": [[277.6519775390625], [-518.5881958007812]]}