{"plat_x": 0.20365400612354279, "plat_y": 0.8360732793807983, "plat_z": -0.11790154874324799, "EE_x": 0.188486248254776, "EE_y": 0.942599892616272, "EE_z": -0.1479284167289734, "p_zero": [-0.009404316544532776, 0.12679535150527954, 0.0020660609006881714], "motor_control": [[565.1129150390625], [-1204.79736328125]]}