{"plat_x": 0.20367933809757233, "plat_y": 0.8360839486122131, "plat_z": -0.11792153120040894, "EE_x": 0.1949966847896576, "EE_y": 0.9619696736335754, "EE_z": -0.11748041957616806, "p_zero": [-0.005162492394447327, 0.12702172994613647, 0.004828847944736481], "motor_control": [[-40.945892333984375], [-43.559654235839844]]}