{"plat_x": 0.20367327332496643, "plat_y": 0.8360787630081177, "plat_z": -0.11790010333061218, "EE_x": 0.16651993989944458, "EE_y": 0.9389833211898804, "EE_z": -0.13504774868488312, "p_zero": [-0.009404316544532776, 0.12679535150527954, 0.0020660609006881714], "motor_control": [[1397.069091796875], [-917.143310546875]]}