{"plat_x": 0.20356787741184235, "plat_y": 0.8359236121177673, "plat_z": -0.11777787655591965, "EE_x": 0.20660647749900818, "EE_y": 0.9532539248466492, "EE_z": -0.08238475769758224, "p_zero": [-0.006122037768363953, 0.1271175742149353, 0.004081927239894867], "motor_control": [[-373.9335632324219], [769.8679809570312]]}