{"plat_x": 0.2035643309354782, "plat_y": 0.8359236717224121, "plat_z": -0.11778182536363602, "EE_x": 0.18518219888210297, "EE_y": 0.9402534365653992, "EE_z": -0.06412862241268158, "p_zero": [-0.006122037768363953, 0.1271175742149353, 0.004081927239894867], "motor_control": [[426.133056640625], [1545.4478759765625]]}