{"plat_x": 0.20356252789497375, "plat_y": 0.8359272480010986, "plat_z": -0.11777864396572113, "EE_x": 0.20426084101200104, "EE_y": 0.9604142308235168, "EE_z": -0.11887354403734207, "p_zero": [-0.006122037768363953, 0.1271175742149353, 0.004081927239894867], "motor_control": [[-182.1735076904297], [-139.868896484375]]}