{"plat_x": 0.2036716789007187, "plat_y": 0.8360757827758789, "plat_z": -0.11791431158781052, "EE_x": 0.19075541198253632, "EE_y": 0.9500328302383423, "EE_z": -0.14015303552150726, "p_zero": [-0.005162492394447327, 0.12702172994613647, 0.004828847944736481], "motor_control": [[356.7359924316406], [-847.7760009765625]]}