{"plat_x": 0.20356833934783936, "plat_y": 0.8359244465827942, "plat_z": -0.11778159439563751, "EE_x": 0.24794723093509674, "EE_y": 0.9359492659568787, "EE_z": -0.09740214049816132, "p_zero": [-0.006122037768363953, 0.1271175742149353, 0.004081927239894867], "motor_control": [[-1706.6607666015625], [189.40884399414062]]}