{"plat_x": 0.20369701087474823, "plat_y": 0.8361028432846069, "plat_z": -0.1179104745388031, "EE_x": 0.2177087366580963, "EE_y": 0.9566932916641235, "EE_z": -0.11813967674970627, "p_zero": [-0.009404316544532776, 0.12679535150527954, 0.0020660609006881714], "motor_control": [[-515.246337890625], [-218.30426025390625]]}