{"plat_x": 0.2036903351545334, "plat_y": 0.8360701203346252, "plat_z": -0.11795124411582947, "EE_x": 0.21321463584899902, "EE_y": 0.9531509280204773, "EE_z": -0.08671180158853531, "p_zero": [-0.005162492394447327, 0.12702172994613647, 0.004828847944736481], "motor_control": [[-574.9708251953125], [646.9244995117188]]}