{"plat_x": 0.2036830633878708, "plat_y": 0.8360514640808105, "plat_z": -0.1179366335272789, "EE_x": 0.1561749428510666, "EE_y": 0.9368059039115906, "EE_z": -0.0911848172545433, "p_zero": [-0.005162492394447327, 0.12702172994613647, 0.004828847944736481], "motor_control": [[1606.8101806640625], [910.7439575195312]]}