{"plat_x": 0.20369906723499298, "plat_y": 0.8360989093780518, "plat_z": -0.11793495714664459, "EE_x": 0.19680695235729218, "EE_y": 0.9587392807006836, "EE_z": -0.09047745168209076, "p_zero": [-0.005162492394447327, 0.12702172994613647, 0.004828847944736481], "motor_control": [[-9.851583480834961], [540.7765502929688]]}