{"plat_x": 0.2035628855228424, "plat_y": 0.8359285593032837, "plat_z": -0.11777886748313904, "EE_x": 0.18830502033233643, "EE_y": 0.9396411180496216, "EE_z": -0.14889584481716156, "p_zero": [-0.006122037768363953, 0.1271175742149353, 0.004081927239894867], "motor_control": [[741.8065795898438], [-1359.511474609375]]}