{"plat_x": 0.20368918776512146, "plat_y": 0.8360733985900879, "plat_z": -0.11793646216392517, "EE_x": 0.194159597158432, "EE_y": 0.952404797077179, "EE_z": -0.07652794569730759, "p_zero": [-0.005162492394447327, 0.12702172994613647, 0.004828847944736481], "motor_control": [[74.87187957763672], [987.5374145507812]]}