{"plat_x": 0.20356778800487518, "plat_y": 0.8359219431877136, "plat_z": -0.11778835952281952, "EE_x": 0.1750940978527069, "EE_y": 0.9414931535720825, "EE_z": -0.07390453666448593, "p_zero": [-0.006122037768363953, 0.1271175742149353, 0.004081927239894867], "motor_control": [[923.1944580078125], [1313.7364501953125]]}