{"plat_x": 0.20367757976055145, "plat_y": 0.8360709547996521, "plat_z": -0.11790405213832855, "EE_x": 0.19418178498744965, "EE_y": 0.9490066170692444, "EE_z": -0.14463607966899872, "p_zero": [-0.009404316544532776, 0.12679535150527954, 0.0020660609006881714], "motor_control": [[164.40130615234375], [-928.897705078125]]}