{"plat_x": 0.2035685032606125, "plat_y": 0.8359242677688599, "plat_z": -0.11778350919485092, "EE_x": 0.19518917798995972, "EE_y": 0.9341074228286743, "EE_z": -0.05466695874929428, "p_zero": [-0.006122037768363953, 0.1271175742149353, 0.004081927239894867], "motor_control": [[-239.66404724121094], [1862.298828125]]}