{"plat_x": 0.20367081463336945, "plat_y": 0.8360733985900879, "plat_z": -0.11792884767055511, "EE_x": 0.18307708203792572, "EE_y": 0.9583135843276978, "EE_z": -0.10397353768348694, "p_zero": [-0.005162492394447327, 0.12702172994613647, 0.004828847944736481], "motor_control": [[399.6673583984375], [266.38372802734375]]}