{"plat_x": 0.20368078351020813, "plat_y": 0.8360805511474609, "plat_z": -0.11792095005512238, "EE_x": 0.16701292991638184, "EE_y": 0.939547598361969, "EE_z": -0.07938525825738907, "p_zero": [-0.005162492394447327, 0.12702172994613647, 0.004828847944736481], "motor_control": [[1216.6298828125], [1222.562744140625]]}