{"plat_x": 0.20356592535972595, "plat_y": 0.8359200954437256, "plat_z": -0.11778461188077927, "EE_x": 0.16612674295902252, "EE_y": 0.9425305128097534, "EE_z": -0.08485826104879379, "p_zero": [-0.006122037768363953, 0.1271175742149353, 0.004081927239894867], "motor_control": [[1192.692138671875], [1001.69873046875]]}