{"plat_x": 0.203687384724617, "plat_y": 0.8361033201217651, "plat_z": -0.11790250986814499, "EE_x": 0.19899068772792816, "EE_y": 0.9626393914222717, "EE_z": -0.11584551632404327, "p_zero": [-0.009404316544532776, 0.12679535150527954, 0.0020660609006881714], "motor_control": [[-8.4870023727417], [-8.38084888458252]]}