{"plat_x": 0.20367345213890076, "plat_y": 0.8360693454742432, "plat_z": -0.11793877184391022, "EE_x": 0.18948954343795776, "EE_y": 0.9590579271316528, "EE_z": -0.12258701771497726, "p_zero": [-0.005162492394447327, 0.12702172994613647, 0.004828847944736481], "motor_control": [[225.8238525390625], [-219.9998321533203]]}