{"plat_x": 0.2036879062652588, "plat_y": 0.836061954498291, "plat_z": -0.11794042587280273, "EE_x": 0.16005422174930573, "EE_y": 0.9348559379577637, "EE_z": -0.13135218620300293, "p_zero": [-0.005162492394447327, 0.12702172994613647, 0.004828847944736481], "motor_control": [[1665.0966796875], [-901.9608764648438]]}