{"plat_x": 0.20369891822338104, "plat_y": 0.8361037969589233, "plat_z": -0.1179279237985611, "EE_x": 0.19442172348499298, "EE_y": 0.9608035683631897, "EE_z": -0.12210141122341156, "p_zero": [-0.005162492394447327, 0.12702172994613647, 0.004828847944736481], "motor_control": [[70.71514892578125], [-160.6993865966797]]}