{"plat_x": 0.2036944478750229, "plat_y": 0.8360577821731567, "plat_z": -0.11794070899486542, "EE_x": 0.19685660302639008, "EE_y": 0.962622344493866, "EE_z": -0.115545853972435, "p_zero": [-0.005162492394447327, 0.12702172994613647, 0.004828847944736481], "motor_control": [[29.878355026245117], [11.035181045532227]]}