{"plat_x": 0.20368345081806183, "plat_y": 0.8360797166824341, "plat_z": -0.11792884767055511, "EE_x": 0.20527708530426025, "EE_y": 0.9599721431732178, "EE_z": -0.12068776041269302, "p_zero": [-0.005162492394447327, 0.12702172994613647, 0.004828847944736481], "motor_control": [[-193.7721710205078], [-207.2210235595703]]}