{"plat_x": 0.2035672813653946, "plat_y": 0.8359246253967285, "plat_z": -0.11778993159532547, "EE_x": 0.1804969608783722, "EE_y": 0.9574548602104187, "EE_z": -0.11760643124580383, "p_zero": [-0.006122037768363953, 0.1271175742149353, 0.004081927239894867], "motor_control": [[559.1868896484375], [-96.0024642944336]]}