{"plat_x": 0.20368514955043793, "plat_y": 0.8360766768455505, "plat_z": -0.11793490499258041, "EE_x": 0.22672876715660095, "EE_y": 0.9402236342430115, "EE_z": -0.07568523287773132, "p_zero": [-0.005162492394447327, 0.12702172994613647, 0.004828847944736481], "motor_control": [[-1181.248779296875], [1103.2705078125]]}