{"plat_x": 0.20356182754039764, "plat_y": 0.835924506187439, "plat_z": -0.11777571588754654, "EE_x": 0.2104114294052124, "EE_y": 0.9586588740348816, "EE_z": -0.10116050392389297, "p_zero": [-0.006122037768363953, 0.1271175742149353, 0.004081927239894867], "motor_control": [[-417.7413024902344], [241.14190673828125]]}