{"plat_x": 0.20369312167167664, "plat_y": 0.8360674381256104, "plat_z": -0.11793190240859985, "EE_x": 0.2037561684846878, "EE_y": 0.938088059425354, "EE_z": -0.058866068720817566, "p_zero": [-0.005162492394447327, 0.12702172994613647, 0.004828847944736481], "motor_control": [[-314.4819641113281], [1641.140380859375]]}