{"plat_x": 0.20368839800357819, "plat_y": 0.8361002802848816, "plat_z": -0.1179114282131195, "EE_x": 0.24345599114894867, "EE_y": 0.9401594400405884, "EE_z": -0.11083640903234482, "p_zero": [-0.009404316544532776, 0.12679535150527954, 0.0020660609006881714], "motor_control": [[-1533.5650634765625], [-308.7183532714844]]}