{"plat_x": 0.2036861628293991, "plat_y": 0.8360719680786133, "plat_z": -0.11793411523103714, "EE_x": 0.182182177901268, "EE_y": 0.9549030661582947, "EE_z": -0.12548014521598816, "p_zero": [-0.005162492394447327, 0.12702172994613647, 0.004828847944736481], "motor_control": [[633.0531005859375], [-338.0520935058594]]}