{"plat_x": 0.20367534458637238, "plat_y": 0.8360738754272461, "plat_z": -0.11789572238922119, "EE_x": 0.20205265283584595, "EE_y": 0.9617289900779724, "EE_z": -0.11294732242822647, "p_zero": [-0.009404316544532776, 0.12679535150527954, 0.0020660609006881714], "motor_control": [[-223.2622833251953], [17.747600555419922]]}