{"plat_x": 0.20356883108615875, "plat_y": 0.8359287977218628, "plat_z": -0.11777830868959427, "EE_x": 0.25108182430267334, "EE_y": 0.9342896938323975, "EE_z": -0.10116267949342728, "p_zero": [-0.006122037768363953, 0.1271175742149353, 0.004081927239894867], "motor_control": [[-1797.4033203125], [37.12605285644531]]}