{"plat_x": 0.2036757618188858, "plat_y": 0.8360722064971924, "plat_z": -0.11789589375257492, "EE_x": 0.1927519589662552, "EE_y": 0.9456692337989807, "EE_z": -0.14685747027397156, "p_zero": [-0.009404316544532776, 0.12679535150527954, 0.0020660609006881714], "motor_control": [[339.9457092285156], [-1088.1373291015625]]}