{"plat_x": 0.20356853306293488, "plat_y": 0.835922360420227, "plat_z": -0.11778542399406433, "EE_x": 0.18572813272476196, "EE_y": 0.9515873193740845, "EE_z": -0.13443851470947266, "p_zero": [-0.006122037768363953, 0.1271175742149353, 0.004081927239894867], "motor_control": [[527.4572143554688], [-667.0088500976562]]}