{"plat_x": 0.20356406271457672, "plat_y": 0.8359180688858032, "plat_z": -0.11778172105550766, "EE_x": 0.19207456707954407, "EE_y": 0.9425684213638306, "EE_z": -0.1487346738576889, "p_zero": [-0.006122037768363953, 0.1271175742149353, 0.004081927239894867], "motor_control": [[487.0102233886719], [-1245.0592041015625]]}