{"plat_x": 0.2036948949098587, "plat_y": 0.8360710740089417, "plat_z": -0.11794869601726532, "EE_x": 0.17343592643737793, "EE_y": 0.9461463689804077, "EE_z": -0.08280494064092636, "p_zero": [-0.005162492394447327, 0.12702172994613647, 0.004828847944736481], "motor_control": [[907.2673950195312], [1018.5841064453125]]}