{"plat_x": 0.20367909967899323, "plat_y": 0.8360940217971802, "plat_z": -0.11792758852243423, "EE_x": 0.17721118032932281, "EE_y": 0.9429264664649963, "EE_z": -0.13941369950771332, "p_zero": [-0.005162492394447327, 0.12702172994613647, 0.004828847944736481], "motor_control": [[1025.39111328125], [-1010.0560302734375]]}