{"plat_x": 0.20368947088718414, "plat_y": 0.8360648155212402, "plat_z": -0.11795125901699066, "EE_x": 0.1834990382194519, "EE_y": 0.9462403655052185, "EE_z": -0.14073936641216278, "p_zero": [-0.005162492394447327, 0.12702172994613647, 0.004828847944736481], "motor_control": [[691.7169799804688], [-952.5093994140625]]}