{"plat_x": 0.20368339121341705, "plat_y": 0.8360748887062073, "plat_z": -0.11793462187051773, "EE_x": 0.20908227562904358, "EE_y": 0.9600971341133118, "EE_z": -0.10495415329933167, "p_zero": [-0.005162492394447327, 0.12702172994613647, 0.004828847944736481], "motor_control": [[-330.5555725097656], [163.67636108398438]]}