{"plat_x": 0.2036491185426712, "plat_y": 0.8360745906829834, "plat_z": -0.11790254712104797, "EE_x": 0.2141408920288086, "EE_y": 0.9574403166770935, "EE_z": -0.1171174868941307, "p_zero": [-0.009404316544532776, 0.12679535150527954, 0.0020660609006881714], "motor_control": [[-483.188232421875], [-237.78123474121094]]}