{"plat_x": 0.20367516577243805, "plat_y": 0.836070716381073, "plat_z": -0.11791951954364777, "EE_x": 0.18544456362724304, "EE_y": 0.9385517239570618, "EE_z": -0.14986661076545715, "p_zero": [-0.005162492394447327, 0.12702172994613647, 0.004828847944736481], "motor_control": [[765.0277099609375], [-1379.36767578125]]}