{"plat_x": 0.20367036759853363, "plat_y": 0.8360675573348999, "plat_z": -0.11791179329156876, "EE_x": 0.1935502290725708, "EE_y": 0.9624193906784058, "EE_z": -0.11619015783071518, "p_zero": [-0.005162492394447327, 0.12702172994613647, 0.004828847944736481], "motor_control": [[2.9048211574554443], [-18.94244384765625]]}