{"plat_x": 0.2036944329738617, "plat_y": 0.8361038565635681, "plat_z": -0.11793380975723267, "EE_x": 0.18905998766422272, "EE_y": 0.9512621164321899, "EE_z": -0.07918359339237213, "p_zero": [-0.005162492394447327, 0.12702172994613647, 0.004828847944736481], "motor_control": [[381.7039794921875], [975.9089965820312]]}