{"plat_x": 0.20368118584156036, "plat_y": 0.8360676169395447, "plat_z": -0.11793377995491028, "EE_x": 0.20012140274047852, "EE_y": 0.9483445286750793, "EE_z": -0.1462525874376297, "p_zero": [-0.005162492394447327, 0.12702172994613647, 0.004828847944736481], "motor_control": [[80.23322296142578], [-996.2847290039062]]}