{"plat_x": 0.20366735756397247, "plat_y": 0.8360875844955444, "plat_z": -0.11790083348751068, "EE_x": 0.21774570643901825, "EE_y": 0.9528122544288635, "EE_z": -0.1278243213891983, "p_zero": [-0.009404316544532776, 0.12679535150527954, 0.0020660609006881714], "motor_control": [[-556.68798828125], [-527.3898315429688]]}