{"plat_x": 0.20369400084018707, "plat_y": 0.8360795974731445, "plat_z": -0.11794828623533249, "EE_x": 0.15245848894119263, "EE_y": 0.93830406665802, "EE_z": -0.11766894161701202, "p_zero": [-0.005162492394447327, 0.12702172994613647, 0.004828847944736481], "motor_control": [[1679.6533203125], [-237.25730895996094]]}