{"plat_x": 0.20367363095283508, "plat_y": 0.8360282182693481, "plat_z": -0.11792350560426712, "EE_x": 0.15564236044883728, "EE_y": 0.9336662292480469, "EE_z": -0.08577428758144379, "p_zero": [-0.005162492394447327, 0.12702172994613647, 0.004828847944736481], "motor_control": [[1660.0238037109375], [1101.334228515625]]}