{"plat_x": 0.2035643309354782, "plat_y": 0.8359264135360718, "plat_z": -0.11777466535568237, "EE_x": 0.19240042567253113, "EE_y": 0.9573909044265747, "EE_z": -0.12811003625392914, "p_zero": [-0.006122037768363953, 0.1271175742149353, 0.004081927239894867], "motor_control": [[223.65380859375], [-397.0994873046875]]}