{"plat_x": 0.2036905139684677, "plat_y": 0.8360676765441895, "plat_z": -0.11794548481702805, "EE_x": 0.21603308618068695, "EE_y": 0.9483048915863037, "EE_z": -0.13826501369476318, "p_zero": [-0.005162492394447327, 0.12702172994613647, 0.004828847944736481], "motor_control": [[-461.926513671875], [-923.768798828125]]}