{"plat_x": 0.2036789357662201, "plat_y": 0.8360763788223267, "plat_z": -0.11792822182178497, "EE_x": 0.18439450860023499, "EE_y": 0.9538947343826294, "EE_z": -0.08661536872386932, "p_zero": [-0.005162492394447327, 0.12702172994613647, 0.004828847944736481], "motor_control": [[474.9637756347656], [691.2989501953125]]}