{"plat_x": 0.20368652045726776, "plat_y": 0.8360686898231506, "plat_z": -0.1179233193397522, "EE_x": 0.20196755230426788, "EE_y": 0.9338337779045105, "EE_z": -0.055414680391550064, "p_zero": [-0.005162492394447327, 0.12702172994613647, 0.004828847944736481], "motor_control": [[-418.34375], [1829.734375]]}