{"plat_x": 0.20364192128181458, "plat_y": 0.8360689282417297, "plat_z": -0.11789675056934357, "EE_x": 0.1885857731103897, "EE_y": 0.9446602463722229, "EE_z": -0.06844498962163925, "p_zero": [-0.009404316544532776, 0.12679535150527954, 0.0020660609006881714], "motor_control": [[343.1364440917969], [1366.9053955078125]]}