{"plat_x": 0.20356756448745728, "plat_y": 0.8359237909317017, "plat_z": -0.11778215318918228, "EE_x": 0.21862512826919556, "EE_y": 0.9561291933059692, "EE_z": -0.11833835393190384, "p_zero": [-0.006122037768363953, 0.1271175742149353, 0.004081927239894867], "motor_control": [[-521.2164306640625], [-225.2403106689453]]}