{"plat_x": 0.20356664061546326, "plat_y": 0.835924506187439, "plat_z": -0.11777906864881516, "EE_x": 0.19897891581058502, "EE_y": 0.9460147619247437, "EE_z": -0.06703206151723862, "p_zero": [-0.006122037768363953, 0.1271175742149353, 0.004081927239894867], "motor_control": [[-152.18850708007812], [1302.443115234375]]}