{"plat_x": 0.2036801278591156, "plat_y": 0.8360803127288818, "plat_z": -0.117917999625206, "EE_x": 0.24380439519882202, "EE_y": 0.9399363398551941, "EE_z": -0.10913221538066864, "p_zero": [-0.005162492394447327, 0.12702172994613647, 0.004828847944736481], "motor_control": [[-1524.3841552734375], [-346.7450866699219]]}