{"plat_x": 0.20356662571430206, "plat_y": 0.8359276652336121, "plat_z": -0.11777617037296295, "EE_x": 0.2287343144416809, "EE_y": 0.9394953846931458, "EE_z": -0.1370943933725357, "p_zero": [-0.006122037768363953, 0.1271175742149353, 0.004081927239894867], "motor_control": [[-1060.47900390625], [-1185.618896484375]]}