{"plat_x": 0.20356932282447815, "plat_y": 0.8359257578849792, "plat_z": -0.117789626121521, "EE_x": 0.17614704370498657, "EE_y": 0.9546021819114685, "EE_z": -0.11973696202039719, "p_zero": [-0.006122037768363953, 0.1271175742149353, 0.004081927239894867], "motor_control": [[758.0257568359375], [-183.66566467285156]]}