{"plat_x": 0.2036900520324707, "plat_y": 0.8360973596572876, "plat_z": -0.11789751797914505, "EE_x": 0.19330312311649323, "EE_y": 0.9620091915130615, "EE_z": -0.11774832010269165, "p_zero": [-0.009404316544532776, 0.12679535150527954, 0.0020660609006881714], "motor_control": [[37.90897750854492], [-67.33981323242188]]}