{"plat_x": 0.20365175604820251, "plat_y": 0.8360704183578491, "plat_z": -0.11790423095226288, "EE_x": 0.24163603782653809, "EE_y": 0.939276397228241, "EE_z": -0.11464112251996994, "p_zero": [-0.009404316544532776, 0.12679535150527954, 0.0020660609006881714], "motor_control": [[-1525.5595703125], [-613.2540283203125]]}