{"plat_x": 0.20368070900440216, "plat_y": 0.8360714316368103, "plat_z": -0.11793249100446701, "EE_x": 0.15833064913749695, "EE_y": 0.9410195350646973, "EE_z": -0.09326811879873276, "p_zero": [-0.005162492394447327, 0.12702172994613647, 0.004828847944736481], "motor_control": [[1428.6611328125], [688.6009521484375]]}