{"plat_x": 0.20368291437625885, "plat_y": 0.8360826969146729, "plat_z": -0.11790746450424194, "EE_x": 0.22861695289611816, "EE_y": 0.9514754414558411, "EE_z": -0.10072655230760574, "p_zero": [-0.009404316544532776, 0.12679535150527954, 0.0020660609006881714], "motor_control": [[-975.3419189453125], [189.9065704345703]]}