{"plat_x": 0.20366133749485016, "plat_y": 0.8360875248908997, "plat_z": -0.11790034174919128, "EE_x": 0.19606317579746246, "EE_y": 0.9612696766853333, "EE_z": -0.10369379073381424, "p_zero": [-0.009404316544532776, 0.12679535150527954, 0.0020660609006881714], "motor_control": [[-84.59927368164062], [273.375]]}