{"plat_x": 0.20356175303459167, "plat_y": 0.8359253406524658, "plat_z": -0.11777298152446747, "EE_x": 0.18000736832618713, "EE_y": 0.9414811730384827, "EE_z": -0.07032269984483719, "p_zero": [-0.006122037768363953, 0.1271175742149353, 0.004081927239894867], "motor_control": [[740.8187866210938], [1418.5833740234375]]}