{"plat_x": 0.2036866694688797, "plat_y": 0.8360766172409058, "plat_z": -0.1179429441690445, "EE_x": 0.20095515251159668, "EE_y": 0.9451711177825928, "EE_z": -0.15069523453712463, "p_zero": [-0.005162492394447327, 0.12702172994613647, 0.004828847944736481], "motor_control": [[-11.628436088562012], [-1169.52783203125]]}