{"plat_x": 0.20367105305194855, "plat_y": 0.8360507488250732, "plat_z": -0.11790892481803894, "EE_x": 0.15941816568374634, "EE_y": 0.9372131824493408, "EE_z": -0.12863539159297943, "p_zero": [-0.005162492394447327, 0.12702172994613647, 0.004828847944736481], "motor_control": [[1619.9156494140625], [-723.0909423828125]]}