{"plat_x": 0.20367904007434845, "plat_y": 0.836082398891449, "plat_z": -0.11791520565748215, "EE_x": 0.1658651977777481, "EE_y": 0.9381788372993469, "EE_z": -0.07836508005857468, "p_zero": [-0.005162492394447327, 0.12702172994613647, 0.004828847944736481], "motor_control": [[1268.8524169921875], [1274.5347900390625]]}