{"plat_x": 0.20367933809757233, "plat_y": 0.8360767960548401, "plat_z": -0.11792142689228058, "EE_x": 0.1450297087430954, "EE_y": 0.9334885478019714, "EE_z": -0.11508920788764954, "p_zero": [-0.005162492394447327, 0.12702172994613647, 0.004828847944736481], "motor_control": [[1880.72900390625], [2.499177932739258]]}