{"plat_x": 0.2036709487438202, "plat_y": 0.8360742330551147, "plat_z": -0.11792288720607758, "EE_x": 0.18731018900871277, "EE_y": 0.9599950313568115, "EE_z": -0.11597833037376404, "p_zero": [-0.005162492394447327, 0.12702172994613647, 0.004828847944736481], "motor_control": [[396.0293273925781], [-6.921109676361084]]}