{"plat_x": 0.20370210707187653, "plat_y": 0.8360826373100281, "plat_z": -0.11794772744178772, "EE_x": 0.20262402296066284, "EE_y": 0.9456126093864441, "EE_z": -0.1494949609041214, "p_zero": [-0.005162492394447327, 0.12702172994613647, 0.004828847944736481], "motor_control": [[66.7237777709961], [-1151.955810546875]]}