{"plat_x": 0.20368221402168274, "plat_y": 0.8361009359359741, "plat_z": -0.11789446324110031, "EE_x": 0.20129293203353882, "EE_y": 0.9624708890914917, "EE_z": -0.11498618125915527, "p_zero": [-0.009404316544532776, 0.12679535150527954, 0.0020660609006881714], "motor_control": [[-97.67499542236328], [9.319331169128418]]}