{"plat_x": 0.20368380844593048, "plat_y": 0.8360538482666016, "plat_z": -0.11793402582406998, "EE_x": 0.22108492255210876, "EE_y": 0.9552918076515198, "EE_z": -0.11511467397212982, "p_zero": [-0.005162492394447327, 0.12702172994613647, 0.004828847944736481], "motor_control": [[-629.7809448242188], [-249.44970703125]]}