{"plat_x": 0.20356841385364532, "plat_y": 0.8359225392341614, "plat_z": -0.11778312921524048, "EE_x": 0.21343129873275757, "EE_y": 0.958950400352478, "EE_z": -0.11306118965148926, "p_zero": [-0.006122037768363953, 0.1271175742149353, 0.004081927239894867], "motor_control": [[-421.4459228515625], [-98.65421295166016]]}