{"plat_x": 0.20368511974811554, "plat_y": 0.8361079096794128, "plat_z": -0.11789645999670029, "EE_x": 0.21797099709510803, "EE_y": 0.9554436802864075, "EE_z": -0.1210869699716568, "p_zero": [-0.009404316544532776, 0.12679535150527954, 0.0020660609006881714], "motor_control": [[-530.8306884765625], [-368.07391357421875]]}