{"plat_x": 0.20368269085884094, "plat_y": 0.8360683917999268, "plat_z": -0.11793447285890579, "EE_x": 0.1953037679195404, "EE_y": 0.9588989019393921, "EE_z": -0.092403843998909, "p_zero": [-0.005162492394447327, 0.12702172994613647, 0.004828847944736481], "motor_control": [[57.03132247924805], [498.39727783203125]]}