{"plat_x": 0.20367692410945892, "plat_y": 0.8360840082168579, "plat_z": -0.11790359020233154, "EE_x": 0.2177140712738037, "EE_y": 0.9354507923126221, "EE_z": -0.15025416016578674, "p_zero": [-0.009404316544532776, 0.12679535150527954, 0.0020660609006881714], "motor_control": [[-785.496337890625], [-1532.839599609375]]}