{"plat_x": 0.2036910206079483, "plat_y": 0.8360564112663269, "plat_z": -0.11793534457683563, "EE_x": 0.24336087703704834, "EE_y": 0.9389318823814392, "EE_z": -0.09548012167215347, "p_zero": [-0.005162492394447327, 0.12702172994613647, 0.004828847944736481], "motor_control": [[-1559.0020751953125], [382.6185607910156]]}