{"plat_x": 0.20367000997066498, "plat_y": 0.8360571265220642, "plat_z": -0.11791939288377762, "EE_x": 0.18942971527576447, "EE_y": 0.9450162053108215, "EE_z": -0.06622664630413055, "p_zero": [-0.005162492394447327, 0.12702172994613647, 0.004828847944736481], "motor_control": [[162.98263549804688], [1347.0963134765625]]}