{"plat_x": 0.20357094705104828, "plat_y": 0.8359231352806091, "plat_z": -0.11778494715690613, "EE_x": 0.19399946928024292, "EE_y": 0.9596400260925293, "EE_z": -0.1234300434589386, "p_zero": [-0.006122037768363953, 0.1271175742149353, 0.004081927239894867], "motor_control": [[158.4193572998047], [-210.60516357421875]]}