{"plat_x": 0.2036854475736618, "plat_y": 0.8360750079154968, "plat_z": -0.11793296039104462, "EE_x": 0.22945623099803925, "EE_y": 0.9467540979385376, "EE_z": -0.12262068688869476, "p_zero": [-0.005162492394447327, 0.12702172994613647, 0.004828847944736481], "motor_control": [[-1037.4927978515625], [-682.4338989257812]]}