{"plat_x": 0.20365682244300842, "plat_y": 0.8360819816589355, "plat_z": -0.11789989471435547, "EE_x": 0.14971867203712463, "EE_y": 0.9380427598953247, "EE_z": -0.11362408101558685, "p_zero": [-0.009404316544532776, 0.12679535150527954, 0.0020660609006881714], "motor_control": [[1688.780029296875], [77.42842102050781]]}