{"plat_x": 0.20356787741184235, "plat_y": 0.8359233140945435, "plat_z": -0.11778513342142105, "EE_x": 0.19556854665279388, "EE_y": 0.9623932838439941, "EE_z": -0.11105918884277344, "p_zero": [-0.006122037768363953, 0.1271175742149353, 0.004081927239894867], "motor_control": [[33.99354934692383], [72.1486587524414]]}