{"plat_x": 0.20365427434444427, "plat_y": 0.8360748291015625, "plat_z": -0.11790204793214798, "EE_x": 0.19776006042957306, "EE_y": 0.9419136047363281, "EE_z": -0.1509609967470169, "p_zero": [-0.009404316544532776, 0.12679535150527954, 0.0020660609006881714], "motor_control": [[344.30706787109375], [-1316.289794921875]]}