{"plat_x": 0.20356664061546326, "plat_y": 0.8359253406524658, "plat_z": -0.11778493225574493, "EE_x": 0.22963501513004303, "EE_y": 0.950299084186554, "EE_z": -0.11665760725736618, "p_zero": [-0.006122037768363953, 0.1271175742149353, 0.004081927239894867], "motor_control": [[-921.94384765625], [-331.50311279296875]]}