{"plat_x": 0.20356737077236176, "plat_y": 0.8359246253967285, "plat_z": -0.11778975278139114, "EE_x": 0.1816793829202652, "EE_y": 0.9422928094863892, "EE_z": -0.1426706463098526, "p_zero": [-0.006122037768363953, 0.1271175742149353, 0.004081927239894867], "motor_control": [[904.1310424804688], [-1120.7181396484375]]}