{"plat_x": 0.20356258749961853, "plat_y": 0.8359260559082031, "plat_z": -0.117774099111557, "EE_x": 0.18186192214488983, "EE_y": 0.9478867053985596, "EE_z": -0.13627950847148895, "p_zero": [-0.006122037768363953, 0.1271175742149353, 0.004081927239894867], "motor_control": [[776.8837890625], [-806.2745361328125]]}