{"plat_x": 0.20369137823581696, "plat_y": 0.8360662460327148, "plat_z": -0.11793384701013565, "EE_x": 0.19810767471790314, "EE_y": 0.9624563455581665, "EE_z": -0.10931706428527832, "p_zero": [-0.005162492394447327, 0.12702172994613647, 0.004828847944736481], "motor_control": [[-38.83740234375], [126.57864379882812]]}