{"plat_x": 0.20369061827659607, "plat_y": 0.8360723853111267, "plat_z": -0.11795228719711304, "EE_x": 0.2499677836894989, "EE_y": 0.931455135345459, "EE_z": -0.11125464737415314, "p_zero": [-0.005162492394447327, 0.12702172994613647, 0.004828847944736481], "motor_control": [[-1885.79443359375], [-609.9920043945312]]}