{"plat_x": 0.20366869866847992, "plat_y": 0.8360583782196045, "plat_z": -0.11790028214454651, "EE_x": 0.2034166157245636, "EE_y": 0.9367639422416687, "EE_z": -0.15842092037200928, "p_zero": [-0.009404316544532776, 0.12679535150527954, 0.0020660609006881714], "motor_control": [[55.00982666015625], [-1545.3043212890625]]}