{"plat_x": 0.20368598401546478, "plat_y": 0.836068332195282, "plat_z": -0.11793913692235947, "EE_x": 0.19144368171691895, "EE_y": 0.9534064531326294, "EE_z": -0.13381914794445038, "p_zero": [-0.005162492394447327, 0.12702172994613647, 0.004828847944736481], "motor_control": [[431.4786071777344], [-638.601806640625]]}