{"plat_x": 0.20368416607379913, "plat_y": 0.8360786437988281, "plat_z": -0.1179008036851883, "EE_x": 0.2181289792060852, "EE_y": 0.946130633354187, "EE_z": -0.13848838210105896, "p_zero": [-0.009404316544532776, 0.12679535150527954, 0.0020660609006881714], "motor_control": [[-653.0205688476562], [-1000.2359619140625]]}