{"plat_x": 0.20357178151607513, "plat_y": 0.8359227776527405, "plat_z": -0.11778653413057327, "EE_x": 0.23221781849861145, "EE_y": 0.9497639536857605, "EE_z": -0.1065509170293808, "p_zero": [-0.006122037768363953, 0.1271175742149353, 0.004081927239894867], "motor_control": [[-1082.4615478515625], [-139.7298583984375]]}