{"plat_x": 0.20356322824954987, "plat_y": 0.8359264135360718, "plat_z": -0.11777882277965546, "EE_x": 0.18968431651592255, "EE_y": 0.9603358507156372, "EE_z": -0.11946234107017517, "p_zero": [-0.006122037768363953, 0.1271175742149353, 0.004081927239894867], "motor_control": [[224.8466339111328], [-97.39199829101562]]}