{"plat_x": 0.20367054641246796, "plat_y": 0.8360862731933594, "plat_z": -0.11789707094430923, "EE_x": 0.1922992616891861, "EE_y": 0.9622863531112671, "EE_z": -0.11223957687616348, "p_zero": [-0.009404316544532776, 0.12679535150527954, 0.0020660609006881714], "motor_control": [[29.023969650268555], [81.30238342285156]]}