{"plat_x": 0.20368044078350067, "plat_y": 0.8360936641693115, "plat_z": -0.11793045699596405, "EE_x": 0.18988563120365143, "EE_y": 0.9563454985618591, "EE_z": -0.08787333220243454, "p_zero": [-0.005162492394447327, 0.12702172994613647, 0.004828847944736481], "motor_control": [[208.9459228515625], [625.8325805664062]]}