{"plat_x": 0.2036847025156021, "plat_y": 0.8360840678215027, "plat_z": -0.11793241649866104, "EE_x": 0.22061815857887268, "EE_y": 0.9517064690589905, "EE_z": -0.1253567636013031, "p_zero": [-0.005162492394447327, 0.12702172994613647, 0.004828847944736481], "motor_control": [[-675.6717529296875], [-582.371337890625]]}