{"plat_x": 0.20368941128253937, "plat_y": 0.8360718488693237, "plat_z": -0.11793901026248932, "EE_x": 0.18602484464645386, "EE_y": 0.9601395130157471, "EE_z": -0.11662943661212921, "p_zero": [-0.005162492394447327, 0.12702172994613647, 0.004828847944736481], "motor_control": [[356.8511962890625], [-12.346048355102539]]}