{"plat_x": 0.20369069278240204, "plat_y": 0.8360819220542908, "plat_z": -0.11794058233499527, "EE_x": 0.23652324080467224, "EE_y": 0.9399645924568176, "EE_z": -0.12552648782730103, "p_zero": [-0.005162492394447327, 0.12702172994613647, 0.004828847944736481], "motor_control": [[-1324.4063720703125], [-888.3134765625]]}