{"plat_x": 0.20368342101573944, "plat_y": 0.8360974788665771, "plat_z": -0.11789777129888535, "EE_x": 0.23914599418640137, "EE_y": 0.945425271987915, "EE_z": -0.10550300776958466, "p_zero": [-0.009404316544532776, 0.12679535150527954, 0.0020660609006881714], "motor_control": [[-1308.3612060546875], [-126.40402221679688]]}