{"plat_x": 0.20367412269115448, "plat_y": 0.8360813856124878, "plat_z": -0.11790338158607483, "EE_x": 0.19460426270961761, "EE_y": 0.9601932764053345, "EE_z": -0.0996529757976532, "p_zero": [-0.009404316544532776, 0.12679535150527954, 0.0020660609006881714], "motor_control": [[-54.66604232788086], [387.1126708984375]]}