{"plat_x": 0.20369009673595428, "plat_y": 0.836063027381897, "plat_z": -0.11794403195381165, "EE_x": 0.17867745459079742, "EE_y": 0.9517713785171509, "EE_z": -0.08950705826282501, "p_zero": [-0.005162492394447327, 0.12702172994613647, 0.004828847944736481], "motor_control": [[701.8096313476562], [743.0590209960938]]}