{"plat_x": 0.2036847621202469, "plat_y": 0.8360552191734314, "plat_z": -0.11793556809425354, "EE_x": 0.1740834265947342, "EE_y": 0.9450135827064514, "EE_z": -0.08033059537410736, "p_zero": [-0.005162492394447327, 0.12702172994613647, 0.004828847944736481], "motor_control": [[919.7777709960938], [1102.5]]}