{"plat_x": 0.20356158912181854, "plat_y": 0.8359249830245972, "plat_z": -0.11777149140834808, "EE_x": 0.18393802642822266, "EE_y": 0.9525997042655945, "EE_z": -0.08396761119365692, "p_zero": [-0.006122037768363953, 0.1271175742149353, 0.004081927239894867], "motor_control": [[442.1203918457031], [819.2691040039062]]}