{"plat_x": 0.20368225872516632, "plat_y": 0.8360803723335266, "plat_z": -0.11793290078639984, "EE_x": 0.19095416367053986, "EE_y": 0.9621357917785645, "EE_z": -0.11359530687332153, "p_zero": [-0.005162492394447327, 0.12702172994613647, 0.004828847944736481], "motor_control": [[64.19927978515625], [28.617284774780273]]}