{"plat_x": 0.20356406271457672, "plat_y": 0.8359247446060181, "plat_z": -0.11777730286121368, "EE_x": 0.2174963355064392, "EE_y": 0.9487876892089844, "EE_z": -0.13382893800735474, "p_zero": [-0.006122037768363953, 0.1271175742149353, 0.004081927239894867], "motor_control": [[-594.9019165039062], [-854.723876953125]]}