{"plat_x": 0.2035609930753708, "plat_y": 0.8359246850013733, "plat_z": -0.11777184903621674, "EE_x": 0.1946752816438675, "EE_y": 0.9625028967857361, "EE_z": -0.11467839032411575, "p_zero": [-0.006122037768363953, 0.1271175742149353, 0.004081927239894867], "motor_control": [[-5.853662967681885], [-8.839376449584961]]}