{"plat_x": 0.20355844497680664, "plat_y": 0.8359214067459106, "plat_z": -0.11777056008577347, "EE_x": 0.1759975701570511, "EE_y": 0.937781572341919, "EE_z": -0.06902241706848145, "p_zero": [-0.006122037768363953, 0.1271175742149353, 0.004081927239894867], "motor_control": [[956.64501953125], [1533.377685546875]]}