{"plat_x": 0.20368434488773346, "plat_y": 0.8360680341720581, "plat_z": -0.11794144660234451, "EE_x": 0.17037424445152283, "EE_y": 0.9479279518127441, "EE_z": -0.12531372904777527, "p_zero": [-0.005162492394447327, 0.12702172994613647, 0.004828847944736481], "motor_control": [[1085.347900390625], [-503.26751708984375]]}