{"plat_x": 0.2035674750804901, "plat_y": 0.8359212875366211, "plat_z": -0.11779041588306427, "EE_x": 0.20556631684303284, "EE_y": 0.9612854719161987, "EE_z": -0.11327158659696579, "p_zero": [-0.006122037768363953, 0.1271175742149353, 0.004081927239894867], "motor_control": [[-259.509521484375], [-15.075263977050781]]}