{"plat_x": 0.20368055999279022, "plat_y": 0.836070716381073, "plat_z": -0.11792577058076859, "EE_x": 0.20127975940704346, "EE_y": 0.9366300106048584, "EE_z": -0.05621718242764473, "p_zero": [-0.005162492394447327, 0.12702172994613647, 0.004828847944736481], "motor_control": [[-159.68960571289062], [1723.7730712890625]]}