{"plat_x": 0.20367883145809174, "plat_y": 0.8360778093338013, "plat_z": -0.1179257482290268, "EE_x": 0.2008664458990097, "EE_y": 0.9495289325714111, "EE_z": -0.14375221729278564, "p_zero": [-0.005162492394447327, 0.12702172994613647, 0.004828847944736481], "motor_control": [[-89.46753692626953], [-952.0198364257812]]}