{"plat_x": 0.20356979966163635, "plat_y": 0.8359236717224121, "plat_z": -0.11778585612773895, "EE_x": 0.24568107724189758, "EE_y": 0.934948205947876, "EE_z": -0.11476673185825348, "p_zero": [-0.006122037768363953, 0.1271175742149353, 0.004081927239894867], "motor_control": [[-1694.6251220703125], [-679.4238891601562]]}