{"plat_x": 0.2035638689994812, "plat_y": 0.8359246253967285, "plat_z": -0.11777999252080917, "EE_x": 0.1750887632369995, "EE_y": 0.9518537521362305, "EE_z": -0.09271910786628723, "p_zero": [-0.006122037768363953, 0.1271175742149353, 0.004081927239894867], "motor_control": [[803.7999877929688], [556.015869140625]]}