{"plat_x": 0.20366929471492767, "plat_y": 0.8360727429389954, "plat_z": -0.11789887398481369, "EE_x": 0.21619942784309387, "EE_y": 0.9539479613304138, "EE_z": -0.09053709357976913, "p_zero": [-0.009404316544532776, 0.12679535150527954, 0.0020660609006881714], "motor_control": [[-613.8153686523438], [513.9923095703125]]}