{"plat_x": 0.2035662978887558, "plat_y": 0.8359257578849792, "plat_z": -0.11778123676776886, "EE_x": 0.24617967009544373, "EE_y": 0.9370778799057007, "EE_z": -0.09595690667629242, "p_zero": [-0.006122037768363953, 0.1271175742149353, 0.004081927239894867], "motor_control": [[-1647.9925537109375], [243.30880737304688]]}