{"plat_x": 0.2036842703819275, "plat_y": 0.8360556364059448, "plat_z": -0.11793860793113708, "EE_x": 0.20995782315731049, "EE_y": 0.9604767560958862, "EE_z": -0.11541631817817688, "p_zero": [-0.005162492394447327, 0.12702172994613647, 0.004828847944736481], "motor_control": [[-294.699462890625], [-16.255746841430664]]}