{"plat_x": 0.20357058942317963, "plat_y": 0.8359228372573853, "plat_z": -0.11778638511896133, "EE_x": 0.19241835176944733, "EE_y": 0.9598613977432251, "EE_z": -0.12119781225919724, "p_zero": [-0.006122037768363953, 0.1271175742149353, 0.004081927239894867], "motor_control": [[228.20074462890625], [-146.53736877441406]]}