{"plat_x": 0.20356696844100952, "plat_y": 0.8359241485595703, "plat_z": -0.11778077483177185, "EE_x": 0.1989695429801941, "EE_y": 0.9395996928215027, "EE_z": -0.060371920466423035, "p_zero": [-0.006122037768363953, 0.1271175742149353, 0.004081927239894867], "motor_control": [[-247.3795928955078], [1606.5859375]]}