{"plat_x": 0.2035699337720871, "plat_y": 0.8359218835830688, "plat_z": -0.11779084801673889, "EE_x": 0.2143886536359787, "EE_y": 0.9478905200958252, "EE_z": -0.13768193125724792, "p_zero": [-0.006122037768363953, 0.1271175742149353, 0.004081927239894867], "motor_control": [[-512.245361328125], [-960.3795166015625]]}