{"plat_x": 0.20369179546833038, "plat_y": 0.8360692262649536, "plat_z": -0.11793766170740128, "EE_x": 0.2033311128616333, "EE_y": 0.9598707556724548, "EE_z": -0.12238119542598724, "p_zero": [-0.005162492394447327, 0.12702172994613647, 0.004828847944736481], "motor_control": [[-142.08197021484375], [-239.43992614746094]]}