{"plat_x": 0.20368468761444092, "plat_y": 0.8360927104949951, "plat_z": -0.11789876222610474, "EE_x": 0.2265622615814209, "EE_y": 0.9518632292747498, "EE_z": -0.11587955802679062, "p_zero": [-0.009404316544532776, 0.12679535150527954, 0.0020660609006881714], "motor_control": [[-878.499755859375], [-317.0769348144531]]}