{"plat_x": 0.20356999337673187, "plat_y": 0.8359228372573853, "plat_z": -0.11778274923563004, "EE_x": 0.19208653271198273, "EE_y": 0.9521192312240601, "EE_z": -0.0768115371465683, "p_zero": [-0.006122037768363953, 0.1271175742149353, 0.004081927239894867], "motor_control": [[53.88852310180664], [1004.1911010742188]]}