{"plat_x": 0.20367027819156647, "plat_y": 0.8360578417778015, "plat_z": -0.11792600154876709, "EE_x": 0.18969587981700897, "EE_y": 0.9588174819946289, "EE_z": -0.09697075188159943, "p_zero": [-0.005162492394447327, 0.12702172994613647, 0.004828847944736481], "motor_control": [[233.47454833984375], [412.91162109375]]}