{"plat_x": 0.20356811583042145, "plat_y": 0.8359254598617554, "plat_z": -0.11778421700000763, "EE_x": 0.17953580617904663, "EE_y": 0.9362502098083496, "EE_z": -0.06471696496009827, "p_zero": [-0.006122037768363953, 0.1271175742149353, 0.004081927239894867], "motor_control": [[829.4073486328125], [1666.6597900390625]]}