{"plat_x": 0.20368696749210358, "plat_y": 0.836101233959198, "plat_z": -0.11789870262145996, "EE_x": 0.19914180040359497, "EE_y": 0.9626167416572571, "EE_z": -0.11540387570858002, "p_zero": [-0.009404316544532776, 0.12679535150527954, 0.0020660609006881714], "motor_control": [[-0.12463036924600601], [0.4571540057659149]]}