{"plat_x": 0.20367173850536346, "plat_y": 0.8360573053359985, "plat_z": -0.11791639775037766, "EE_x": 0.18281330168247223, "EE_y": 0.9588435888290405, "EE_z": -0.11675162613391876, "p_zero": [-0.005162492394447327, 0.12702172994613647, 0.004828847944736481], "motor_control": [[472.6943664550781], [-32.2171516418457]]}