{"plat_x": 0.2036738246679306, "plat_y": 0.8360848426818848, "plat_z": -0.11789827048778534, "EE_x": 0.23474417626857758, "EE_y": 0.947007954120636, "EE_z": -0.11107273399829865, "p_zero": [-0.009404316544532776, 0.12679535150527954, 0.0020660609006881714], "motor_control": [[-1196.292236328125], [-324.4525146484375]]}