{"plat_x": 0.20356889069080353, "plat_y": 0.8359230756759644, "plat_z": -0.11779112368822098, "EE_x": 0.16447660326957703, "EE_y": 0.9459417462348938, "EE_z": -0.0937526673078537, "p_zero": [-0.006122037768363953, 0.1271175742149353, 0.004081927239894867], "motor_control": [[1174.768798828125], [630.9984130859375]]}