{"plat_x": 0.20356227457523346, "plat_y": 0.8359260559082031, "plat_z": -0.11777731031179428, "EE_x": 0.20413945615291595, "EE_y": 0.9601842164993286, "EE_z": -0.10219481587409973, "p_zero": [-0.006122037768363953, 0.1271175742149353, 0.004081927239894867], "motor_control": [[-255.98080444335938], [248.36959838867188]]}