{"plat_x": 0.20368815958499908, "plat_y": 0.836074709892273, "plat_z": -0.1179390400648117, "EE_x": 0.2532211244106293, "EE_y": 0.9301663637161255, "EE_z": -0.10514222830533981, "p_zero": [-0.005162492394447327, 0.12702172994613647, 0.004828847944736481], "motor_control": [[-1972.2247314453125], [-284.1722412109375]]}