{"plat_x": 0.20368163287639618, "plat_y": 0.8360657691955566, "plat_z": -0.11792692542076111, "EE_x": 0.17181263864040375, "EE_y": 0.9422805309295654, "EE_z": -0.07781092077493668, "p_zero": [-0.005162492394447327, 0.12702172994613647, 0.004828847944736481], "motor_control": [[1005.7101440429688], [1206.4002685546875]]}