{"plat_x": 0.20366352796554565, "plat_y": 0.8360862135887146, "plat_z": -0.11790014058351517, "EE_x": 0.19273518025875092, "EE_y": 0.9619268774986267, "EE_z": -0.10762828588485718, "p_zero": [-0.009404316544532776, 0.12679535150527954, 0.0020660609006881714], "motor_control": [[22.310970306396484], [199.08499145507812]]}