{"plat_x": 0.2036847025156021, "plat_y": 0.836064338684082, "plat_z": -0.11793568730354309, "EE_x": 0.2134484201669693, "EE_y": 0.9363623857498169, "EE_z": -0.1514165997505188, "p_zero": [-0.005162492394447327, 0.12702172994613647, 0.004828847944736481], "motor_control": [[-619.0687866210938], [-1574.3323974609375]]}