{"plat_x": 0.2036614865064621, "plat_y": 0.8360830545425415, "plat_z": -0.11789709329605103, "EE_x": 0.17752857506275177, "EE_y": 0.9483584761619568, "EE_z": -0.08316755294799805, "p_zero": [-0.009404316544532776, 0.12679535150527954, 0.0020660609006881714], "motor_control": [[755.9118041992188], [999.5724487304688]]}