{"plat_x": 0.20356731116771698, "plat_y": 0.8359187841415405, "plat_z": -0.11778341233730316, "EE_x": 0.19221675395965576, "EE_y": 0.9558129906654358, "EE_z": -0.08420924842357635, "p_zero": [-0.006122037768363953, 0.1271175742149353, 0.004081927239894867], "motor_control": [[-77.05071258544922], [715.0408325195312]]}