{"plat_x": 0.20356805622577667, "plat_y": 0.8359262943267822, "plat_z": -0.11777609586715698, "EE_x": 0.23057754337787628, "EE_y": 0.9516498446464539, "EE_z": -0.10420592129230499, "p_zero": [-0.006122037768363953, 0.1271175742149353, 0.004081927239894867], "motor_control": [[-946.2504272460938], [79.4407958984375]]}