{"plat_x": 0.20364467799663544, "plat_y": 0.8360690474510193, "plat_z": -0.11789964139461517, "EE_x": 0.20679005980491638, "EE_y": 0.9509726762771606, "EE_z": -0.13834092020988464, "p_zero": [-0.009404316544532776, 0.12679535150527954, 0.0020660609006881714], "motor_control": [[-291.1307067871094], [-844.7301635742188]]}