{"plat_x": 0.2035655826330185, "plat_y": 0.835923433303833, "plat_z": -0.1177884042263031, "EE_x": 0.16210104525089264, "EE_y": 0.9435250759124756, "EE_z": -0.09271757304668427, "p_zero": [-0.006122037768363953, 0.1271175742149353, 0.004081927239894867], "motor_control": [[1298.018310546875], [704.5401611328125]]}