{"plat_x": 0.2036936730146408, "plat_y": 0.836112380027771, "plat_z": -0.1179114431142807, "EE_x": 0.1866978108882904, "EE_y": 0.9612388014793396, "EE_z": -0.11347141861915588, "p_zero": [-0.009404316544532776, 0.12679535150527954, 0.0020660609006881714], "motor_control": [[138.63711547851562], [44.03872299194336]]}