{"plat_x": 0.20356272161006927, "plat_y": 0.8359262347221375, "plat_z": -0.11778048425912857, "EE_x": 0.1582755446434021, "EE_y": 0.9434958696365356, "EE_z": -0.11791884899139404, "p_zero": [-0.006122037768363953, 0.1271175742149353, 0.004081927239894867], "motor_control": [[1423.0576171875], [-227.92335510253906]]}