{"plat_x": 0.2036733776330948, "plat_y": 0.8360852599143982, "plat_z": -0.11790411174297333, "EE_x": 0.21151946485042572, "EE_y": 0.9510476589202881, "EE_z": -0.13644860684871674, "p_zero": [-0.009404316544532776, 0.12679535150527954, 0.0020660609006881714], "motor_control": [[-348.0672607421875], [-803.1900024414062]]}