{"plat_x": 0.2036544233560562, "plat_y": 0.8360782265663147, "plat_z": -0.11790048331022263, "EE_x": 0.16334687173366547, "EE_y": 0.9423844218254089, "EE_z": -0.08945540338754654, "p_zero": [-0.009404316544532776, 0.12679535150527954, 0.0020660609006881714], "motor_control": [[1283.50537109375], [913.5160522460938]]}