{"plat_x": 0.20365279912948608, "plat_y": 0.8360776901245117, "plat_z": -0.11790211498737335, "EE_x": 0.2119072675704956, "EE_y": 0.9561244249343872, "EE_z": -0.12364177405834198, "p_zero": [-0.009404316544532776, 0.12679535150527954, 0.0020660609006881714], "motor_control": [[-418.4991149902344], [-452.3193664550781]]}