{"plat_x": 0.20367281138896942, "plat_y": 0.8360755443572998, "plat_z": -0.11789723485708237, "EE_x": 0.24239030480384827, "EE_y": 0.934511125087738, "EE_z": -0.12419722974300385, "p_zero": [-0.009404316544532776, 0.12679535150527954, 0.0020660609006881714], "motor_control": [[-1593.018798828125], [-944.7904052734375]]}