{"plat_x": 0.2036837935447693, "plat_y": 0.8360922336578369, "plat_z": -0.11793112754821777, "EE_x": 0.16138955950737, "EE_y": 0.9441068768501282, "EE_z": -0.09614430367946625, "p_zero": [-0.005162492394447327, 0.12702172994613647, 0.004828847944736481], "motor_control": [[1309.5843505859375], [621.386962890625]]}