{"plat_x": 0.2036791890859604, "plat_y": 0.8360698223114014, "plat_z": -0.11793136596679688, "EE_x": 0.19742506742477417, "EE_y": 0.9509192705154419, "EE_z": -0.14131055772304535, "p_zero": [-0.005162492394447327, 0.12702172994613647, 0.004828847944736481], "motor_control": [[232.89268493652344], [-830.7673950195312]]}