{"plat_x": 0.20356473326683044, "plat_y": 0.8359218835830688, "plat_z": -0.11778814345598221, "EE_x": 0.18837334215641022, "EE_y": 0.957597017288208, "EE_z": -0.12411711364984512, "p_zero": [-0.006122037768363953, 0.1271175742149353, 0.004081927239894867], "motor_control": [[380.0223388671875], [-289.5811462402344]]}