{"plat_x": 0.20367605984210968, "plat_y": 0.8360573649406433, "plat_z": -0.11792849749326706, "EE_x": 0.1793910712003708, "EE_y": 0.957165002822876, "EE_z": -0.10947216302156448, "p_zero": [-0.005162492394447327, 0.12702172994613647, 0.004828847944736481], "motor_control": [[645.0446166992188], [152.50775146484375]]}