{"plat_x": 0.20365090668201447, "plat_y": 0.8360738754272461, "plat_z": -0.11789637804031372, "EE_x": 0.20325879752635956, "EE_y": 0.9611986875534058, "EE_z": -0.10924536734819412, "p_zero": [-0.009404316544532776, 0.12679535150527954, 0.0020660609006881714], "motor_control": [[-240.99301147460938], [105.92698669433594]]}