{"plat_x": 0.2035636454820633, "plat_y": 0.8359261155128479, "plat_z": -0.11777044832706451, "EE_x": 0.22755900025367737, "EE_y": 0.9521567225456238, "EE_z": -0.11168253421783447, "p_zero": [-0.006122037768363953, 0.1271175742149353, 0.004081927239894867], "motor_control": [[-868.236572265625], [-234.26193237304688]]}