{"plat_x": 0.20367678999900818, "plat_y": 0.8360637426376343, "plat_z": -0.11793968081474304, "EE_x": 0.17304787039756775, "EE_y": 0.9507681727409363, "EE_z": -0.09301698207855225, "p_zero": [-0.005162492394447327, 0.12702172994613647, 0.004828847944736481], "motor_control": [[839.8414306640625], [643.50048828125]]}