{"plat_x": 0.20366336405277252, "plat_y": 0.8360843658447266, "plat_z": -0.11789903789758682, "EE_x": 0.21458077430725098, "EE_y": 0.9582796692848206, "EE_z": -0.10524413734674454, "p_zero": [-0.009404316544532776, 0.12679535150527954, 0.0020660609006881714], "motor_control": [[-518.3529663085938], [146.38388061523438]]}