{"plat_x": 0.2035617083311081, "plat_y": 0.8359230756759644, "plat_z": -0.11778096854686737, "EE_x": 0.18146000802516937, "EE_y": 0.9379922151565552, "EE_z": -0.14646674692630768, "p_zero": [-0.006122037768363953, 0.1271175742149353, 0.004081927239894867], "motor_control": [[1016.8717041015625], [-1356.1168212890625]]}