{"plat_x": 0.20368801057338715, "plat_y": 0.8360759019851685, "plat_z": -0.11794118583202362, "EE_x": 0.23437167704105377, "EE_y": 0.9354792833328247, "EE_z": -0.13391050696372986, "p_zero": [-0.005162492394447327, 0.12702172994613647, 0.004828847944736481], "motor_control": [[-1355.8623046875], [-1234.8638916015625]]}