{"plat_x": 0.20356081426143646, "plat_y": 0.8359280228614807, "plat_z": -0.11778303235769272, "EE_x": 0.16851277649402618, "EE_y": 0.9476583003997803, "EE_z": -0.09291239827871323, "p_zero": [-0.006122037768363953, 0.1271175742149353, 0.004081927239894867], "motor_control": [[1038.3250732421875], [702.2927856445312]]}