{"plat_x": 0.20368583500385284, "plat_y": 0.8360556364059448, "plat_z": -0.11793380975723267, "EE_x": 0.23275108635425568, "EE_y": 0.9441787600517273, "EE_z": -0.12421107292175293, "p_zero": [-0.005162492394447327, 0.12702172994613647, 0.004828847944736481], "motor_control": [[-1127.5904541015625], [-736.5435791015625]]}