{"plat_x": 0.20356445014476776, "plat_y": 0.8359224796295166, "plat_z": -0.11777802556753159, "EE_x": 0.18618609011173248, "EE_y": 0.9566890001296997, "EE_z": -0.12479031831026077, "p_zero": [-0.006122037768363953, 0.1271175742149353, 0.004081927239894867], "motor_control": [[420.661376953125], [-344.3377685546875]]}