{"plat_x": 0.20367805659770966, "plat_y": 0.8360633850097656, "plat_z": -0.11792966723442078, "EE_x": 0.19407811760902405, "EE_y": 0.9571776986122131, "EE_z": -0.0868828296661377, "p_zero": [-0.005162492394447327, 0.12702172994613647, 0.004828847944736481], "motor_control": [[-17.20002555847168], [636.8270874023438]]}