{"plat_x": 0.20355860888957977, "plat_y": 0.8359256386756897, "plat_z": -0.11777269840240479, "EE_x": 0.18824134767055511, "EE_y": 0.9452695250511169, "EE_z": -0.14447587728500366, "p_zero": [-0.006122037768363953, 0.1271175742149353, 0.004081927239894867], "motor_control": [[563.8560791015625], [-1051.257568359375]]}