{"plat_x": 0.20368145406246185, "plat_y": 0.8361003398895264, "plat_z": -0.11789394170045853, "EE_x": 0.20627479255199432, "EE_y": 0.9460887908935547, "EE_z": -0.0700870230793953, "p_zero": [-0.009404316544532776, 0.12679535150527954, 0.0020660609006881714], "motor_control": [[-432.77593994140625], [1237.60205078125]]}