{"plat_x": 0.20368704199790955, "plat_y": 0.8360849618911743, "plat_z": -0.11794068664312363, "EE_x": 0.20515885949134827, "EE_y": 0.9594812989234924, "EE_z": -0.12281887233257294, "p_zero": [-0.005162492394447327, 0.12702172994613647, 0.004828847944736481], "motor_control": [[-194.06375122070312], [-227.24742126464844]]}