{"plat_x": 0.20356915891170502, "plat_y": 0.8359183669090271, "plat_z": -0.11778488755226135, "EE_x": 0.22157685458660126, "EE_y": 0.9552755951881409, "EE_z": -0.10088574141263962, "p_zero": [-0.006122037768363953, 0.1271175742149353, 0.004081927239894867], "motor_control": [[-699.096435546875], [145.52593994140625]]}