{"plat_x": 0.20356523990631104, "plat_y": 0.8359264731407166, "plat_z": -0.11777515709400177, "EE_x": 0.20293256640434265, "EE_y": 0.9403288960456848, "EE_z": -0.06300470978021622, "p_zero": [-0.006122037768363953, 0.1271175742149353, 0.004081927239894867], "motor_control": [[-513.8792114257812], [1528.173095703125]]}