{"plat_x": 0.20356369018554688, "plat_y": 0.8359217643737793, "plat_z": -0.11778099834918976, "EE_x": 0.19400539994239807, "EE_y": 0.9331960082054138, "EE_z": -0.15851011872291565, "p_zero": [-0.006122037768363953, 0.1271175742149353, 0.004081927239894867], "motor_control": [[513.5831909179688], [-1673.0347900390625]]}