{"plat_x": 0.2035650759935379, "plat_y": 0.8359191417694092, "plat_z": -0.11778901517391205, "EE_x": 0.1788570135831833, "EE_y": 0.9560501575469971, "EE_z": -0.11892985552549362, "p_zero": [-0.006122037768363953, 0.1271175742149353, 0.004081927239894867], "motor_control": [[663.105712890625], [-167.62005615234375]]}