{"plat_x": 0.2035685032606125, "plat_y": 0.8359235525131226, "plat_z": -0.11779023706912994, "EE_x": 0.16543924808502197, "EE_y": 0.9505863785743713, "EE_z": -0.1145993247628212, "p_zero": [-0.006122037768363953, 0.1271175742149353, 0.004081927239894867], "motor_control": [[1061.330322265625], [-36.67546844482422]]}