{"plat_x": 0.2036820650100708, "plat_y": 0.8360816240310669, "plat_z": -0.11789201200008392, "EE_x": 0.19617608189582825, "EE_y": 0.9451628923416138, "EE_z": -0.06557637453079224, "p_zero": [-0.009404316544532776, 0.12679535150527954, 0.0020660609006881714], "motor_control": [[94.1988296508789], [1368.6224365234375]]}