{"plat_x": 0.203652486205101, "plat_y": 0.8360788822174072, "plat_z": -0.11789955943822861, "EE_x": 0.1603325754404068, "EE_y": 0.9460589289665222, "EE_z": -0.10364469885826111, "p_zero": [-0.009404316544532776, 0.12679535150527954, 0.0020660609006881714], "motor_control": [[1274.15869140625], [321.3656005859375]]}