{"plat_x": 0.20366762578487396, "plat_y": 0.836093008518219, "plat_z": -0.11790145188570023, "EE_x": 0.21300216019153595, "EE_y": 0.9542762637138367, "EE_z": -0.12717494368553162, "p_zero": [-0.009404316544532776, 0.12679535150527954, 0.0020660609006881714], "motor_control": [[-467.3122863769531], [-560.7034301757812]]}