{"plat_x": 0.20356722176074982, "plat_y": 0.8359209299087524, "plat_z": -0.11778941750526428, "EE_x": 0.2016296684741974, "EE_y": 0.9615073204040527, "EE_z": -0.11771712452173233, "p_zero": [-0.006122037768363953, 0.1271175742149353, 0.004081927239894867], "motor_control": [[-81.87337493896484], [-107.8031234741211]]}