{"plat_x": 0.20368538796901703, "plat_y": 0.8360933065414429, "plat_z": -0.11791935563087463, "EE_x": 0.20007316768169403, "EE_y": 0.9612519145011902, "EE_z": -0.1190204843878746, "p_zero": [-0.005162492394447327, 0.12702172994613647, 0.004828847944736481], "motor_control": [[-78.5764389038086], [-147.80201721191406]]}