{"plat_x": 0.2036772519350052, "plat_y": 0.836103081703186, "plat_z": -0.1178961768746376, "EE_x": 0.19826728105545044, "EE_y": 0.9398910999298096, "EE_z": -0.061298299580812454, "p_zero": [-0.009404316544532776, 0.12679535150527954, 0.0020660609006881714], "motor_control": [[-364.0443420410156], [1602.102783203125]]}