{"plat_x": 0.20369093120098114, "plat_y": 0.8360633850097656, "plat_z": -0.1179346889257431, "EE_x": 0.21996310353279114, "EE_y": 0.95390385389328, "EE_z": -0.12140355259180069, "p_zero": [-0.005162492394447327, 0.12702172994613647, 0.004828847944736481], "motor_control": [[-601.4517211914062], [-447.9296569824219]]}