{"plat_x": 0.20368899405002594, "plat_y": 0.8360762000083923, "plat_z": -0.11795103549957275, "EE_x": 0.15049432218074799, "EE_y": 0.9363763332366943, "EE_z": -0.10293176770210266, "p_zero": [-0.005162492394447327, 0.12702172994613647, 0.004828847944736481], "motor_control": [[1727.74951171875], [461.3194885253906]]}