{"plat_x": 0.2036762833595276, "plat_y": 0.8360939025878906, "plat_z": -0.11789317429065704, "EE_x": 0.21308167278766632, "EE_y": 0.9548484683036804, "EE_z": -0.12688995897769928, "p_zero": [-0.009404316544532776, 0.12679535150527954, 0.0020660609006881714], "motor_control": [[-447.6695251464844], [-482.6705322265625]]}