{"plat_x": 0.2035665363073349, "plat_y": 0.8359269499778748, "plat_z": -0.11778074502944946, "EE_x": 0.19329744577407837, "EE_y": 0.9624453186988831, "EE_z": -0.11374182999134064, "p_zero": [-0.006122037768363953, 0.1271175742149353, 0.004081927239894867], "motor_control": [[-6.345823764801025], [34.30109786987305]]}