{"plat_x": 0.20369724929332733, "plat_y": 0.8361083269119263, "plat_z": -0.1179257407784462, "EE_x": 0.14891788363456726, "EE_y": 0.9354681372642517, "EE_z": -0.10637415200471878, "p_zero": [-0.005162492394447327, 0.12702172994613647, 0.004828847944736481], "motor_control": [[1799.9156494140625], [343.8682861328125]]}