{"plat_x": 0.2036750465631485, "plat_y": 0.8360729813575745, "plat_z": -0.11790736019611359, "EE_x": 0.18571700155735016, "EE_y": 0.9372085332870483, "EE_z": -0.061294931918382645, "p_zero": [-0.009404316544532776, 0.12679535150527954, 0.0020660609006881714], "motor_control": [[500.5321960449219], [1691.7928466796875]]}