{"plat_x": 0.2036820352077484, "plat_y": 0.8360995054244995, "plat_z": -0.11793386936187744, "EE_x": 0.20438197255134583, "EE_y": 0.9548583626747131, "EE_z": -0.135512113571167, "p_zero": [-0.005162492394447327, 0.12702172994613647, 0.004828847944736481], "motor_control": [[16.889293670654297], [-670.1849975585938]]}