{"plat_x": 0.2036820650100708, "plat_y": 0.8361039757728577, "plat_z": -0.11789166927337646, "EE_x": 0.22927245497703552, "EE_y": 0.9516810178756714, "EE_z": -0.10336801409721375, "p_zero": [-0.009404316544532776, 0.12679535150527954, 0.0020660609006881714], "motor_control": [[-990.0640869140625], [135.77947998046875]]}