{"plat_x": 0.20356489717960358, "plat_y": 0.8359260559082031, "plat_z": -0.1177765280008316, "EE_x": 0.2384924739599228, "EE_y": 0.9440944194793701, "EE_z": -0.11054336279630661, "p_zero": [-0.006122037768363953, 0.1271175742149353, 0.004081927239894867], "motor_control": [[-1309.3829345703125], [-335.86358642578125]]}