{"plat_x": 0.20368893444538116, "plat_y": 0.8360673785209656, "plat_z": -0.11793481558561325, "EE_x": 0.1741774082183838, "EE_y": 0.9552602171897888, "EE_z": -0.11290867626667023, "p_zero": [-0.005162492394447327, 0.12702172994613647, 0.004828847944736481], "motor_control": [[787.0023803710938], [83.84326171875]]}