{"plat_x": 0.2036638706922531, "plat_y": 0.8360860347747803, "plat_z": -0.11789806187152863, "EE_x": 0.16234320402145386, "EE_y": 0.9428923726081848, "EE_z": -0.12588617205619812, "p_zero": [-0.009404316544532776, 0.12679535150527954, 0.0020660609006881714], "motor_control": [[1372.5452880859375], [-477.3898620605469]]}