{"plat_x": 0.20367637276649475, "plat_y": 0.8360849022865295, "plat_z": -0.11791987717151642, "EE_x": 0.21742579340934753, "EE_y": 0.9516872763633728, "EE_z": -0.12773236632347107, "p_zero": [-0.005162492394447327, 0.12702172994613647, 0.004828847944736481], "motor_control": [[-612.8494262695312], [-676.9685668945312]]}