{"plat_x": 0.20369212329387665, "plat_y": 0.8360636830329895, "plat_z": -0.11794496327638626, "EE_x": 0.1983509510755539, "EE_y": 0.937448263168335, "EE_z": -0.15468181669712067, "p_zero": [-0.005162492394447327, 0.12702172994613647, 0.004828847944736481], "motor_control": [[408.64013671875], [-1569.2083740234375]]}