{"plat_x": 0.20356734097003937, "plat_y": 0.8359274864196777, "plat_z": -0.1177760660648346, "EE_x": 0.18570704758167267, "EE_y": 0.9527079463005066, "EE_z": -0.08302246034145355, "p_zero": [-0.006122037768363953, 0.1271175742149353, 0.004081927239894867], "motor_control": [[403.21661376953125], [845.3807983398438]]}