{"plat_x": 0.20367832481861115, "plat_y": 0.8360756039619446, "plat_z": -0.1179264634847641, "EE_x": 0.2269919067621231, "EE_y": 0.9517855048179626, "EE_z": -0.09767895936965942, "p_zero": [-0.005162492394447327, 0.12702172994613647, 0.004828847944736481], "motor_control": [[-946.7803344726562], [205.18954467773438]]}