{"plat_x": 0.2035655528306961, "plat_y": 0.8359243273735046, "plat_z": -0.11777892708778381, "EE_x": 0.1863558143377304, "EE_y": 0.9528197050094604, "EE_z": -0.08068370819091797, "p_zero": [-0.006122037768363953, 0.1271175742149353, 0.004081927239894867], "motor_control": [[221.6263885498047], [880.1088256835938]]}