{"plat_x": 0.20368601381778717, "plat_y": 0.8360596299171448, "plat_z": -0.11794023215770721, "EE_x": 0.2026766985654831, "EE_y": 0.9561736583709717, "EE_z": -0.1328687220811844, "p_zero": [-0.005162492394447327, 0.12702172994613647, 0.004828847944736481], "motor_control": [[-57.53107833862305], [-589.6055908203125]]}