{"plat_x": 0.20366938412189484, "plat_y": 0.8360759019851685, "plat_z": -0.11789558082818985, "EE_x": 0.18629343807697296, "EE_y": 0.9504294395446777, "EE_z": -0.13638609647750854, "p_zero": [-0.009404316544532776, 0.12679535150527954, 0.0020660609006881714], "motor_control": [[604.6798706054688], [-731.5234375]]}