{"plat_x": 0.2036748230457306, "plat_y": 0.8360733985900879, "plat_z": -0.11791745573282242, "EE_x": 0.19533555209636688, "EE_y": 0.9607017636299133, "EE_z": -0.0988052636384964, "p_zero": [-0.005162492394447327, 0.12702172994613647, 0.004828847944736481], "motor_control": [[21.466968536376953], [365.40802001953125]]}