{"plat_x": 0.20371060073375702, "plat_y": 0.8360938429832458, "plat_z": -0.11794613301753998, "EE_x": 0.21956123411655426, "EE_y": 0.9492247700691223, "EE_z": -0.08418727666139603, "p_zero": [-0.005162492394447327, 0.12702172994613647, 0.004828847944736481], "motor_control": [[-852.811767578125], [786.93896484375]]}