{"plat_x": 0.20367436110973358, "plat_y": 0.8360646367073059, "plat_z": -0.11792908608913422, "EE_x": 0.21048486232757568, "EE_y": 0.9568462371826172, "EE_z": -0.09522093832492828, "p_zero": [-0.005162492394447327, 0.12702172994613647, 0.004828847944736481], "motor_control": [[-466.6344299316406], [408.1955871582031]]}