{"plat_x": 0.20356307923793793, "plat_y": 0.8359269499778748, "plat_z": -0.11777547746896744, "EE_x": 0.18330880999565125, "EE_y": 0.9319902658462524, "EE_z": -0.056966789066791534, "p_zero": [-0.006122037768363953, 0.1271175742149353, 0.004081927239894867], "motor_control": [[550.5353393554688], [1914.00048828125]]}