{"plat_x": 0.20367184281349182, "plat_y": 0.8360775113105774, "plat_z": -0.11790522933006287, "EE_x": 0.20739519596099854, "EE_y": 0.9591302275657654, "EE_z": -0.10357058793306351, "p_zero": [-0.009404316544532776, 0.12679535150527954, 0.0020660609006881714], "motor_control": [[-396.098388671875], [227.82244873046875]]}