{"plat_x": 0.20367299020290375, "plat_y": 0.8360646963119507, "plat_z": -0.11791754513978958, "EE_x": 0.19360029697418213, "EE_y": 0.9624062180519104, "EE_z": -0.11531756073236465, "p_zero": [-0.005162492394447327, 0.12702172994613647, 0.004828847944736481], "motor_control": [[8.974677085876465], [18.98765754699707]]}