{"plat_x": 0.20368613302707672, "plat_y": 0.8360831141471863, "plat_z": -0.11792268604040146, "EE_x": 0.18312105536460876, "EE_y": 0.9579075574874878, "EE_z": -0.10180910676717758, "p_zero": [-0.005162492394447327, 0.12702172994613647, 0.004828847944736481], "motor_control": [[454.0101623535156], [313.72332763671875]]}