{"plat_x": 0.20369327068328857, "plat_y": 0.8360706567764282, "plat_z": -0.11794155091047287, "EE_x": 0.18735764920711517, "EE_y": 0.9565336108207703, "EE_z": -0.09059004485607147, "p_zero": [-0.005162492394447327, 0.12702172994613647, 0.004828847944736481], "motor_control": [[345.5195007324219], [549.8805541992188]]}