{"plat_x": 0.2036931961774826, "plat_y": 0.8360700011253357, "plat_z": -0.11794319748878479, "EE_x": 0.1982404887676239, "EE_y": 0.9626620411872864, "EE_z": -0.11431204527616501, "p_zero": [-0.005162492394447327, 0.12702172994613647, 0.004828847944736481], "motor_control": [[-44.14478302001953], [19.384105682373047]]}