{"plat_x": 0.2036740630865097, "plat_y": 0.836077094078064, "plat_z": -0.11789721250534058, "EE_x": 0.2093958854675293, "EE_y": 0.9482128620147705, "EE_z": -0.07440680265426636, "p_zero": [-0.009404316544532776, 0.12679535150527954, 0.0020660609006881714], "motor_control": [[-498.1043395996094], [1080.93798828125]]}