{"plat_x": 0.20357029139995575, "plat_y": 0.8359224796295166, "plat_z": -0.11778905242681503, "EE_x": 0.19519667327404022, "EE_y": 0.9622233510017395, "EE_z": -0.11674587428569794, "p_zero": [-0.006122037768363953, 0.1271175742149353, 0.004081927239894867], "motor_control": [[-30.940635681152344], [-42.92134094238281]]}