{"plat_x": 0.203557088971138, "plat_y": 0.8359277248382568, "plat_z": -0.1177750900387764, "EE_x": 0.17179140448570251, "EE_y": 0.950709879398346, "EE_z": -0.09482856094837189, "p_zero": [-0.006122037768363953, 0.1271175742149353, 0.004081927239894867], "motor_control": [[907.7301025390625], [548.7750244140625]]}