{"plat_x": 0.20356333255767822, "plat_y": 0.8359309434890747, "plat_z": -0.11777959018945694, "EE_x": 0.19291095435619354, "EE_y": 0.9521841406822205, "EE_z": -0.0765770822763443, "p_zero": [-0.006122037768363953, 0.1271175742149353, 0.004081927239894867], "motor_control": [[-50.36365509033203], [1015.3519897460938]]}