{"plat_x": 0.20356465876102448, "plat_y": 0.8359242677688599, "plat_z": -0.11777529120445251, "EE_x": 0.1802101582288742, "EE_y": 0.9580487608909607, "EE_z": -0.11530520021915436, "p_zero": [-0.006122037768363953, 0.1271175742149353, 0.004081927239894867], "motor_control": [[613.122314453125], [-2.906553030014038]]}