{"plat_x": 0.20368246734142303, "plat_y": 0.8360630869865417, "plat_z": -0.11793410032987595, "EE_x": 0.19769763946533203, "EE_y": 0.9610817432403564, "EE_z": -0.1045944020152092, "p_zero": [-0.005162492394447327, 0.12702172994613647, 0.004828847944736481], "motor_control": [[-125.91060638427734], [238.74794006347656]]}