{"plat_x": 0.20368658006191254, "plat_y": 0.8360739350318909, "plat_z": -0.11792661994695663, "EE_x": 0.2322818636894226, "EE_y": 0.9346764087677002, "EE_z": -0.07408735156059265, "p_zero": [-0.005162492394447327, 0.12702172994613647, 0.004828847944736481], "motor_control": [[-1423.718017578125], [1210.218017578125]]}