{"plat_x": 0.20365314185619354, "plat_y": 0.836078941822052, "plat_z": -0.11789911240339279, "EE_x": 0.18140000104904175, "EE_y": 0.9566214680671692, "EE_z": -0.1226901188492775, "p_zero": [-0.009404316544532776, 0.12679535150527954, 0.0020660609006881714], "motor_control": [[516.26904296875], [-221.5714874267578]]}