{"plat_x": 0.20369543135166168, "plat_y": 0.8360713720321655, "plat_z": -0.11794000118970871, "EE_x": 0.22410844266414642, "EE_y": 0.9533892869949341, "EE_z": -0.09976474940776825, "p_zero": [-0.005162492394447327, 0.12702172994613647, 0.004828847944736481], "motor_control": [[-814.2730712890625], [243.54913330078125]]}