{"plat_x": 0.20356713235378265, "plat_y": 0.835922122001648, "plat_z": -0.117782823741436, "EE_x": 0.22708889842033386, "EE_y": 0.935108482837677, "EE_z": -0.06951964646577835, "p_zero": [-0.006122037768363953, 0.1271175742149353, 0.004081927239894867], "motor_control": [[-1264.717529296875], [1337.5194091796875]]}