{"plat_x": 0.20369262993335724, "plat_y": 0.8361102342605591, "plat_z": -0.11791279911994934, "EE_x": 0.1955816000699997, "EE_y": 0.9334852695465088, "EE_z": -0.16025882959365845, "p_zero": [-0.009404316544532776, 0.12679535150527954, 0.0020660609006881714], "motor_control": [[251.5169677734375], [-1699.1121826171875]]}