{"plat_x": 0.20365487039089203, "plat_y": 0.8360738754272461, "plat_z": -0.11790192127227783, "EE_x": 0.1826411932706833, "EE_y": 0.940697193145752, "EE_z": -0.0674743726849556, "p_zero": [-0.009404316544532776, 0.12679535150527954, 0.0020660609006881714], "motor_control": [[643.6841430664062], [1494.560791015625]]}