{"plat_x": 0.20368455350399017, "plat_y": 0.836104154586792, "plat_z": -0.11790694296360016, "EE_x": 0.21412543952465057, "EE_y": 0.9362647533416748, "EE_z": -0.15348029136657715, "p_zero": [-0.009404316544532776, 0.12679535150527954, 0.0020660609006881714], "motor_control": [[-514.7536010742188], [-1521.1807861328125]]}