{"plat_x": 0.2037024348974228, "plat_y": 0.8361107110977173, "plat_z": -0.11793559789657593, "EE_x": 0.18546348810195923, "EE_y": 0.9437183141708374, "EE_z": -0.06856268644332886, "p_zero": [-0.005162492394447327, 0.12702172994613647, 0.004828847944736481], "motor_control": [[455.90863037109375], [1365.0726318359375]]}