{"plat_x": 0.2036854773759842, "plat_y": 0.836066484451294, "plat_z": -0.11794906109571457, "EE_x": 0.18129371106624603, "EE_y": 0.9376519918441772, "EE_z": -0.06463898718357086, "p_zero": [-0.005162492394447327, 0.12702172994613647, 0.004828847944736481], "motor_control": [[713.837646484375], [1623.467041015625]]}