{"plat_x": 0.20368169248104095, "plat_y": 0.8360751867294312, "plat_z": -0.11793066561222076, "EE_x": 0.2042330801486969, "EE_y": 0.9504284262657166, "EE_z": -0.14008834958076477, "p_zero": [-0.005162492394447327, 0.12702172994613647, 0.004828847944736481], "motor_control": [[-213.52386474609375], [-910.1550903320312]]}