{"plat_x": 0.20356632769107819, "plat_y": 0.8359257578849792, "plat_z": -0.11778637766838074, "EE_x": 0.16043707728385925, "EE_y": 0.9463982582092285, "EE_z": -0.11588719487190247, "p_zero": [-0.006122037768363953, 0.1271175742149353, 0.004081927239894867], "motor_control": [[1288.6400146484375], [-115.3254165649414]]}