{"plat_x": 0.20356343686580658, "plat_y": 0.835922122001648, "plat_z": -0.11778083443641663, "EE_x": 0.19709980487823486, "EE_y": 0.940785825252533, "EE_z": -0.15106239914894104, "p_zero": [-0.006122037768363953, 0.1271175742149353, 0.004081927239894867], "motor_control": [[400.2214660644531], [-1385.373779296875]]}