{"plat_x": 0.20366837084293365, "plat_y": 0.8360689282417297, "plat_z": -0.11789505183696747, "EE_x": 0.2055344134569168, "EE_y": 0.9590201377868652, "EE_z": -0.12085707485675812, "p_zero": [-0.009404316544532776, 0.12679535150527954, 0.0020660609006881714], "motor_control": [[-285.1563415527344], [-261.1557922363281]]}