{"plat_x": 0.20370495319366455, "plat_y": 0.8361092209815979, "plat_z": -0.11794532835483551, "EE_x": 0.23384971916675568, "EE_y": 0.9495528340339661, "EE_z": -0.10980089008808136, "p_zero": [-0.005162492394447327, 0.12702172994613647, 0.004828847944736481], "motor_control": [[-1071.2359619140625], [-131.7631378173828]]}