{"plat_x": 0.20366862416267395, "plat_y": 0.8360694646835327, "plat_z": -0.11791720241308212, "EE_x": 0.19328990578651428, "EE_y": 0.9467012286186218, "EE_z": -0.14612159132957458, "p_zero": [-0.005162492394447327, 0.12702172994613647, 0.004828847944736481], "motor_control": [[245.943603515625], [-1071.0118408203125]]}