{"plat_x": 0.2036813646554947, "plat_y": 0.8360564708709717, "plat_z": -0.11792615056037903, "EE_x": 0.2115219235420227, "EE_y": 0.9523218870162964, "EE_z": -0.08378221094608307, "p_zero": [-0.005162492394447327, 0.12702172994613647, 0.004828847944736481], "motor_control": [[-576.9133911132812], [731.7799682617188]]}