{"plat_x": 0.20369625091552734, "plat_y": 0.8361086845397949, "plat_z": -0.11790835112333298, "EE_x": 0.21662671864032745, "EE_y": 0.9584916830062866, "EE_z": -0.11360743641853333, "p_zero": [-0.009404316544532776, 0.12679535150527954, 0.0020660609006881714], "motor_control": [[-479.3077697753906], [-54.97671127319336]]}