{"plat_x": 0.20356476306915283, "plat_y": 0.8359259963035583, "plat_z": -0.1177753135561943, "EE_x": 0.2061643749475479, "EE_y": 0.9612664580345154, "EE_z": -0.11458846926689148, "p_zero": [-0.006122037768363953, 0.1271175742149353, 0.004081927239894867], "motor_control": [[-220.5536346435547], [-55.25331497192383]]}