{"plat_x": 0.20367023348808289, "plat_y": 0.8360747694969177, "plat_z": -0.11790218949317932, "EE_x": 0.18224813044071198, "EE_y": 0.9516597390174866, "EE_z": -0.08284855633974075, "p_zero": [-0.009404316544532776, 0.12679535150527954, 0.0020660609006881714], "motor_control": [[468.7247009277344], [890.2103881835938]]}