{"plat_x": 0.2036726027727127, "plat_y": 0.836078941822052, "plat_z": -0.11790205538272858, "EE_x": 0.2297869175672531, "EE_y": 0.9354285597801208, "EE_z": -0.1414196938276291, "p_zero": [-0.009404316544532776, 0.12679535150527954, 0.0020660609006881714], "motor_control": [[-1132.0343017578125], [-1336.1827392578125]]}