{"plat_x": 0.2035645693540573, "plat_y": 0.8359212279319763, "plat_z": -0.11778788268566132, "EE_x": 0.20025594532489777, "EE_y": 0.956027090549469, "EE_z": -0.13071607053279877, "p_zero": [-0.006122037768363953, 0.1271175742149353, 0.004081927239894867], "motor_control": [[-147.90748596191406], [-561.212158203125]]}