{"plat_x": 0.20367951691150665, "plat_y": 0.8360766172409058, "plat_z": -0.11793151497840881, "EE_x": 0.17734578251838684, "EE_y": 0.9396382570266724, "EE_z": -0.06868337839841843, "p_zero": [-0.005162492394447327, 0.12702172994613647, 0.004828847944736481], "motor_control": [[781.6137084960938], [1465.520751953125]]}