{"plat_x": 0.20356953144073486, "plat_y": 0.8359231352806091, "plat_z": -0.11778727918863297, "EE_x": 0.22626836597919464, "EE_y": 0.9539706707000732, "EE_z": -0.10322823375463486, "p_zero": [-0.006122037768363953, 0.1271175742149353, 0.004081927239894867], "motor_control": [[-783.9225463867188], [98.73526000976562]]}