{"plat_x": 0.2036740481853485, "plat_y": 0.836067795753479, "plat_z": -0.11792588233947754, "EE_x": 0.20550400018692017, "EE_y": 0.949425995349884, "EE_z": -0.14297528564929962, "p_zero": [-0.005162492394447327, 0.12702172994613647, 0.004828847944736481], "motor_control": [[-155.6595916748047], [-951.1893920898438]]}