{"plat_x": 0.20356829464435577, "plat_y": 0.8359277844429016, "plat_z": -0.11778311431407928, "EE_x": 0.19292926788330078, "EE_y": 0.9473167657852173, "EE_z": -0.06812148541212082, "p_zero": [-0.006122037768363953, 0.1271175742149353, 0.004081927239894867], "motor_control": [[-16.42412567138672], [1270.7413330078125]]}