{"plat_x": 0.2036794275045395, "plat_y": 0.8360645174980164, "plat_z": -0.11792755872011185, "EE_x": 0.18725627660751343, "EE_y": 0.9562987685203552, "EE_z": -0.09045074880123138, "p_zero": [-0.005162492394447327, 0.12702172994613647, 0.004828847944736481], "motor_control": [[369.35040283203125], [560.331298828125]]}