{"plat_x": 0.20356662571430206, "plat_y": 0.8359231352806091, "plat_z": -0.11778536438941956, "EE_x": 0.19893530011177063, "EE_y": 0.9593283534049988, "EE_z": -0.09298115968704224, "p_zero": [-0.006122037768363953, 0.1271175742149353, 0.004081927239894867], "motor_control": [[-39.10753631591797], [465.8950500488281]]}