{"plat_x": 0.2035730630159378, "plat_y": 0.83592289686203, "plat_z": -0.11778486520051956, "EE_x": 0.24058854579925537, "EE_y": 0.9405002593994141, "EE_z": -0.11356417089700699, "p_zero": [-0.006122037768363953, 0.1271175742149353, 0.004081927239894867], "motor_control": [[-1452.437255859375], [-563.6441040039062]]}