{"plat_x": 0.20369167625904083, "plat_y": 0.8360631465911865, "plat_z": -0.11794004589319229, "EE_x": 0.17924165725708008, "EE_y": 0.9473285675048828, "EE_z": -0.07933106273412704, "p_zero": [-0.005162492394447327, 0.12702172994613647, 0.004828847944736481], "motor_control": [[745.2294921875], [1070.2498779296875]]}