{"plat_x": 0.20356331765651703, "plat_y": 0.835921049118042, "plat_z": -0.11778190732002258, "EE_x": 0.18985620141029358, "EE_y": 0.9434862732887268, "EE_z": -0.14574989676475525, "p_zero": [-0.006122037768363953, 0.1271175742149353, 0.004081927239894867], "motor_control": [[621.7140502929688], [-1187.8397216796875]]}