{"plat_x": 0.20368576049804688, "plat_y": 0.8360679149627686, "plat_z": -0.11793732643127441, "EE_x": 0.199693500995636, "EE_y": 0.9385209083557129, "EE_z": -0.05689067766070366, "p_zero": [-0.005162492394447327, 0.12702172994613647, 0.004828847944736481], "motor_control": [[2.0722861289978027], [1660.064453125]]}