{"plat_x": 0.20368032157421112, "plat_y": 0.8360802531242371, "plat_z": -0.11793066561222076, "EE_x": 0.20102748274803162, "EE_y": 0.935637891292572, "EE_z": -0.15978890657424927, "p_zero": [-0.005162492394447327, 0.12702172994613647, 0.004828847944736481], "motor_control": [[-20.384252548217773], [-1598.6611328125]]}