{"plat_x": 0.20356015861034393, "plat_y": 0.8359274864196777, "plat_z": -0.11777406930923462, "EE_x": 0.20869675278663635, "EE_y": 0.9331234693527222, "EE_z": -0.057790033519268036, "p_zero": [-0.006122037768363953, 0.1271175742149353, 0.004081927239894867], "motor_control": [[-745.183349609375], [1789.9920654296875]]}