{"plat_x": 0.20365512371063232, "plat_y": 0.8360772728919983, "plat_z": -0.11790101230144501, "EE_x": 0.1855945736169815, "EE_y": 0.9576171636581421, "EE_z": -0.12392241507768631, "p_zero": [-0.009404316544532776, 0.12679535150527954, 0.0020660609006881714], "motor_control": [[392.14874267578125], [-253.39593505859375]]}