{"plat_x": 0.2036842703819275, "plat_y": 0.8360555171966553, "plat_z": -0.11793502420186996, "EE_x": 0.2039969563484192, "EE_y": 0.9547463059425354, "EE_z": -0.08413857966661453, "p_zero": [-0.005162492394447327, 0.12702172994613647, 0.004828847944736481], "motor_control": [[-299.1891784667969], [701.6373291015625]]}