{"plat_x": 0.2036622017621994, "plat_y": 0.8360872268676758, "plat_z": -0.11789683997631073, "EE_x": 0.16660021245479584, "EE_y": 0.9494908452033997, "EE_z": -0.10094398260116577, "p_zero": [-0.009404316544532776, 0.12679535150527954, 0.0020660609006881714], "motor_control": [[1041.6363525390625], [407.9085693359375]]}