{"plat_x": 0.2035677134990692, "plat_y": 0.835921585559845, "plat_z": -0.11778347939252853, "EE_x": 0.20779241621494293, "EE_y": 0.9507223963737488, "EE_z": -0.1369490772485733, "p_zero": [-0.006122037768363953, 0.1271175742149353, 0.004081927239894867], "motor_control": [[-323.8341979980469], [-872.295166015625]]}