{"plat_x": 0.20368625223636627, "plat_y": 0.8360708355903625, "plat_z": -0.11793209612369537, "EE_x": 0.18054476380348206, "EE_y": 0.9439916014671326, "EE_z": -0.07184235006570816, "p_zero": [-0.005162492394447327, 0.12702172994613647, 0.004828847944736481], "motor_control": [[586.6460571289062], [1299.724365234375]]}