{"plat_x": 0.20367902517318726, "plat_y": 0.8360846638679504, "plat_z": -0.11792396008968353, "EE_x": 0.20786885917186737, "EE_y": 0.9463648796081543, "EE_z": -0.14716817438602448, "p_zero": [-0.005162492394447327, 0.12702172994613647, 0.004828847944736481], "motor_control": [[-114.93523406982422], [-1111.2313232421875]]}