{"plat_x": 0.20367516577243805, "plat_y": 0.8360773921012878, "plat_z": -0.11793199926614761, "EE_x": 0.20608079433441162, "EE_y": 0.9353795051574707, "EE_z": -0.05861729010939598, "p_zero": [-0.005162492394447327, 0.12702172994613647, 0.004828847944736481], "motor_control": [[-626.3206176757812], [1726.823486328125]]}