{"plat_x": 0.2035636454820633, "plat_y": 0.83592689037323, "plat_z": -0.11777611076831818, "EE_x": 0.19516627490520477, "EE_y": 0.9624650478363037, "EE_z": -0.11507342755794525, "p_zero": [-0.006122037768363953, 0.1271175742149353, 0.004081927239894867], "motor_control": [[71.67034912109375], [-4.65521764755249]]}