{"plat_x": 0.20367784798145294, "plat_y": 0.8360656499862671, "plat_z": -0.11792486906051636, "EE_x": 0.16413618624210358, "EE_y": 0.9406359791755676, "EE_z": -0.1290377527475357, "p_zero": [-0.005162492394447327, 0.12702172994613647, 0.004828847944736481], "motor_control": [[1444.2637939453125], [-724.2371215820312]]}