{"plat_x": 0.20369327068328857, "plat_y": 0.8360715508460999, "plat_z": -0.1179400160908699, "EE_x": 0.19405677914619446, "EE_y": 0.9542673826217651, "EE_z": -0.1353306621313095, "p_zero": [-0.005162492394447327, 0.12702172994613647, 0.004828847944736481], "motor_control": [[223.5494384765625], [-634.3490600585938]]}