{"plat_x": 0.20357073843479156, "plat_y": 0.8359257578849792, "plat_z": -0.11779225617647171, "EE_x": 0.2405799776315689, "EE_y": 0.934386670589447, "EE_z": -0.1276199370622635, "p_zero": [-0.006122037768363953, 0.1271175742149353, 0.004081927239894867], "motor_control": [[-1530.1785888671875], [-1075.055419921875]]}