{"plat_x": 0.20357312262058258, "plat_y": 0.8359251022338867, "plat_z": -0.11778838187456131, "EE_x": 0.22007697820663452, "EE_y": 0.9538360238075256, "EE_z": -0.0944012999534607, "p_zero": [-0.006122037768363953, 0.1271175742149353, 0.004081927239894867], "motor_control": [[-729.3431396484375], [323.7580871582031]]}