{"plat_x": 0.20367570221424103, "plat_y": 0.8360679745674133, "plat_z": -0.11791911721229553, "EE_x": 0.16126635670661926, "EE_y": 0.9458892345428467, "EE_z": -0.11973481625318527, "p_zero": [-0.005162492394447327, 0.12702172994613647, 0.004828847944736481], "motor_control": [[1285.6798095703125], [-201.9269256591797]]}