{"plat_x": 0.2036971151828766, "plat_y": 0.836076557636261, "plat_z": -0.11794963479042053, "EE_x": 0.226096048951149, "EE_y": 0.9463747143745422, "EE_z": -0.13017313182353973, "p_zero": [-0.005162492394447327, 0.12702172994613647, 0.004828847944736481], "motor_control": [[-900.9340209960938], [-806.974609375]]}