{"plat_x": 0.20356692373752594, "plat_y": 0.8359248638153076, "plat_z": -0.1177837997674942, "EE_x": 0.2235233336687088, "EE_y": 0.9521690011024475, "EE_z": -0.12042580544948578, "p_zero": [-0.006122037768363953, 0.1271175742149353, 0.004081927239894867], "motor_control": [[-715.5850219726562], [-466.8252258300781]]}