{"plat_x": 0.2035648077726364, "plat_y": 0.8359196782112122, "plat_z": -0.11778238415718079, "EE_x": 0.19859082996845245, "EE_y": 0.9331002831459045, "EE_z": -0.15874724090099335, "p_zero": [-0.006122037768363953, 0.1271175742149353, 0.004081927239894867], "motor_control": [[424.9977111816406], [-1733.80078125]]}