{"plat_x": 0.20367877185344696, "plat_y": 0.8360836505889893, "plat_z": -0.11790790408849716, "EE_x": 0.19714465737342834, "EE_y": 0.9598235487937927, "EE_z": -0.1255071759223938, "p_zero": [-0.009404316544532776, 0.12679535150527954, 0.0020660609006881714], "motor_control": [[-28.704683303833008], [-243.18618774414062]]}