{"plat_x": 0.2036869078874588, "plat_y": 0.8360652327537537, "plat_z": -0.11794467270374298, "EE_x": 0.19470526278018951, "EE_y": 0.9614236354827881, "EE_z": -0.10235391557216644, "p_zero": [-0.005162492394447327, 0.12702172994613647, 0.004828847944736481], "motor_control": [[34.34346389770508], [293.2042541503906]]}