{"plat_x": 0.20356786251068115, "plat_y": 0.835919201374054, "plat_z": -0.11778873205184937, "EE_x": 0.18686603009700775, "EE_y": 0.9567257761955261, "EE_z": -0.12542641162872314, "p_zero": [-0.006122037768363953, 0.1271175742149353, 0.004081927239894867], "motor_control": [[424.268310546875], [-347.2153015136719]]}