{"plat_x": 0.20370234549045563, "plat_y": 0.8361034393310547, "plat_z": -0.1179320216178894, "EE_x": 0.2396831512451172, "EE_y": 0.943601667881012, "EE_z": -0.11098805069923401, "p_zero": [-0.005162492394447327, 0.12702172994613647, 0.004828847944736481], "motor_control": [[-1340.3817138671875], [-325.66253662109375]]}