{"plat_x": 0.20370876789093018, "plat_y": 0.8361029624938965, "plat_z": -0.11795663833618164, "EE_x": 0.21279315650463104, "EE_y": 0.9494852423667908, "EE_z": -0.13709047436714172, "p_zero": [-0.005162492394447327, 0.12702172994613647, 0.004828847944736481], "motor_control": [[-430.7017517089844], [-891.3049926757812]]}