{"plat_x": 0.20356911420822144, "plat_y": 0.8359234929084778, "plat_z": -0.11778032034635544, "EE_x": 0.19120252132415771, "EE_y": 0.9530112147331238, "EE_z": -0.133295476436615, "p_zero": [-0.006122037768363953, 0.1271175742149353, 0.004081927239894867], "motor_control": [[481.8836364746094], [-646.9811401367188]]}