{"plat_x": 0.20367571711540222, "plat_y": 0.8360714912414551, "plat_z": -0.1179308295249939, "EE_x": 0.16874252259731293, "EE_y": 0.9465605616569519, "EE_z": -0.08818051964044571, "p_zero": [-0.005162492394447327, 0.12702172994613647, 0.004828847944736481], "motor_control": [[1032.9439697265625], [822.782958984375]]}