{"plat_x": 0.2036699801683426, "plat_y": 0.836074948310852, "plat_z": -0.11791418492794037, "EE_x": 0.1867770552635193, "EE_y": 0.9602760672569275, "EE_z": -0.10554805397987366, "p_zero": [-0.005162492394447327, 0.12702172994613647, 0.004828847944736481], "motor_control": [[188.77760314941406], [228.0959930419922]]}