{"plat_x": 0.20357240736484528, "plat_y": 0.8359218239784241, "plat_z": -0.117790088057518, "EE_x": 0.25122252106666565, "EE_y": 0.933448076248169, "EE_z": -0.09980648756027222, "p_zero": [-0.006122037768363953, 0.1271175742149353, 0.004081927239894867], "motor_control": [[-1829.697998046875], [74.51180267333984]]}