{"plat_x": 0.2035711705684662, "plat_y": 0.83592289686203, "plat_z": -0.11778517067432404, "EE_x": 0.19832998514175415, "EE_y": 0.9622790813446045, "EE_z": -0.11390729248523712, "p_zero": [-0.006122037768363953, 0.1271175742149353, 0.004081927239894867], "motor_control": [[-103.1357421875], [9.104869842529297]]}