{"plat_x": 0.20369260013103485, "plat_y": 0.8360764980316162, "plat_z": -0.11793604493141174, "EE_x": 0.22237487137317657, "EE_y": 0.953528881072998, "EE_z": -0.09724035859107971, "p_zero": [-0.005162492394447327, 0.12702172994613647, 0.004828847944736481], "motor_control": [[-775.76953125], [290.7301025390625]]}