{"plat_x": 0.20356391370296478, "plat_y": 0.8359289169311523, "plat_z": -0.11777744442224503, "EE_x": 0.19487975537776947, "EE_y": 0.9616988897323608, "EE_z": -0.11728837341070175, "p_zero": [-0.006122037768363953, 0.1271175742149353, 0.004081927239894867], "motor_control": [[94.50558471679688], [-36.52021408081055]]}