{"plat_x": 0.20368243753910065, "plat_y": 0.8360702395439148, "plat_z": -0.11793243885040283, "EE_x": 0.21835635602474213, "EE_y": 0.9581332802772522, "EE_z": -0.11083909124135971, "p_zero": [-0.005162492394447327, 0.12702172994613647, 0.004828847944736481], "motor_control": [[-536.9877319335938], [-11.604504585266113]]}