{"plat_x": 0.203679159283638, "plat_y": 0.8360806107521057, "plat_z": -0.11792659759521484, "EE_x": 0.16765616834163666, "EE_y": 0.9389654994010925, "EE_z": -0.13571281731128693, "p_zero": [-0.005162492394447327, 0.12702172994613647, 0.004828847944736481], "motor_control": [[1378.60400390625], [-966.0354614257812]]}