{"plat_x": 0.2036663144826889, "plat_y": 0.8360544443130493, "plat_z": -0.11791004985570908, "EE_x": 0.24697819352149963, "EE_y": 0.9324731826782227, "EE_z": -0.09137772768735886, "p_zero": [-0.005162492394447327, 0.12702172994613647, 0.004828847944736481], "motor_control": [[-1810.53369140625], [599.6618041992188]]}