{"plat_x": 0.2035655826330185, "plat_y": 0.8359236717224121, "plat_z": -0.11778206378221512, "EE_x": 0.17527326941490173, "EE_y": 0.9351233839988708, "EE_z": -0.06672602146863937, "p_zero": [-0.006122037768363953, 0.1271175742149353, 0.004081927239894867], "motor_control": [[1021.4163208007812], [1650.1151123046875]]}