{"plat_x": 0.2036803513765335, "plat_y": 0.8360967040061951, "plat_z": -0.11789598315954208, "EE_x": 0.21616318821907043, "EE_y": 0.9549821615219116, "EE_z": -0.1247003972530365, "p_zero": [-0.009404316544532776, 0.12679535150527954, 0.0020660609006881714], "motor_control": [[-457.51080322265625], [-470.8310546875]]}