{"plat_x": 0.20368462800979614, "plat_y": 0.8360660076141357, "plat_z": -0.11793701350688934, "EE_x": 0.19890260696411133, "EE_y": 0.932901918888092, "EE_z": -0.16205929219722748, "p_zero": [-0.005162492394447327, 0.12702172994613647, 0.004828847944736481], "motor_control": [[8.317245483398438], [-1738.3248291015625]]}