{"plat_x": 0.20367397367954254, "plat_y": 0.8360733985900879, "plat_z": -0.11791084706783295, "EE_x": 0.1596226692199707, "EE_y": 0.9432476758956909, "EE_z": -0.09713569283485413, "p_zero": [-0.005162492394447327, 0.12702172994613647, 0.004828847944736481], "motor_control": [[1372.621337890625], [556.4530029296875]]}