{"plat_x": 0.20356829464435577, "plat_y": 0.835923969745636, "plat_z": -0.11778060346841812, "EE_x": 0.17274421453475952, "EE_y": 0.9391542077064514, "EE_z": -0.07288426905870438, "p_zero": [-0.006122037768363953, 0.1271175742149353, 0.004081927239894867], "motor_control": [[1036.6824951171875], [1390.9256591796875]]}