{"plat_x": 0.20367424190044403, "plat_y": 0.8360821008682251, "plat_z": -0.11791495233774185, "EE_x": 0.2329782247543335, "EE_y": 0.9495434761047363, "EE_z": -0.10173492878675461, "p_zero": [-0.005162492394447327, 0.12702172994613647, 0.004828847944736481], "motor_control": [[-1122.2213134765625], [54.37494659423828]]}