{"plat_x": 0.20367887616157532, "plat_y": 0.8360693454742432, "plat_z": -0.11793292313814163, "EE_x": 0.15411418676376343, "EE_y": 0.9388514757156372, "EE_z": -0.1195228174328804, "p_zero": [-0.005162492394447327, 0.12702172994613647, 0.004828847944736481], "motor_control": [[1636.2628173828125], [-331.9989929199219]]}