{"plat_x": 0.20356588065624237, "plat_y": 0.8359254598617554, "plat_z": -0.11777740716934204, "EE_x": 0.16531124711036682, "EE_y": 0.9431887269020081, "EE_z": -0.08736523985862732, "p_zero": [-0.006122037768363953, 0.1271175742149353, 0.004081927239894867], "motor_control": [[1221.260986328125], [913.73828125]]}