{"plat_x": 0.20367009937763214, "plat_y": 0.8360854387283325, "plat_z": -0.11789583414793015, "EE_x": 0.19102585315704346, "EE_y": 0.9425181150436401, "EE_z": -0.06258895993232727, "p_zero": [-0.009404316544532776, 0.12679535150527954, 0.0020660609006881714], "motor_control": [[-61.29225158691406], [1505.120361328125]]}