{"plat_x": 0.20368002355098724, "plat_y": 0.836077868938446, "plat_z": -0.11790531128644943, "EE_x": 0.21686947345733643, "EE_y": 0.9566307663917542, "EE_z": -0.11703658103942871, "p_zero": [-0.009404316544532776, 0.12679535150527954, 0.0020660609006881714], "motor_control": [[-543.009521484375], [-241.30677795410156]]}