{"plat_x": 0.20356737077236176, "plat_y": 0.8359215259552002, "plat_z": -0.11778271198272705, "EE_x": 0.20010174810886383, "EE_y": 0.9614202976226807, "EE_z": -0.11854933947324753, "p_zero": [-0.006122037768363953, 0.1271175742149353, 0.004081927239894867], "motor_control": [[-55.28905487060547], [-135.48890686035156]]}