{"plat_x": 0.20368638634681702, "plat_y": 0.8360637426376343, "plat_z": -0.11793459206819534, "EE_x": 0.18946748971939087, "EE_y": 0.9548258185386658, "EE_z": -0.08666707575321198, "p_zero": [-0.005162492394447327, 0.12702172994613647, 0.004828847944736481], "motor_control": [[409.0901794433594], [681.58544921875]]}