{"plat_x": 0.20367278158664703, "plat_y": 0.8360840082168579, "plat_z": -0.11790049076080322, "EE_x": 0.19952991604804993, "EE_y": 0.9623105525970459, "EE_z": -0.11661405861377716, "p_zero": [-0.009404316544532776, 0.12679535150527954, 0.0020660609006881714], "motor_control": [[-10.240830421447754], [-71.43221282958984]]}