{"plat_x": 0.20368801057338715, "plat_y": 0.8360753059387207, "plat_z": -0.1179351806640625, "EE_x": 0.25000229477882385, "EE_y": 0.9344768524169922, "EE_z": -0.0995708703994751, "p_zero": [-0.005162492394447327, 0.12702172994613647, 0.004828847944736481], "motor_control": [[-1784.838623046875], [185.13955688476562]]}