{"plat_x": 0.2035609632730484, "plat_y": 0.8359251022338867, "plat_z": -0.1177733838558197, "EE_x": 0.1679016351699829, "EE_y": 0.9491593241691589, "EE_z": -0.12131325155496597, "p_zero": [-0.006122037768363953, 0.1271175742149353, 0.004081927239894867], "motor_control": [[1071.4930419921875], [-282.3808898925781]]}