{"plat_x": 0.2035643607378006, "plat_y": 0.8359239101409912, "plat_z": -0.11778013408184052, "EE_x": 0.19960986077785492, "EE_y": 0.9607603549957275, "EE_z": -0.12129446864128113, "p_zero": [-0.006122037768363953, 0.1271175742149353, 0.004081927239894867], "motor_control": [[-35.11668014526367], [-195.3833465576172]]}