{"plat_x": 0.20356681942939758, "plat_y": 0.8359247446060181, "plat_z": -0.11777953058481216, "EE_x": 0.24674032628536224, "EE_y": 0.9348851442337036, "EE_z": -0.11120325326919556, "p_zero": [-0.006122037768363953, 0.1271175742149353, 0.004081927239894867], "motor_control": [[-1720.681396484375], [-575.57763671875]]}