{"plat_x": 0.2035648077726364, "plat_y": 0.8359242677688599, "plat_z": -0.11778008937835693, "EE_x": 0.2096104621887207, "EE_y": 0.9589139819145203, "EE_z": -0.11970395594835281, "p_zero": [-0.006122037768363953, 0.1271175742149353, 0.004081927239894867], "motor_control": [[-336.7350158691406], [-124.99830627441406]]}