{"plat_x": 0.20356784760951996, "plat_y": 0.8359281420707703, "plat_z": -0.11777612566947937, "EE_x": 0.1994955837726593, "EE_y": 0.9619360566139221, "EE_z": -0.11101345717906952, "p_zero": [-0.006122037768363953, 0.1271175742149353, 0.004081927239894867], "motor_control": [[-150.03179931640625], [49.481834411621094]]}