{"plat_x": 0.203687846660614, "plat_y": 0.8360618352890015, "plat_z": -0.11793699860572815, "EE_x": 0.22319728136062622, "EE_y": 0.9405342936515808, "EE_z": -0.07384743541479111, "p_zero": [-0.005162492394447327, 0.12702172994613647, 0.004828847944736481], "motor_control": [[-1115.0152587890625], [1186.6197509765625]]}