{"plat_x": 0.2035668045282364, "plat_y": 0.8359233140945435, "plat_z": -0.11778060346841812, "EE_x": 0.21531759202480316, "EE_y": 0.945730984210968, "EE_z": -0.1426144242286682, "p_zero": [-0.006122037768363953, 0.1271175742149353, 0.004081927239894867], "motor_control": [[-428.348388671875], [-1060.319580078125]]}