{"plat_x": 0.2036689966917038, "plat_y": 0.8360893130302429, "plat_z": -0.1178995668888092, "EE_x": 0.19333922863006592, "EE_y": 0.9538217782974243, "EE_z": -0.08214578777551651, "p_zero": [-0.009404316544532776, 0.12679535150527954, 0.0020660609006881714], "motor_control": [[-196.113525390625], [845.6209716796875]]}