{"plat_x": 0.20367391407489777, "plat_y": 0.8360792398452759, "plat_z": -0.1179092526435852, "EE_x": 0.15895776450634003, "EE_y": 0.9366534948348999, "EE_z": -0.08524751663208008, "p_zero": [-0.009404316544532776, 0.12679535150527954, 0.0020660609006881714], "motor_control": [[1493.4820556640625], [1094.725830078125]]}