{"plat_x": 0.20367492735385895, "plat_y": 0.8360579013824463, "plat_z": -0.11791621148586273, "EE_x": 0.18205949664115906, "EE_y": 0.956760585308075, "EE_z": -0.09898436069488525, "p_zero": [-0.005162492394447327, 0.12702172994613647, 0.004828847944736481], "motor_control": [[487.369384765625], [396.3282165527344]]}