{"plat_x": 0.2036450356245041, "plat_y": 0.83607017993927, "plat_z": -0.11790142953395844, "EE_x": 0.2147505283355713, "EE_y": 0.9575598835945129, "EE_z": -0.11861952394247055, "p_zero": [-0.009404316544532776, 0.12679535150527954, 0.0020660609006881714], "motor_control": [[-451.2695007324219], [-201.3873748779297]]}