{"plat_x": 0.20356811583042145, "plat_y": 0.8359228372573853, "plat_z": -0.11777971684932709, "EE_x": 0.18998627364635468, "EE_y": 0.9578877687454224, "EE_z": -0.1254001408815384, "p_zero": [-0.006122037768363953, 0.1271175742149353, 0.004081927239894867], "motor_control": [[245.8345184326172], [-329.07720947265625]]}