{"plat_x": 0.20368272066116333, "plat_y": 0.8361064195632935, "plat_z": -0.11790093779563904, "EE_x": 0.20261359214782715, "EE_y": 0.9516076445579529, "EE_z": -0.14085476100444794, "p_zero": [-0.009404316544532776, 0.12679535150527954, 0.0020660609006881714], "motor_control": [[40.476505279541016], [-852.153076171875]]}