{"plat_x": 0.2036864310503006, "plat_y": 0.8360609412193298, "plat_z": -0.11793576925992966, "EE_x": 0.17266757786273956, "EE_y": 0.9540508389472961, "EE_z": -0.1172490119934082, "p_zero": [-0.005162492394447327, 0.12702172994613647, 0.004828847944736481], "motor_control": [[862.7145385742188], [-45.41962432861328]]}