{"plat_x": 0.20368032157421112, "plat_y": 0.8360927700996399, "plat_z": -0.11789359152317047, "EE_x": 0.18354307115077972, "EE_y": 0.9505234956741333, "EE_z": -0.08193755894899368, "p_zero": [-0.009404316544532776, 0.12679535150527954, 0.0020660609006881714], "motor_control": [[575.9393920898438], [946.69189453125]]}