{"plat_x": 0.20368944108486176, "plat_y": 0.8360835313796997, "plat_z": -0.11794254183769226, "EE_x": 0.17613069713115692, "EE_y": 0.9425490498542786, "EE_z": -0.07464573532342911, "p_zero": [-0.005162492394447327, 0.12702172994613647, 0.004828847944736481], "motor_control": [[879.8982543945312], [1282.22265625]]}