{"plat_x": 0.203674778342247, "plat_y": 0.836071252822876, "plat_z": -0.11790962517261505, "EE_x": 0.2402816116809845, "EE_y": 0.9410578608512878, "EE_z": -0.09349386394023895, "p_zero": [-0.005162492394447327, 0.12702172994613647, 0.004828847944736481], "motor_control": [[-1452.6090087890625], [415.4762878417969]]}