{"plat_x": 0.2035657912492752, "plat_y": 0.8359246253967285, "plat_z": -0.11777837574481964, "EE_x": 0.16082747280597687, "EE_y": 0.9420663714408875, "EE_z": -0.1234680786728859, "p_zero": [-0.006122037768363953, 0.1271175742149353, 0.004081927239894867], "motor_control": [[1448.0516357421875], [-466.84881591796875]]}