{"plat_x": 0.20369386672973633, "plat_y": 0.8360769748687744, "plat_z": -0.1179378405213356, "EE_x": 0.19134894013404846, "EE_y": 0.939384400844574, "EE_z": -0.060406316071748734, "p_zero": [-0.005162492394447327, 0.12702172994613647, 0.004828847944736481], "motor_control": [[232.86558532714844], [1628.8831787109375]]}