{"plat_x": 0.2036750465631485, "plat_y": 0.8360785245895386, "plat_z": -0.11792298406362534, "EE_x": 0.16526766121387482, "EE_y": 0.9384925365447998, "EE_z": -0.08024229109287262, "p_zero": [-0.005162492394447327, 0.12702172994613647, 0.004828847944736481], "motor_control": [[1308.752197265625], [1226.9451904296875]]}