{"plat_x": 0.2036888748407364, "plat_y": 0.8360691070556641, "plat_z": -0.11794513463973999, "EE_x": 0.18481718003749847, "EE_y": 0.9510073661804199, "EE_z": -0.13251759111881256, "p_zero": [-0.005162492394447327, 0.12702172994613647, 0.004828847944736481], "motor_control": [[691.3549194335938], [-678.2850341796875]]}