{"plat_x": 0.20367279648780823, "plat_y": 0.836073637008667, "plat_z": -0.11789907515048981, "EE_x": 0.18199500441551208, "EE_y": 0.9585643410682678, "EE_z": -0.10663110017776489, "p_zero": [-0.009404316544532776, 0.12679535150527954, 0.0020660609006881714], "motor_control": [[421.023193359375], [222.3836669921875]]}