{"plat_x": 0.20356252789497375, "plat_y": 0.8359248638153076, "plat_z": -0.11777288466691971, "EE_x": 0.20366832613945007, "EE_y": 0.9617320895195007, "EE_z": -0.10869533568620682, "p_zero": [-0.006122037768363953, 0.1271175742149353, 0.004081927239894867], "motor_control": [[-139.8367919921875], [84.41690826416016]]}