{"plat_x": 0.20356816053390503, "plat_y": 0.8359240293502808, "plat_z": -0.11778995394706726, "EE_x": 0.1494874507188797, "EE_y": 0.9335817694664001, "EE_z": -0.09774385392665863, "p_zero": [-0.006122037768363953, 0.1271175742149353, 0.004081927239894867], "motor_control": [[1815.663818359375], [651.619384765625]]}