{"plat_x": 0.20367006957530975, "plat_y": 0.8360803127288818, "plat_z": -0.11792772263288498, "EE_x": 0.2352500706911087, "EE_y": 0.9346560835838318, "EE_z": -0.13559015095233917, "p_zero": [-0.005162492394447327, 0.12702172994613647, 0.004828847944736481], "motor_control": [[-1329.984130859375], [-1243.0482177734375]]}