{"plat_x": 0.20367054641246796, "plat_y": 0.8360692262649536, "plat_z": -0.11790439486503601, "EE_x": 0.17674966156482697, "EE_y": 0.9479696154594421, "EE_z": -0.13353876769542694, "p_zero": [-0.009404316544532776, 0.12679535150527954, 0.0020660609006881714], "motor_control": [[870.1432495117188], [-700.6925048828125]]}