{"plat_x": 0.20368190109729767, "plat_y": 0.8360679745674133, "plat_z": -0.1179310753941536, "EE_x": 0.1572323739528656, "EE_y": 0.9374076128005981, "EE_z": -0.08974761515855789, "p_zero": [-0.005162492394447327, 0.12702172994613647, 0.004828847944736481], "motor_control": [[1550.923095703125], [932.2642211914062]]}