{"plat_x": 0.20366956293582916, "plat_y": 0.8360825777053833, "plat_z": -0.11791907250881195, "EE_x": 0.15259653329849243, "EE_y": 0.9390344619750977, "EE_z": -0.10363779962062836, "p_zero": [-0.005162492394447327, 0.12702172994613647, 0.004828847944736481], "motor_control": [[1613.4454345703125], [399.397216796875]]}