{"plat_x": 0.20367398858070374, "plat_y": 0.8360782265663147, "plat_z": -0.11789565533399582, "EE_x": 0.2142917662858963, "EE_y": 0.9509752988815308, "EE_z": -0.08375122398138046, "p_zero": [-0.009404316544532776, 0.12679535150527954, 0.0020660609006881714], "motor_control": [[-691.26513671875], [812.0206298828125]]}