{"plat_x": 0.20368434488773346, "plat_y": 0.8360695838928223, "plat_z": -0.11793368309736252, "EE_x": 0.19545713067054749, "EE_y": 0.9625294208526611, "EE_z": -0.1142745316028595, "p_zero": [-0.005162492394447327, 0.12702172994613647, 0.004828847944736481], "motor_control": [[50.594993591308594], [24.125558853149414]]}