{"plat_x": 0.20368239283561707, "plat_y": 0.8360657095909119, "plat_z": -0.11793449521064758, "EE_x": 0.17667973041534424, "EE_y": 0.936852216720581, "EE_z": -0.14556877315044403, "p_zero": [-0.005162492394447327, 0.12702172994613647, 0.004828847944736481], "motor_control": [[1159.9783935546875], [-1311.26513671875]]}