{"plat_x": 0.20356176793575287, "plat_y": 0.8359285593032837, "plat_z": -0.11777694523334503, "EE_x": 0.19963990151882172, "EE_y": 0.9283483028411865, "EE_z": -0.1625128537416458, "p_zero": [-0.006122037768363953, 0.1271175742149353, 0.004081927239894867], "motor_control": [[360.9217834472656], [-1942.18115234375]]}