{"plat_x": 0.20356418192386627, "plat_y": 0.8359255790710449, "plat_z": -0.11777803301811218, "EE_x": 0.1774878352880478, "EE_y": 0.9478036761283875, "EE_z": -0.1318383514881134, "p_zero": [-0.006122037768363953, 0.1271175742149353, 0.004081927239894867], "motor_control": [[933.86376953125], [-728.9968872070312]]}