{"plat_x": 0.20368358492851257, "plat_y": 0.8360932469367981, "plat_z": -0.11792813241481781, "EE_x": 0.19266502559185028, "EE_y": 0.960565984249115, "EE_z": -0.1198970228433609, "p_zero": [-0.005162492394447327, 0.12702172994613647, 0.004828847944736481], "motor_control": [[165.47067260742188], [-129.69049072265625]]}