{"plat_x": 0.20367513597011566, "plat_y": 0.8360685110092163, "plat_z": -0.11792520433664322, "EE_x": 0.2063419371843338, "EE_y": 0.9280237555503845, "EE_z": -0.16358010470867157, "p_zero": [-0.005162492394447327, 0.12702172994613647, 0.004828847944736481], "motor_control": [[-253.12991333007812], [-1910.2008056640625]]}