{"plat_x": 0.20356546342372894, "plat_y": 0.835928201675415, "plat_z": -0.11778340488672256, "EE_x": 0.21671049296855927, "EE_y": 0.9577606916427612, "EE_z": -0.11507558822631836, "p_zero": [-0.006122037768363953, 0.1271175742149353, 0.004081927239894867], "motor_control": [[-469.7777099609375], [-136.67129516601562]]}