{"plat_x": 0.20367421209812164, "plat_y": 0.8360733389854431, "plat_z": -0.11790493130683899, "EE_x": 0.24435047805309296, "EE_y": 0.9389663338661194, "EE_z": -0.11298081278800964, "p_zero": [-0.009404316544532776, 0.12679535150527954, 0.0020660609006881714], "motor_control": [[-1553.69970703125], [-397.0223388671875]]}