{"plat_x": 0.2035648673772812, "plat_y": 0.8359256982803345, "plat_z": -0.11777790635824203, "EE_x": 0.18128354847431183, "EE_y": 0.9578352570533752, "EE_z": -0.10932627320289612, "p_zero": [-0.006122037768363953, 0.1271175742149353, 0.004081927239894867], "motor_control": [[597.5618896484375], [146.79632568359375]]}