{"plat_x": 0.20369458198547363, "plat_y": 0.836103081703186, "plat_z": -0.11792647838592529, "EE_x": 0.18613965809345245, "EE_y": 0.9450908899307251, "EE_z": -0.14242029190063477, "p_zero": [-0.005162492394447327, 0.12702172994613647, 0.004828847944736481], "motor_control": [[724.912841796875], [-1048.943359375]]}