{"plat_x": 0.20366953313350677, "plat_y": 0.8360573053359985, "plat_z": -0.11789954453706741, "EE_x": 0.19996623694896698, "EE_y": 0.9417901039123535, "EE_z": -0.1540389209985733, "p_zero": [-0.009404316544532776, 0.12679535150527954, 0.0020660609006881714], "motor_control": [[-25.573089599609375], [-1335.29541015625]]}