{"plat_x": 0.20367814600467682, "plat_y": 0.836073100566864, "plat_z": -0.11792405694723129, "EE_x": 0.1943623125553131, "EE_y": 0.9567790031433105, "EE_z": -0.13071924448013306, "p_zero": [-0.005162492394447327, 0.12702172994613647, 0.004828847944736481], "motor_control": [[126.79974365234375], [-506.3804931640625]]}