{"plat_x": 0.2036905735731125, "plat_y": 0.8360740542411804, "plat_z": -0.11793635785579681, "EE_x": 0.1723986268043518, "EE_y": 0.9440599083900452, "EE_z": -0.08014600723981857, "p_zero": [-0.005162492394447327, 0.12702172994613647, 0.004828847944736481], "motor_control": [[984.7487182617188], [1108.002685546875]]}