{"plat_x": 0.2035709172487259, "plat_y": 0.8359218239784241, "plat_z": -0.11779086291790009, "EE_x": 0.22559280693531036, "EE_y": 0.9467560648918152, "EE_z": -0.08518160134553909, "p_zero": [-0.006122037768363953, 0.1271175742149353, 0.004081927239894867], "motor_control": [[-1010.61181640625], [778.6914672851562]]}