{"plat_x": 0.2036789506673813, "plat_y": 0.8360733985900879, "plat_z": -0.11791624128818512, "EE_x": 0.1697198748588562, "EE_y": 0.948483407497406, "EE_z": -0.09323441237211227, "p_zero": [-0.005162492394447327, 0.12702172994613647, 0.004828847944736481], "motor_control": [[1007.00341796875], [678.3798217773438]]}