{"plat_x": 0.20367224514484406, "plat_y": 0.8360791802406311, "plat_z": -0.11790858209133148, "EE_x": 0.18675963580608368, "EE_y": 0.9444055557250977, "EE_z": -0.14413613080978394, "p_zero": [-0.009404316544532776, 0.12679535150527954, 0.0020660609006881714], "motor_control": [[675.446533203125], [-1085.194580078125]]}