{"plat_x": 0.20369844138622284, "plat_y": 0.8360603451728821, "plat_z": -0.11794981360435486, "EE_x": 0.22023802995681763, "EE_y": 0.9400410652160645, "EE_z": -0.0704907700419426, "p_zero": [-0.005162492394447327, 0.12702172994613647, 0.004828847944736481], "motor_control": [[-1012.1461181640625], [1281.4473876953125]]}