{"plat_x": 0.20368631184101105, "plat_y": 0.8360667824745178, "plat_z": -0.11793462932109833, "EE_x": 0.23020602762699127, "EE_y": 0.9497316479682922, "EE_z": -0.09742237627506256, "p_zero": [-0.005162492394447327, 0.12702172994613647, 0.004828847944736481], "motor_control": [[-1068.474853515625], [256.7269287109375]]}