{"plat_x": 0.2036847472190857, "plat_y": 0.8360677361488342, "plat_z": -0.11793913692235947, "EE_x": 0.23484040796756744, "EE_y": 0.9450030326843262, "EE_z": -0.1176314726471901, "p_zero": [-0.005162492394447327, 0.12702172994613647, 0.004828847944736481], "motor_control": [[-1187.5531005859375], [-571.3716430664062]]}