{"plat_x": 0.2036835253238678, "plat_y": 0.8360610604286194, "plat_z": -0.11794136464595795, "EE_x": 0.18331663310527802, "EE_y": 0.9479964971542358, "EE_z": -0.07729809731245041, "p_zero": [-0.005162492394447327, 0.12702172994613647, 0.004828847944736481], "motor_control": [[585.815185546875], [1113.561767578125]]}