{"plat_x": 0.2036910504102707, "plat_y": 0.8361055850982666, "plat_z": -0.11792811751365662, "EE_x": 0.18695959448814392, "EE_y": 0.9601644277572632, "EE_z": -0.10364653170108795, "p_zero": [-0.005162492394447327, 0.12702172994613647, 0.004828847944736481], "motor_control": [[191.47412109375], [269.4931335449219]]}