{"plat_x": 0.20356296002864838, "plat_y": 0.8359245657920837, "plat_z": -0.11777427792549133, "EE_x": 0.20606189966201782, "EE_y": 0.9399935603141785, "EE_z": -0.15389885008335114, "p_zero": [-0.006122037768363953, 0.1271175742149353, 0.004081927239894867], "motor_control": [[-184.6191864013672], [-1421.9686279296875]]}