{"plat_x": 0.20368213951587677, "plat_y": 0.8360826969146729, "plat_z": -0.11790786683559418, "EE_x": 0.19024981558322906, "EE_y": 0.9591028690338135, "EE_z": -0.09597979485988617, "p_zero": [-0.009404316544532776, 0.12679535150527954, 0.0020660609006881714], "motor_control": [[96.18917083740234], [445.8414306640625]]}