{"plat_x": 0.2036781907081604, "plat_y": 0.8360778093338013, "plat_z": -0.1178998276591301, "EE_x": 0.2521578371524811, "EE_y": 0.9301531910896301, "EE_z": -0.09731940925121307, "p_zero": [-0.009404316544532776, 0.12679535150527954, 0.0020660609006881714], "motor_control": [[-1959.3262939453125], [319.7064514160156]]}