{"plat_x": 0.20357085764408112, "plat_y": 0.8359226584434509, "plat_z": -0.11778943985700607, "EE_x": 0.19905583560466766, "EE_y": 0.9623548984527588, "EE_z": -0.11448557674884796, "p_zero": [-0.006122037768363953, 0.1271175742149353, 0.004081927239894867], "motor_control": [[-100.10108184814453], [5.82102632522583]]}