{"plat_x": 0.203694686293602, "plat_y": 0.836071789264679, "plat_z": -0.11794836074113846, "EE_x": 0.1571698635816574, "EE_y": 0.9398069381713867, "EE_z": -0.12359190732240677, "p_zero": [-0.005162492394447327, 0.12702172994613647, 0.004828847944736481], "motor_control": [[1547.4368896484375], [-435.2132568359375]]}