{"plat_x": 0.20369426906108856, "plat_y": 0.8360723853111267, "plat_z": -0.11794988065958023, "EE_x": 0.19544702768325806, "EE_y": 0.9570497274398804, "EE_z": -0.1294432133436203, "p_zero": [-0.005162492394447327, 0.12702172994613647, 0.004828847944736481], "motor_control": [[207.8374481201172], [-450.8696594238281]]}