{"plat_x": 0.2035672515630722, "plat_y": 0.8359227776527405, "plat_z": -0.11778422445058823, "EE_x": 0.19390366971492767, "EE_y": 0.935306191444397, "EE_z": -0.055468082427978516, "p_zero": [-0.006122037768363953, 0.1271175742149353, 0.004081927239894867], "motor_control": [[-162.86875915527344], [1818.356201171875]]}