{"plat_x": 0.20368142426013947, "plat_y": 0.8360734581947327, "plat_z": -0.11793401837348938, "EE_x": 0.19507698714733124, "EE_y": 0.9610729813575745, "EE_z": -0.11992664635181427, "p_zero": [-0.005162492394447327, 0.12702172994613647, 0.004828847944736481], "motor_control": [[-40.552364349365234], [-158.51821899414062]]}