{"plat_x": 0.2036980539560318, "plat_y": 0.8361012935638428, "plat_z": -0.11792612075805664, "EE_x": 0.20048342645168304, "EE_y": 0.9618146419525146, "EE_z": -0.11188668757677078, "p_zero": [-0.005162492394447327, 0.12702172994613647, 0.004828847944736481], "motor_control": [[-141.71266174316406], [94.7900161743164]]}