{"plat_x": 0.20356211066246033, "plat_y": 0.8359286189079285, "plat_z": -0.11777317523956299, "EE_x": 0.1986376941204071, "EE_y": 0.9590955972671509, "EE_z": -0.09275364875793457, "p_zero": [-0.006122037768363953, 0.1271175742149353, 0.004081927239894867], "motor_control": [[-85.06343841552734], [465.9686279296875]]}