{"plat_x": 0.20356379449367523, "plat_y": 0.8359289169311523, "plat_z": -0.11777688562870026, "EE_x": 0.22520895302295685, "EE_y": 0.9551020860671997, "EE_z": -0.10865143686532974, "p_zero": [-0.006122037768363953, 0.1271175742149353, 0.004081927239894867], "motor_control": [[-718.8975219726562], [-8.348746299743652]]}