{"plat_x": 0.20369340479373932, "plat_y": 0.8360647559165955, "plat_z": -0.11794804036617279, "EE_x": 0.24244582653045654, "EE_y": 0.9345154166221619, "EE_z": -0.0875241681933403, "p_zero": [-0.005162492394447327, 0.12702172994613647, 0.004828847944736481], "motor_control": [[-1684.07958984375], [783.7718505859375]]}