{"plat_x": 0.20369654893875122, "plat_y": 0.8360756039619446, "plat_z": -0.11793912202119827, "EE_x": 0.21923983097076416, "EE_y": 0.9548293948173523, "EE_z": -0.09600237756967545, "p_zero": [-0.005162492394447327, 0.12702172994613647, 0.004828847944736481], "motor_control": [[-640.1559448242188], [351.58587646484375]]}