{"plat_x": 0.20365582406520844, "plat_y": 0.8360754251480103, "plat_z": -0.11790098994970322, "EE_x": 0.19081033766269684, "EE_y": 0.9609211087226868, "EE_z": -0.11968722194433212, "p_zero": [-0.009404316544532776, 0.12679535150527954, 0.0020660609006881714], "motor_control": [[129.22344970703125], [-63.406044006347656]]}