{"plat_x": 0.20369337499141693, "plat_y": 0.8360650539398193, "plat_z": -0.11794497072696686, "EE_x": 0.2123759239912033, "EE_y": 0.9514708518981934, "EE_z": -0.134827122092247, "p_zero": [-0.005162492394447327, 0.12702172994613647, 0.004828847944736481], "motor_control": [[-394.19561767578125], [-775.293701171875]]}