{"plat_x": 0.2036740630865097, "plat_y": 0.8360713720321655, "plat_z": -0.11791695654392242, "EE_x": 0.19318774342536926, "EE_y": 0.9603661298751831, "EE_z": -0.099373959004879, "p_zero": [-0.005162492394447327, 0.12702172994613647, 0.004828847944736481], "motor_control": [[-55.555904388427734], [374.89703369140625]]}