{"plat_x": 0.20356912910938263, "plat_y": 0.8359256982803345, "plat_z": -0.11778955161571503, "EE_x": 0.20194019377231598, "EE_y": 0.9393500089645386, "EE_z": -0.15613241493701935, "p_zero": [-0.006122037768363953, 0.1271175742149353, 0.004081927239894867], "motor_control": [[-36.941307067871094], [-1456.3035888671875]]}