{"plat_x": 0.20368404686450958, "plat_y": 0.8360636234283447, "plat_z": -0.11793722957372665, "EE_x": 0.19086988270282745, "EE_y": 0.9581601619720459, "EE_z": -0.09451606869697571, "p_zero": [-0.005162492394447327, 0.12702172994613647, 0.004828847944736481], "motor_control": [[266.5969543457031], [451.7814636230469]]}