{"plat_x": 0.20366834104061127, "plat_y": 0.8360955119132996, "plat_z": -0.11789601296186447, "EE_x": 0.1947072595357895, "EE_y": 0.9626609086990356, "EE_z": -0.11542154848575592, "p_zero": [-0.009404316544532776, 0.12679535150527954, 0.0020660609006881714], "motor_control": [[8.632089614868164], [20.328889846801758]]}