{"plat_x": 0.20356108248233795, "plat_y": 0.8359276056289673, "plat_z": -0.11777427047491074, "EE_x": 0.18194223940372467, "EE_y": 0.9409194588661194, "EE_z": -0.14346955716609955, "p_zero": [-0.006122037768363953, 0.1271175742149353, 0.004081927239894867], "motor_control": [[963.0200805664062], [-1201.9990234375]]}