{"plat_x": 0.20368032157421112, "plat_y": 0.836077094078064, "plat_z": -0.11790532618761063, "EE_x": 0.19549845159053802, "EE_y": 0.9621942043304443, "EE_z": -0.11633552610874176, "p_zero": [-0.009404316544532776, 0.12679535150527954, 0.0020660609006881714], "motor_control": [[-29.900318145751953], [-61.190608978271484]]}