{"plat_x": 0.20368199050426483, "plat_y": 0.8360798954963684, "plat_z": -0.11789793521165848, "EE_x": 0.2023448497056961, "EE_y": 0.9504920244216919, "EE_z": -0.07428192347288132, "p_zero": [-0.009404316544532776, 0.12679535150527954, 0.0020660609006881714], "motor_control": [[-196.74534606933594], [1072.20751953125]]}