{"plat_x": 0.20356303453445435, "plat_y": 0.8359225988388062, "plat_z": -0.1177787333726883, "EE_x": 0.17922770977020264, "EE_y": 0.9514949321746826, "EE_z": -0.0882750004529953, "p_zero": [-0.006122037768363953, 0.1271175742149353, 0.004081927239894867], "motor_control": [[638.3618774414062], [794.7897338867188]]}