{"plat_x": 0.20367567241191864, "plat_y": 0.8360744118690491, "plat_z": -0.11789640784263611, "EE_x": 0.2135704755783081, "EE_y": 0.9565103054046631, "EE_z": -0.09625628590583801, "p_zero": [-0.009404316544532776, 0.12679535150527954, 0.0020660609006881714], "motor_control": [[-549.3208618164062], [329.1273193359375]]}