{"plat_x": 0.20367954671382904, "plat_y": 0.836069643497467, "plat_z": -0.11791139841079712, "EE_x": 0.2178906798362732, "EE_y": 0.9499670267105103, "EE_z": -0.08392377197742462, "p_zero": [-0.005162492394447327, 0.12702172994613647, 0.004828847944736481], "motor_control": [[-797.6904907226562], [762.344482421875]]}