{"plat_x": 0.20356681942939758, "plat_y": 0.835928201675415, "plat_z": -0.11777939647436142, "EE_x": 0.2494276612997055, "EE_y": 0.9326762557029724, "EE_z": -0.11174193024635315, "p_zero": [-0.006122037768363953, 0.1271175742149353, 0.004081927239894867], "motor_control": [[-1803.0513916015625], [-529.3937377929688]]}