{"plat_x": 0.20368637144565582, "plat_y": 0.8360824584960938, "plat_z": -0.11793003231287003, "EE_x": 0.19214139878749847, "EE_y": 0.9597101807594299, "EE_z": -0.09756307303905487, "p_zero": [-0.005162492394447327, 0.12702172994613647, 0.004828847944736481], "motor_control": [[58.165924072265625], [411.591552734375]]}