{"plat_x": 0.2036518007516861, "plat_y": 0.8360782265663147, "plat_z": -0.1179027408361435, "EE_x": 0.17246221005916595, "EE_y": 0.9518792629241943, "EE_z": -0.12309139966964722, "p_zero": [-0.009404316544532776, 0.12679535150527954, 0.0020660609006881714], "motor_control": [[881.7915649414062], [-266.0159606933594]]}