{"plat_x": 0.20356805622577667, "plat_y": 0.835924506187439, "plat_z": -0.11778198182582855, "EE_x": 0.1583680808544159, "EE_y": 0.9447166919708252, "EE_z": -0.10446503013372421, "p_zero": [-0.006122037768363953, 0.1271175742149353, 0.004081927239894867], "motor_control": [[1349.65478515625], [302.231201171875]]}