{"plat_x": 0.20368321239948273, "plat_y": 0.8360813856124878, "plat_z": -0.11793415248394012, "EE_x": 0.15066467225551605, "EE_y": 0.933834969997406, "EE_z": -0.09933838248252869, "p_zero": [-0.005162492394447327, 0.12702172994613647, 0.004828847944736481], "motor_control": [[1842.1739501953125], [689.6393432617188]]}