{"plat_x": 0.20356912910938263, "plat_y": 0.835924506187439, "plat_z": -0.11778805404901505, "EE_x": 0.18681600689888, "EE_y": 0.9606128931045532, "EE_z": -0.109780453145504, "p_zero": [-0.006122037768363953, 0.1271175742149353, 0.004081927239894867], "motor_control": [[202.4334716796875], [133.01593017578125]]}