{"plat_x": 0.20369139313697815, "plat_y": 0.8360713124275208, "plat_z": -0.11794095486402512, "EE_x": 0.2469494491815567, "EE_y": 0.9301461577415466, "EE_z": -0.08643403649330139, "p_zero": [-0.005162492394447327, 0.12702172994613647, 0.004828847944736481], "motor_control": [[-1841.772705078125], [768.8319702148438]]}