{"plat_x": 0.20367391407489777, "plat_y": 0.8360710144042969, "plat_z": -0.11790097504854202, "EE_x": 0.22791294753551483, "EE_y": 0.9390457272529602, "EE_z": -0.07579287141561508, "p_zero": [-0.009404316544532776, 0.12679535150527954, 0.0020660609006881714], "motor_control": [[-1268.1851806640625], [1133.505615234375]]}