{"plat_x": 0.20366843044757843, "plat_y": 0.8360903263092041, "plat_z": -0.11789873242378235, "EE_x": 0.23773838579654694, "EE_y": 0.9464731216430664, "EE_z": -0.10402359068393707, "p_zero": [-0.009404316544532776, 0.12679535150527954, 0.0020660609006881714], "motor_control": [[-1274.3857421875], [77.39741516113281]]}