{"plat_x": 0.20369373261928558, "plat_y": 0.836101770401001, "plat_z": -0.11792787909507751, "EE_x": 0.216525599360466, "EE_y": 0.935232400894165, "EE_z": -0.06410322338342667, "p_zero": [-0.005162492394447327, 0.12702172994613647, 0.004828847944736481], "motor_control": [[-1045.1910400390625], [1603.5440673828125]]}