{"plat_x": 0.2036854773759842, "plat_y": 0.8360744118690491, "plat_z": -0.11794091016054153, "EE_x": 0.18784184753894806, "EE_y": 0.9605540037155151, "EE_z": -0.11317725479602814, "p_zero": [-0.005162492394447327, 0.12702172994613647, 0.004828847944736481], "motor_control": [[307.9514465332031], [68.21309661865234]]}