{"plat_x": 0.20356546342372894, "plat_y": 0.8359288573265076, "plat_z": -0.11778080463409424, "EE_x": 0.19213367998600006, "EE_y": 0.9604620337486267, "EE_z": -0.10035675019025803, "p_zero": [-0.006122037768363953, 0.1271175742149353, 0.004081927239894867], "motor_control": [[104.3277816772461], [327.43402099609375]]}