{"plat_x": 0.20356953144073486, "plat_y": 0.8359225988388062, "plat_z": -0.11778249591588974, "EE_x": 0.20197610557079315, "EE_y": 0.939954936504364, "EE_z": -0.06111587584018707, "p_zero": [-0.006122037768363953, 0.1271175742149353, 0.004081927239894867], "motor_control": [[-358.8961181640625], [1559.7452392578125]]}