{"plat_x": 0.20356354117393494, "plat_y": 0.835926353931427, "plat_z": -0.11777713894844055, "EE_x": 0.15235404670238495, "EE_y": 0.9400867819786072, "EE_z": -0.10869193822145462, "p_zero": [-0.006122037768363953, 0.1271175742149353, 0.004081927239894867], "motor_control": [[1598.988037109375], [193.74156188964844]]}