{"plat_x": 0.2036854475736618, "plat_y": 0.8360939621925354, "plat_z": -0.11789900064468384, "EE_x": 0.1907654106616974, "EE_y": 0.961906373500824, "EE_z": -0.11592425405979156, "p_zero": [-0.009404316544532776, 0.12679535150527954, 0.0020660609006881714], "motor_control": [[40.256317138671875], [34.96083068847656]]}