{"plat_x": 0.2036726027727127, "plat_y": 0.8360764384269714, "plat_z": -0.11792048066854477, "EE_x": 0.16646744310855865, "EE_y": 0.9482107758522034, "EE_z": -0.09527893364429474, "p_zero": [-0.005162492394447327, 0.12702172994613647, 0.004828847944736481], "motor_control": [[1066.806396484375], [537.3250732421875]]}