{"plat_x": 0.20356935262680054, "plat_y": 0.8359228372573853, "plat_z": -0.11778543889522552, "EE_x": 0.20022310316562653, "EE_y": 0.960780918598175, "EE_z": -0.10043081641197205, "p_zero": [-0.006122037768363953, 0.1271175742149353, 0.004081927239894867], "motor_control": [[-107.13402557373047], [305.6720886230469]]}