{"plat_x": 0.20368386805057526, "plat_y": 0.8360891342163086, "plat_z": -0.11789768934249878, "EE_x": 0.1549018919467926, "EE_y": 0.9433124661445618, "EE_z": -0.10948114097118378, "p_zero": [-0.009404316544532776, 0.12679535150527954, 0.0020660609006881714], "motor_control": [[1433.03173828125], [110.26720428466797]]}