{"plat_x": 0.20356924831867218, "plat_y": 0.8359239101409912, "plat_z": -0.11778208613395691, "EE_x": 0.20000441372394562, "EE_y": 0.9585671424865723, "EE_z": -0.0919361412525177, "p_zero": [-0.006122037768363953, 0.1271175742149353, 0.004081927239894867], "motor_control": [[-142.7314910888672], [484.1723937988281]]}