{"plat_x": 0.20356819033622742, "plat_y": 0.835922122001648, "plat_z": -0.11778417229652405, "EE_x": 0.20079633593559265, "EE_y": 0.9621554017066956, "EE_z": -0.11493542790412903, "p_zero": [-0.006122037768363953, 0.1271175742149353, 0.004081927239894867], "motor_control": [[-32.02590560913086], [-40.092594146728516]]}