{"plat_x": 0.20370283722877502, "plat_y": 0.8360738754272461, "plat_z": -0.1179482713341713, "EE_x": 0.23849770426750183, "EE_y": 0.9406158328056335, "EE_z": -0.12280558794736862, "p_zero": [-0.005162492394447327, 0.12702172994613647, 0.004828847944736481], "motor_control": [[-1322.13623046875], [-740.6004638671875]]}