{"plat_x": 0.20368649065494537, "plat_y": 0.8360873460769653, "plat_z": -0.11793265491724014, "EE_x": 0.19635547697544098, "EE_y": 0.9482762217521667, "EE_z": -0.06981944292783737, "p_zero": [-0.005162492394447327, 0.12702172994613647, 0.004828847944736481], "motor_control": [[123.39222717285156], [1196.522705078125]]}