{"plat_x": 0.20355962216854095, "plat_y": 0.8359232544898987, "plat_z": -0.11777078360319138, "EE_x": 0.20344214141368866, "EE_y": 0.9366366267204285, "EE_z": -0.15798026323318481, "p_zero": [-0.006122037768363953, 0.1271175742149353, 0.004081927239894867], "motor_control": [[112.18891906738281], [-1587.7593994140625]]}