{"plat_x": 0.2036915421485901, "plat_y": 0.836100161075592, "plat_z": -0.11793601512908936, "EE_x": 0.20970791578292847, "EE_y": 0.9374552965164185, "EE_z": -0.1549082249403, "p_zero": [-0.005162492394447327, 0.12702172994613647, 0.004828847944736481], "motor_control": [[-315.5975646972656], [-1501.048828125]]}