{"plat_x": 0.2036784142255783, "plat_y": 0.8360739946365356, "plat_z": -0.11790545284748077, "EE_x": 0.1741199493408203, "EE_y": 0.9518494606018066, "EE_z": -0.12389746308326721, "p_zero": [-0.009404316544532776, 0.12679535150527954, 0.0020660609006881714], "motor_control": [[882.3843994140625], [-302.0479431152344]]}