{"plat_x": 0.20368380844593048, "plat_y": 0.8360872268676758, "plat_z": -0.11790809780359268, "EE_x": 0.20060129463672638, "EE_y": 0.9581738710403442, "EE_z": -0.12593121826648712, "p_zero": [-0.009404316544532776, 0.12679535150527954, 0.0020660609006881714], "motor_control": [[-176.33714294433594], [-365.8918151855469]]}