{"plat_x": 0.20356537401676178, "plat_y": 0.8359260559082031, "plat_z": -0.11777885258197784, "EE_x": 0.2281903177499771, "EE_y": 0.9468509554862976, "EE_z": -0.09077558666467667, "p_zero": [-0.006122037768363953, 0.1271175742149353, 0.004081927239894867], "motor_control": [[-1122.2647705078125], [620.7354125976562]]}