{"plat_x": 0.20369119942188263, "plat_y": 0.8360756039619446, "plat_z": -0.11795323342084885, "EE_x": 0.16640901565551758, "EE_y": 0.9479632377624512, "EE_z": -0.12168338894844055, "p_zero": [-0.005162492394447327, 0.12702172994613647, 0.004828847944736481], "motor_control": [[1153.5240478515625], [-296.2683410644531]]}