{"plat_x": 0.2035706788301468, "plat_y": 0.8359208703041077, "plat_z": -0.11778874695301056, "EE_x": 0.23034068942070007, "EE_y": 0.9511473774909973, "EE_z": -0.10482902824878693, "p_zero": [-0.006122037768363953, 0.1271175742149353, 0.004081927239894867], "motor_control": [[-1003.1890258789062], [88.95826721191406]]}