{"plat_x": 0.20367251336574554, "plat_y": 0.8360803723335266, "plat_z": -0.11789959669113159, "EE_x": 0.1761665940284729, "EE_y": 0.9447044134140015, "EE_z": -0.07740899175405502, "p_zero": [-0.009404316544532776, 0.12679535150527954, 0.0020660609006881714], "motor_control": [[819.4675903320312], [1180.678955078125]]}