{"plat_x": 0.20356640219688416, "plat_y": 0.8359222412109375, "plat_z": -0.1177867129445076, "EE_x": 0.15638631582260132, "EE_y": 0.937257707118988, "EE_z": -0.09069197624921799, "p_zero": [-0.006122037768363953, 0.1271175742149353, 0.004081927239894867], "motor_control": [[1572.067626953125], [899.1489868164062]]}