{"plat_x": 0.20368091762065887, "plat_y": 0.8360772132873535, "plat_z": -0.11791805177927017, "EE_x": 0.21563720703125, "EE_y": 0.9567716717720032, "EE_z": -0.09827006608247757, "p_zero": [-0.005162492394447327, 0.12702172994613647, 0.004828847944736481], "motor_control": [[-523.2059936523438], [307.51715087890625]]}