{"plat_x": 0.20369260013103485, "plat_y": 0.8360611200332642, "plat_z": -0.11794868111610413, "EE_x": 0.20656131207942963, "EE_y": 0.9320891499519348, "EE_z": -0.16189947724342346, "p_zero": [-0.005162492394447327, 0.12702172994613647, 0.004828847944736481], "motor_control": [[-23.130714416503906], [-1762.7606201171875]]}