{"plat_x": 0.2035689800977707, "plat_y": 0.8359213471412659, "plat_z": -0.11778625845909119, "EE_x": 0.19657082855701447, "EE_y": 0.9492946863174438, "EE_z": -0.07089654356241226, "p_zero": [-0.006122037768363953, 0.1271175742149353, 0.004081927239894867], "motor_control": [[8.687021255493164], [1172.9757080078125]]}