{"plat_x": 0.2035655826330185, "plat_y": 0.8359253406524658, "plat_z": -0.1177748590707779, "EE_x": 0.21161265671253204, "EE_y": 0.9480805397033691, "EE_z": -0.07647156715393066, "p_zero": [-0.006122037768363953, 0.1271175742149353, 0.004081927239894867], "motor_control": [[-650.3330688476562], [1027.78466796875]]}