{"plat_x": 0.20368431508541107, "plat_y": 0.8360556960105896, "plat_z": -0.11793138831853867, "EE_x": 0.18923057615756989, "EE_y": 0.9481172561645508, "EE_z": -0.14145895838737488, "p_zero": [-0.005162492394447327, 0.12702172994613647, 0.004828847944736481], "motor_control": [[489.0730285644531], [-926.26806640625]]}