{"plat_x": 0.20356468856334686, "plat_y": 0.8359267711639404, "plat_z": -0.11777863651514053, "EE_x": 0.1969856172800064, "EE_y": 0.9610207676887512, "EE_z": -0.10297348350286484, "p_zero": [-0.006122037768363953, 0.1271175742149353, 0.004081927239894867], "motor_control": [[-69.82658386230469], [276.21917724609375]]}