{"plat_x": 0.20368121564388275, "plat_y": 0.8360844254493713, "plat_z": -0.11792829632759094, "EE_x": 0.18225713074207306, "EE_y": 0.9584433436393738, "EE_z": -0.11902271211147308, "p_zero": [-0.005162492394447327, 0.12702172994613647, 0.004828847944736481], "motor_control": [[427.30255126953125], [-84.44258880615234]]}