{"plat_x": 0.2036817967891693, "plat_y": 0.8360735177993774, "plat_z": -0.11792346835136414, "EE_x": 0.24184314906597137, "EE_y": 0.942814826965332, "EE_z": -0.10874088853597641, "p_zero": [-0.005162492394447327, 0.12702172994613647, 0.004828847944736481], "motor_control": [[-1378.701904296875], [-247.94320678710938]]}