{"plat_x": 0.20367431640625, "plat_y": 0.8360723257064819, "plat_z": -0.11792168021202087, "EE_x": 0.20146089792251587, "EE_y": 0.9294525980949402, "EE_z": -0.1644102931022644, "p_zero": [-0.005162492394447327, 0.12702172994613647, 0.004828847944736481], "motor_control": [[59.48716354370117], [-1859.63818359375]]}