{"plat_x": 0.2036743462085724, "plat_y": 0.8360815048217773, "plat_z": -0.11790597438812256, "EE_x": 0.2244642674922943, "EE_y": 0.9437583088874817, "EE_z": -0.13556888699531555, "p_zero": [-0.009404316544532776, 0.12679535150527954, 0.0020660609006881714], "motor_control": [[-916.000732421875], [-1023.6349487304688]]}