{"plat_x": 0.20368878543376923, "plat_y": 0.8360742330551147, "plat_z": -0.11793537437915802, "EE_x": 0.20019413530826569, "EE_y": 0.9605427980422974, "EE_z": -0.09782914817333221, "p_zero": [-0.005162492394447327, 0.12702172994613647, 0.004828847944736481], "motor_control": [[-67.18453216552734], [364.888671875]]}