{"plat_x": 0.20356932282447815, "plat_y": 0.8359243869781494, "plat_z": -0.11778709292411804, "EE_x": 0.22299587726593018, "EE_y": 0.9499320387840271, "EE_z": -0.12430476397275925, "p_zero": [-0.006122037768363953, 0.1271175742149353, 0.004081927239894867], "motor_control": [[-823.21630859375], [-641.051513671875]]}