{"plat_x": 0.20367978513240814, "plat_y": 0.8360961675643921, "plat_z": -0.11789579689502716, "EE_x": 0.18161429464817047, "EE_y": 0.9585758447647095, "EE_z": -0.11741486191749573, "p_zero": [-0.009404316544532776, 0.12679535150527954, 0.0020660609006881714], "motor_control": [[526.2952270507812], [-11.416482925415039]]}