{"plat_x": 0.20368702709674835, "plat_y": 0.8360936641693115, "plat_z": -0.11790165305137634, "EE_x": 0.22946374118328094, "EE_y": 0.9525731205940247, "EE_z": -0.10591334849596024, "p_zero": [-0.009404316544532776, 0.12679535150527954, 0.0020660609006881714], "motor_control": [[-897.59619140625], [55.76959991455078]]}