{"plat_x": 0.20368899405002594, "plat_y": 0.8360500335693359, "plat_z": -0.11793941259384155, "EE_x": 0.20704184472560883, "EE_y": 0.9556804299354553, "EE_z": -0.08721450716257095, "p_zero": [-0.005162492394447327, 0.12702172994613647, 0.004828847944736481], "motor_control": [[-311.8802185058594], [610.7889404296875]]}