{"plat_x": 0.2035684734582901, "plat_y": 0.835922360420227, "plat_z": -0.11778527498245239, "EE_x": 0.23841997981071472, "EE_y": 0.9415374994277954, "EE_z": -0.09140291810035706, "p_zero": [-0.006122037768363953, 0.1271175742149353, 0.004081927239894867], "motor_control": [[-1393.0538330078125], [504.2663269042969]]}