{"plat_x": 0.20368485152721405, "plat_y": 0.8360376954078674, "plat_z": -0.1179404929280281, "EE_x": 0.23561277985572815, "EE_y": 0.9384452700614929, "EE_z": -0.1311396360397339, "p_zero": [-0.005162492394447327, 0.12702172994613647, 0.004828847944736481], "motor_control": [[-1268.8829345703125], [-1030.507080078125]]}