{"plat_x": 0.20366954803466797, "plat_y": 0.8360670208930969, "plat_z": -0.11791346222162247, "EE_x": 0.23035356402397156, "EE_y": 0.9510442614555359, "EE_z": -0.10095418989658356, "p_zero": [-0.005162492394447327, 0.12702172994613647, 0.004828847944736481], "motor_control": [[-1014.8294067382812], [102.00446319580078]]}