{"plat_x": 0.20368072390556335, "plat_y": 0.8360633850097656, "plat_z": -0.11792028695344925, "EE_x": 0.18803000450134277, "EE_y": 0.934069812297821, "EE_z": -0.055744897574186325, "p_zero": [-0.005162492394447327, 0.12702172994613647, 0.004828847944736481], "motor_control": [[300.96832275390625], [1851.3074951171875]]}