{"plat_x": 0.20356778800487518, "plat_y": 0.8359228372573853, "plat_z": -0.11778508126735687, "EE_x": 0.21581175923347473, "EE_y": 0.9558490514755249, "EE_z": -0.11994695663452148, "p_zero": [-0.006122037768363953, 0.1271175742149353, 0.004081927239894867], "motor_control": [[-481.395751953125], [-396.5558776855469]]}