{"plat_x": 0.20367179811000824, "plat_y": 0.8360660076141357, "plat_z": -0.1179129108786583, "EE_x": 0.20678630471229553, "EE_y": 0.9396342039108276, "EE_z": -0.06281474977731705, "p_zero": [-0.005162492394447327, 0.12702172994613647, 0.004828847944736481], "motor_control": [[-570.2755737304688], [1524.7259521484375]]}