{"plat_x": 0.2036982774734497, "plat_y": 0.8360865712165833, "plat_z": -0.11794257909059525, "EE_x": 0.21722541749477386, "EE_y": 0.9531553387641907, "EE_z": -0.09012841433286667, "p_zero": [-0.005162492394447327, 0.12702172994613647, 0.004828847944736481], "motor_control": [[-693.7454223632812], [520.4730834960938]]}