{"plat_x": 0.20367531478405, "plat_y": 0.8361024260520935, "plat_z": -0.11789543926715851, "EE_x": 0.1996689736843109, "EE_y": 0.9536543488502502, "EE_z": -0.0812859982252121, "p_zero": [-0.009404316544532776, 0.12679535150527954, 0.0020660609006881714], "motor_control": [[-278.7615051269531], [822.7953491210938]]}