{"plat_x": 0.20367735624313354, "plat_y": 0.836074948310852, "plat_z": -0.11789213120937347, "EE_x": 0.1984006017446518, "EE_y": 0.9415000081062317, "EE_z": -0.06331459432840347, "p_zero": [-0.009404316544532776, 0.12679535150527954, 0.0020660609006881714], "motor_control": [[-360.0487060546875], [1527.6531982421875]]}