{"plat_x": 0.20367248356342316, "plat_y": 0.836072564125061, "plat_z": -0.11791639029979706, "EE_x": 0.21785911917686462, "EE_y": 0.9503177404403687, "EE_z": -0.08452922105789185, "p_zero": [-0.005162492394447327, 0.12702172994613647, 0.004828847944736481], "motor_control": [[-779.673828125], [750.1737670898438]]}