{"plat_x": 0.20367132127285004, "plat_y": 0.8360605835914612, "plat_z": -0.11792084574699402, "EE_x": 0.1914888471364975, "EE_y": 0.9613563418388367, "EE_z": -0.11800854653120041, "p_zero": [-0.005162492394447327, 0.12702172994613647, 0.004828847944736481], "motor_control": [[78.5384750366211], [-62.62494659423828]]}