{"plat_x": 0.20356784760951996, "plat_y": 0.835925817489624, "plat_z": -0.11778362095355988, "EE_x": 0.23723247647285461, "EE_y": 0.9345417618751526, "EE_z": -0.1335456222295761, "p_zero": [-0.006122037768363953, 0.1271175742149353, 0.004081927239894867], "motor_control": [[-1392.5816650390625], [-1199.94384765625]]}