{"plat_x": 0.2035667896270752, "plat_y": 0.8359179496765137, "plat_z": -0.117787666618824, "EE_x": 0.20022839307785034, "EE_y": 0.9483318328857422, "EE_z": -0.07302912324666977, "p_zero": [-0.006122037768363953, 0.1271175742149353, 0.004081927239894867], "motor_control": [[-350.1229248046875], [1174.1553955078125]]}