{"plat_x": 0.2035716027021408, "plat_y": 0.8359248638153076, "plat_z": -0.11778877675533295, "EE_x": 0.18891941010951996, "EE_y": 0.945129930973053, "EE_z": -0.06997130066156387, "p_zero": [-0.006122037768363953, 0.1271175742149353, 0.004081927239894867], "motor_control": [[420.978271484375], [1322.7440185546875]]}