{"plat_x": 0.20365957915782928, "plat_y": 0.8360843658447266, "plat_z": -0.11790065467357635, "EE_x": 0.19148890674114227, "EE_y": 0.961546003818512, "EE_z": -0.11854613572359085, "p_zero": [-0.009404316544532776, 0.12679535150527954, 0.0020660609006881714], "motor_control": [[82.23095703125], [6.927847862243652]]}