{"plat_x": 0.203569695353508, "plat_y": 0.8359224796295166, "plat_z": -0.11778712272644043, "EE_x": 0.19615112245082855, "EE_y": 0.9311069846153259, "EE_z": -0.05070376396179199, "p_zero": [-0.006122037768363953, 0.1271175742149353, 0.004081927239894867], "motor_control": [[12.650077819824219], [1999.959716796875]]}