{"plat_x": 0.2035636454820633, "plat_y": 0.8359218835830688, "plat_z": -0.11778409034013748, "EE_x": 0.19274233281612396, "EE_y": 0.9610071182250977, "EE_z": -0.11916600167751312, "p_zero": [-0.006122037768363953, 0.1271175742149353, 0.004081927239894867], "motor_control": [[143.93478393554688], [-100.37567901611328]]}