{"plat_x": 0.2036799192428589, "plat_y": 0.8360787630081177, "plat_z": -0.11791396141052246, "EE_x": 0.19512955844402313, "EE_y": 0.9331457614898682, "EE_z": -0.052290428429841995, "p_zero": [-0.005162492394447327, 0.12702172994613647, 0.004828847944736481], "motor_control": [[23.773632049560547], [1913.4158935546875]]}