{"plat_x": 0.20356468856334686, "plat_y": 0.8359260559082031, "plat_z": -0.11778619140386581, "EE_x": 0.1977374404668808, "EE_y": 0.9626108407974243, "EE_z": -0.11450192332267761, "p_zero": [-0.006122037768363953, 0.1271175742149353, 0.004081927239894867], "motor_control": [[33.10687255859375], [-12.315616607666016]]}