{"plat_x": 0.20368970930576324, "plat_y": 0.8360735177993774, "plat_z": -0.11793849617242813, "EE_x": 0.19580113887786865, "EE_y": 0.9379363656044006, "EE_z": -0.05701390281319618, "p_zero": [-0.005162492394447327, 0.12702172994613647, 0.004828847944736481], "motor_control": [[16.015483856201172], [1717.1458740234375]]}