{"plat_x": 0.20368631184101105, "plat_y": 0.8360763788223267, "plat_z": -0.1179354190826416, "EE_x": 0.21940186619758606, "EE_y": 0.9320182204246521, "EE_z": -0.15270356833934784, "p_zero": [-0.005162492394447327, 0.12702172994613647, 0.004828847944736481], "motor_control": [[-820.6142578125], [-1679.2362060546875]]}