{"plat_x": 0.20356939733028412, "plat_y": 0.8359196782112122, "plat_z": -0.11778809130191803, "EE_x": 0.18442614376544952, "EE_y": 0.9586502313613892, "EE_z": -0.12079086899757385, "p_zero": [-0.006122037768363953, 0.1271175742149353, 0.004081927239894867], "motor_control": [[313.36517333984375], [-137.86349487304688]]}