{"plat_x": 0.20356398820877075, "plat_y": 0.8359231948852539, "plat_z": -0.11777985095977783, "EE_x": 0.22743894159793854, "EE_y": 0.9521785378456116, "EE_z": -0.11656508594751358, "p_zero": [-0.006122037768363953, 0.1271175742149353, 0.004081927239894867], "motor_control": [[-787.8845825195312], [-260.3229675292969]]}