{"plat_x": 0.2036736160516739, "plat_y": 0.8360875844955444, "plat_z": -0.11789441853761673, "EE_x": 0.23657923936843872, "EE_y": 0.9446956515312195, "EE_z": -0.11458028107881546, "p_zero": [-0.009404316544532776, 0.12679535150527954, 0.0020660609006881714], "motor_control": [[-1265.2828369140625], [-455.4958190917969]]}