{"plat_x": 0.20356141030788422, "plat_y": 0.835928738117218, "plat_z": -0.11777964234352112, "EE_x": 0.2052343338727951, "EE_y": 0.94451504945755, "EE_z": -0.14890062808990479, "p_zero": [-0.006122037768363953, 0.1271175742149353, 0.004081927239894867], "motor_control": [[-175.54295349121094], [-1205.1712646484375]]}