{"plat_x": 0.20356741547584534, "plat_y": 0.8359220027923584, "plat_z": -0.11778613179922104, "EE_x": 0.22611726820468903, "EE_y": 0.9417526125907898, "EE_z": -0.1376424878835678, "p_zero": [-0.006122037768363953, 0.1271175742149353, 0.004081927239894867], "motor_control": [[-930.7203979492188], [-1100.9036865234375]]}