{"plat_x": 0.20367646217346191, "plat_y": 0.8361017107963562, "plat_z": -0.11789460480213165, "EE_x": 0.19244132936000824, "EE_y": 0.961118221282959, "EE_z": -0.1034734845161438, "p_zero": [-0.009404316544532776, 0.12679535150527954, 0.0020660609006881714], "motor_control": [[96.38504791259766], [271.6272888183594]]}