{"plat_x": 0.2036633938550949, "plat_y": 0.8360843658447266, "plat_z": -0.11790347844362259, "EE_x": 0.18643032014369965, "EE_y": 0.9540544152259827, "EE_z": -0.1306803673505783, "p_zero": [-0.009404316544532776, 0.12679535150527954, 0.0020660609006881714], "motor_control": [[549.59423828125], [-491.2799987792969]]}