{"plat_x": 0.20369073748588562, "plat_y": 0.8360655307769775, "plat_z": -0.11794569343328476, "EE_x": 0.20709574222564697, "EE_y": 0.955669641494751, "EE_z": -0.1307453066110611, "p_zero": [-0.005162492394447327, 0.12702172994613647, 0.004828847944736481], "motor_control": [[-139.7281494140625], [-604.39111328125]]}