{"plat_x": 0.20368288457393646, "plat_y": 0.8360741138458252, "plat_z": -0.11793742328882217, "EE_x": 0.18802396953105927, "EE_y": 0.9548547267913818, "EE_z": -0.08457022905349731, "p_zero": [-0.005162492394447327, 0.12702172994613647, 0.004828847944736481], "motor_control": [[191.97286987304688], [741.0202026367188]]}