{"plat_x": 0.20369574427604675, "plat_y": 0.8360962867736816, "plat_z": -0.1179240271449089, "EE_x": 0.2126965969800949, "EE_y": 0.9589685797691345, "EE_z": -0.11667481809854507, "p_zero": [-0.005162492394447327, 0.12702172994613647, 0.004828847944736481], "motor_control": [[-348.4263916015625], [-175.68942260742188]]}