{"plat_x": 0.20368970930576324, "plat_y": 0.8360668420791626, "plat_z": -0.11794448643922806, "EE_x": 0.1484408676624298, "EE_y": 0.9334047436714172, "EE_z": -0.10455675423145294, "p_zero": [-0.005162492394447327, 0.12702172994613647, 0.004828847944736481], "motor_control": [[1885.4825439453125], [485.5621643066406]]}