{"plat_x": 0.20369085669517517, "plat_y": 0.8360781073570251, "plat_z": -0.117931067943573, "EE_x": 0.20883657038211823, "EE_y": 0.9587016105651855, "EE_z": -0.1218276396393776, "p_zero": [-0.005162492394447327, 0.12702172994613647, 0.004828847944736481], "motor_control": [[-282.8900451660156], [-226.78514099121094]]}