{"plat_x": 0.20370303094387054, "plat_y": 0.8360943794250488, "plat_z": -0.11793787777423859, "EE_x": 0.1972515732049942, "EE_y": 0.9477553367614746, "EE_z": -0.14465104043483734, "p_zero": [-0.005162492394447327, 0.12702172994613647, 0.004828847944736481], "motor_control": [[280.3115539550781], [-1021.1575317382812]]}