{"plat_x": 0.20371149480342865, "plat_y": 0.8361034393310547, "plat_z": -0.11794858425855637, "EE_x": 0.19234387576580048, "EE_y": 0.9314450621604919, "EE_z": -0.05222567170858383, "p_zero": [-0.005162492394447327, 0.12702172994613647, 0.004828847944736481], "motor_control": [[147.93081665039062], [1989.3399658203125]]}