{"plat_x": 0.20356188714504242, "plat_y": 0.8359280824661255, "plat_z": -0.11777450144290924, "EE_x": 0.1901107281446457, "EE_y": 0.9591681361198425, "EE_z": -0.12381582707166672, "p_zero": [-0.006122037768363953, 0.1271175742149353, 0.004081927239894867], "motor_control": [[207.464599609375], [-206.30845642089844]]}