{"plat_x": 0.2036885917186737, "plat_y": 0.8360670804977417, "plat_z": -0.11793726682662964, "EE_x": 0.2077873796224594, "EE_y": 0.957766056060791, "EE_z": -0.12484680861234665, "p_zero": [-0.005162492394447327, 0.12702172994613647, 0.004828847944736481], "motor_control": [[-271.03924560546875], [-346.4932556152344]]}