{"plat_x": 0.20356711745262146, "plat_y": 0.835927426815033, "plat_z": -0.11778076738119125, "EE_x": 0.2022836059331894, "EE_y": 0.9522318243980408, "EE_z": -0.13752907514572144, "p_zero": [-0.006122037768363953, 0.1271175742149353, 0.004081927239894867], "motor_control": [[-169.67227172851562], [-808.01513671875]]}