{"plat_x": 0.20368914306163788, "plat_y": 0.8360779285430908, "plat_z": -0.1179390400648117, "EE_x": 0.25005921721458435, "EE_y": 0.930310845375061, "EE_z": -0.09193545579910278, "p_zero": [-0.005162492394447327, 0.12702172994613647, 0.004828847944736481], "motor_control": [[-1902.2989501953125], [495.63824462890625]]}