{"plat_x": 0.20365740358829498, "plat_y": 0.8360828161239624, "plat_z": -0.11790363490581512, "EE_x": 0.16288256645202637, "EE_y": 0.9405628442764282, "EE_z": -0.13018444180488586, "p_zero": [-0.009404316544532776, 0.12679535150527954, 0.0020660609006881714], "motor_control": [[1413.1273193359375], [-673.287353515625]]}