{"plat_x": 0.20368827879428864, "plat_y": 0.8360978364944458, "plat_z": -0.11790066957473755, "EE_x": 0.23060719668865204, "EE_y": 0.9452712535858154, "EE_z": -0.1260300874710083, "p_zero": [-0.009404316544532776, 0.12679535150527954, 0.0020660609006881714], "motor_control": [[-1059.775146484375], [-739.6400146484375]]}