{"plat_x": 0.20369349420070648, "plat_y": 0.8360812067985535, "plat_z": -0.11793714016675949, "EE_x": 0.2325706034898758, "EE_y": 0.9506734013557434, "EE_z": -0.10548195242881775, "p_zero": [-0.005162492394447327, 0.12702172994613647, 0.004828847944736481], "motor_control": [[-1043.9599609375], [26.650381088256836]]}