{"plat_x": 0.2035643458366394, "plat_y": 0.8359259366989136, "plat_z": -0.11777462810277939, "EE_x": 0.19055667519569397, "EE_y": 0.9574571847915649, "EE_z": -0.08908799290657043, "p_zero": [-0.006122037768363953, 0.1271175742149353, 0.004081927239894867], "motor_control": [[82.0932388305664], [589.5805053710938]]}