{"plat_x": 0.2036662995815277, "plat_y": 0.8360720872879028, "plat_z": -0.11789821088314056, "EE_x": 0.20392759144306183, "EE_y": 0.9420153498649597, "EE_z": -0.15341763198375702, "p_zero": [-0.009404316544532776, 0.12679535150527954, 0.0020660609006881714], "motor_control": [[67.36864471435547], [-1327.326171875]]}