{"plat_x": 0.20369558036327362, "plat_y": 0.8360891342163086, "plat_z": -0.11793364584445953, "EE_x": 0.17409636080265045, "EE_y": 0.9544045329093933, "EE_z": -0.10396996140480042, "p_zero": [-0.005162492394447327, 0.12702172994613647, 0.004828847944736481], "motor_control": [[796.7060546875], [248.83871459960938]]}