{"plat_x": 0.20367677509784698, "plat_y": 0.8360726833343506, "plat_z": -0.11792267113924026, "EE_x": 0.2158970683813095, "EE_y": 0.9542714953422546, "EE_z": -0.12595371901988983, "p_zero": [-0.005162492394447327, 0.12702172994613647, 0.004828847944736481], "motor_control": [[-446.697998046875], [-551.072021484375]]}