{"plat_x": 0.2036554366350174, "plat_y": 0.8360815644264221, "plat_z": -0.11789916455745697, "EE_x": 0.19057601690292358, "EE_y": 0.9550883173942566, "EE_z": -0.08445058017969131, "p_zero": [-0.009404316544532776, 0.12679535150527954, 0.0020660609006881714], "motor_control": [[156.44349670410156], [740.1347045898438]]}