{"plat_x": 0.20356948673725128, "plat_y": 0.8359238505363464, "plat_z": -0.11779259145259857, "EE_x": 0.181137353181839, "EE_y": 0.9331899881362915, "EE_z": -0.15090909600257874, "p_zero": [-0.006122037768363953, 0.1271175742149353, 0.004081927239894867], "motor_control": [[1047.0211181640625], [-1563.082275390625]]}