{"plat_x": 0.20367802679538727, "plat_y": 0.8360995054244995, "plat_z": -0.11789598315954208, "EE_x": 0.19162236154079437, "EE_y": 0.934444785118103, "EE_z": -0.05479194596409798, "p_zero": [-0.009404316544532776, 0.12679535150527954, 0.0020660609006881714], "motor_control": [[-99.05357360839844], [1881.4808349609375]]}