{"plat_x": 0.2035607397556305, "plat_y": 0.8359224200248718, "plat_z": -0.11777471005916595, "EE_x": 0.20315423607826233, "EE_y": 0.9587273597717285, "EE_z": -0.09620513021945953, "p_zero": [-0.006122037768363953, 0.1271175742149353, 0.004081927239894867], "motor_control": [[-286.3824157714844], [381.3188171386719]]}