{"plat_x": 0.20367150008678436, "plat_y": 0.8360661268234253, "plat_z": -0.11791827529668808, "EE_x": 0.19140301644802094, "EE_y": 0.9571747183799744, "EE_z": -0.1278882473707199, "p_zero": [-0.005162492394447327, 0.12702172994613647, 0.004828847944736481], "motor_control": [[277.37542724609375], [-412.3940124511719]]}