{"plat_x": 0.20369671285152435, "plat_y": 0.8360705375671387, "plat_z": -0.1179400309920311, "EE_x": 0.20769523084163666, "EE_y": 0.9414107799530029, "EE_z": -0.06465888768434525, "p_zero": [-0.005162492394447327, 0.12702172994613647, 0.004828847944736481], "motor_control": [[-542.3284912109375], [1426.3341064453125]]}