{"plat_x": 0.2036743015050888, "plat_y": 0.8360655903816223, "plat_z": -0.1179116815328598, "EE_x": 0.17872680723667145, "EE_y": 0.9525718688964844, "EE_z": -0.08966564387083054, "p_zero": [-0.005162492394447327, 0.12702172994613647, 0.004828847944736481], "motor_control": [[614.7362670898438], [684.2833251953125]]}