{"plat_x": 0.20368844270706177, "plat_y": 0.8360805511474609, "plat_z": -0.11793624609708786, "EE_x": 0.1940300613641739, "EE_y": 0.9605070352554321, "EE_z": -0.09822748601436615, "p_zero": [-0.005162492394447327, 0.12702172994613647, 0.004828847944736481], "motor_control": [[49.15510177612305], [385.7850341796875]]}