{"plat_x": 0.20356731116771698, "plat_y": 0.835924506187439, "plat_z": -0.11778093874454498, "EE_x": 0.21358254551887512, "EE_y": 0.9524170160293579, "EE_z": -0.13104748725891113, "p_zero": [-0.006122037768363953, 0.1271175742149353, 0.004081927239894867], "motor_control": [[-433.1651611328125], [-696.6190795898438]]}