{"plat_x": 0.2037036120891571, "plat_y": 0.8361026644706726, "plat_z": -0.11794081330299377, "EE_x": 0.1707964986562729, "EE_y": 0.9512509703636169, "EE_z": -0.09843344241380692, "p_zero": [-0.005162492394447327, 0.12702172994613647, 0.004828847944736481], "motor_control": [[920.7218017578125], [455.163330078125]]}