{"plat_x": 0.20356638729572296, "plat_y": 0.8359206914901733, "plat_z": -0.1177835687994957, "EE_x": 0.18240207433700562, "EE_y": 0.9513574242591858, "EE_z": -0.13081564009189606, "p_zero": [-0.006122037768363953, 0.1271175742149353, 0.004081927239894867], "motor_control": [[708.1151733398438], [-619.182861328125]]}