{"plat_x": 0.20356829464435577, "plat_y": 0.8359277248382568, "plat_z": -0.11778069287538528, "EE_x": 0.2187620997428894, "EE_y": 0.9444894790649414, "EE_z": -0.13904279470443726, "p_zero": [-0.006122037768363953, 0.1271175742149353, 0.004081927239894867], "motor_control": [[-719.46484375], [-1096.19677734375]]}