{"plat_x": 0.20367948710918427, "plat_y": 0.8360774517059326, "plat_z": -0.11792710423469543, "EE_x": 0.2489871084690094, "EE_y": 0.9311969876289368, "EE_z": -0.09120342135429382, "p_zero": [-0.005162492394447327, 0.12702172994613647, 0.004828847944736481], "motor_control": [[-1852.1085205078125], [516.9907836914062]]}