{"plat_x": 0.20369862020015717, "plat_y": 0.8360810875892639, "plat_z": -0.11795157194137573, "EE_x": 0.18869641423225403, "EE_y": 0.9481698870658875, "EE_z": -0.14216679334640503, "p_zero": [-0.005162492394447327, 0.12702172994613647, 0.004828847944736481], "motor_control": [[426.0118103027344], [-920.2307739257812]]}