{"plat_x": 0.20368000864982605, "plat_y": 0.8360652327537537, "plat_z": -0.1179276704788208, "EE_x": 0.1914406418800354, "EE_y": 0.9542022347450256, "EE_z": -0.08211635053157806, "p_zero": [-0.005162492394447327, 0.12702172994613647, 0.004828847944736481], "motor_control": [[222.96279907226562], [800.775390625]]}