{"plat_x": 0.20367658138275146, "plat_y": 0.8360738158226013, "plat_z": -0.11789446324110031, "EE_x": 0.21815964579582214, "EE_y": 0.9310873746871948, "EE_z": -0.15463531017303467, "p_zero": [-0.009404316544532776, 0.12679535150527954, 0.0020660609006881714], "motor_control": [[-756.2821044921875], [-1724.3226318359375]]}