{"plat_x": 0.20370341837406158, "plat_y": 0.8360973000526428, "plat_z": -0.11794228106737137, "EE_x": 0.1880986988544464, "EE_y": 0.9495434761047363, "EE_z": -0.07646424323320389, "p_zero": [-0.005162492394447327, 0.12702172994613647, 0.004828847944736481], "motor_control": [[419.55810546875], [1081.582275390625]]}