{"plat_x": 0.20369376242160797, "plat_y": 0.836075484752655, "plat_z": -0.11794070899486542, "EE_x": 0.2123793214559555, "EE_y": 0.9546695947647095, "EE_z": -0.08985024690628052, "p_zero": [-0.005162492394447327, 0.12702172994613647, 0.004828847944736481], "motor_control": [[-521.075439453125], [545.1749267578125]]}