{"plat_x": 0.20365862548351288, "plat_y": 0.8360826969146729, "plat_z": -0.11790306866168976, "EE_x": 0.219965860247612, "EE_y": 0.9460606575012207, "EE_z": -0.13634879887104034, "p_zero": [-0.009404316544532776, 0.12679535150527954, 0.0020660609006881714], "motor_control": [[-758.5535278320312], [-971.38525390625]]}