{"plat_x": 0.2036564201116562, "plat_y": 0.836085319519043, "plat_z": -0.11790481209754944, "EE_x": 0.20929525792598724, "EE_y": 0.9319086670875549, "EE_z": -0.15979094803333282, "p_zero": [-0.009404316544532776, 0.12679535150527954, 0.0020660609006881714], "motor_control": [[-339.4407653808594], [-1716.7186279296875]]}