{"plat_x": 0.20366786420345306, "plat_y": 0.8360728025436401, "plat_z": -0.11792515963315964, "EE_x": 0.20390021800994873, "EE_y": 0.9605193734169006, "EE_z": -0.12087330967187881, "p_zero": [-0.005162492394447327, 0.12702172994613647, 0.004828847944736481], "motor_control": [[-126.4200439453125], [-189.5117645263672]]}