{"plat_x": 0.20368655025959015, "plat_y": 0.836078405380249, "plat_z": -0.11793331801891327, "EE_x": 0.20659393072128296, "EE_y": 0.959326446056366, "EE_z": -0.12220928817987442, "p_zero": [-0.005162492394447327, 0.12702172994613647, 0.004828847944736481], "motor_control": [[-208.3831329345703], [-219.41485595703125]]}