{"plat_x": 0.20366978645324707, "plat_y": 0.8360698223114014, "plat_z": -0.11791177093982697, "EE_x": 0.1694672554731369, "EE_y": 0.9418905973434448, "EE_z": -0.08026103675365448, "p_zero": [-0.005162492394447327, 0.12702172994613647, 0.004828847944736481], "motor_control": [[1120.1363525390625], [1156.4820556640625]]}