{"plat_x": 0.20356829464435577, "plat_y": 0.8359244465827942, "plat_z": -0.11778466403484344, "EE_x": 0.15918955206871033, "EE_y": 0.9435765743255615, "EE_z": -0.09781644493341446, "p_zero": [-0.006122037768363953, 0.1271175742149353, 0.004081927239894867], "motor_control": [[1340.41162109375], [537.058349609375]]}