{"plat_x": 0.20356319844722748, "plat_y": 0.8359255790710449, "plat_z": -0.11777548491954803, "EE_x": 0.21310864388942719, "EE_y": 0.9336156845092773, "EE_z": -0.15404047071933746, "p_zero": [-0.006122037768363953, 0.1271175742149353, 0.004081927239894867], "motor_control": [[-618.9722900390625], [-1700.5623779296875]]}