{"plat_x": 0.20369350910186768, "plat_y": 0.8361066579818726, "plat_z": -0.11791159957647324, "EE_x": 0.2170940339565277, "EE_y": 0.9471079111099243, "EE_z": -0.13741353154182434, "p_zero": [-0.009404316544532776, 0.12679535150527954, 0.0020660609006881714], "motor_control": [[-633.4208374023438], [-949.0001831054688]]}