{"plat_x": 0.20368191599845886, "plat_y": 0.836083173751831, "plat_z": -0.11792173236608505, "EE_x": 0.21090167760849, "EE_y": 0.9351237416267395, "EE_z": -0.05955997854471207, "p_zero": [-0.005162492394447327, 0.12702172994613647, 0.004828847944736481], "motor_control": [[-700.5122680664062], [1684.5032958984375]]}