{"plat_x": 0.20367909967899323, "plat_y": 0.8360854387283325, "plat_z": -0.11792616546154022, "EE_x": 0.2190047651529312, "EE_y": 0.9539549946784973, "EE_z": -0.12199676781892776, "p_zero": [-0.005162492394447327, 0.12702172994613647, 0.004828847944736481], "motor_control": [[-598.901611328125], [-439.3674011230469]]}