{"plat_x": 0.20367661118507385, "plat_y": 0.8360802531242371, "plat_z": -0.11792048811912537, "EE_x": 0.19535982608795166, "EE_y": 0.96262526512146, "EE_z": -0.1161065548658371, "p_zero": [-0.005162492394447327, 0.12702172994613647, 0.004828847944736481], "motor_control": [[-13.38167953491211], [-2.6154870986938477]]}