{"plat_x": 0.20366893708705902, "plat_y": 0.8360568284988403, "plat_z": -0.11791451275348663, "EE_x": 0.17208921909332275, "EE_y": 0.9501470327377319, "EE_z": -0.12392003834247589, "p_zero": [-0.005162492394447327, 0.12702172994613647, 0.004828847944736481], "motor_control": [[988.7501220703125], [-384.62042236328125]]}