{"plat_x": 0.20367269217967987, "plat_y": 0.8360741138458252, "plat_z": -0.11791674047708511, "EE_x": 0.19557106494903564, "EE_y": 0.9589142203330994, "EE_z": -0.1267898827791214, "p_zero": [-0.005162492394447327, 0.12702172994613647, 0.004828847944736481], "motor_control": [[113.80755615234375], [-318.23583984375]]}