{"plat_x": 0.20367158949375153, "plat_y": 0.8360772728919983, "plat_z": -0.1179036945104599, "EE_x": 0.2342245876789093, "EE_y": 0.9333176016807556, "EE_z": -0.13691464066505432, "p_zero": [-0.009404316544532776, 0.12679535150527954, 0.0020660609006881714], "motor_control": [[-1387.340576171875], [-1337.256103515625]]}