{"plat_x": 0.20356275141239166, "plat_y": 0.8359264135360718, "plat_z": -0.11777985841035843, "EE_x": 0.19502949714660645, "EE_y": 0.9564811587333679, "EE_z": -0.08645152300596237, "p_zero": [-0.006122037768363953, 0.1271175742149353, 0.004081927239894867], "motor_control": [[-150.7928466796875], [648.267578125]]}