{"plat_x": 0.20368248224258423, "plat_y": 0.8360669612884521, "plat_z": -0.11794020235538483, "EE_x": 0.20052337646484375, "EE_y": 0.9614353775978088, "EE_z": -0.11546409875154495, "p_zero": [-0.005162492394447327, 0.12702172994613647, 0.004828847944736481], "motor_control": [[-164.9644012451172], [40.73371887207031]]}