{"plat_x": 0.20356488227844238, "plat_y": 0.8359231948852539, "plat_z": -0.11778227239847183, "EE_x": 0.1770344078540802, "EE_y": 0.9404464960098267, "EE_z": -0.142365500330925, "p_zero": [-0.006122037768363953, 0.1271175742149353, 0.004081927239894867], "motor_control": [[1069.97412109375], [-1115.54541015625]]}