{"plat_x": 0.20368243753910065, "plat_y": 0.8360791206359863, "plat_z": -0.11793182790279388, "EE_x": 0.19833268225193024, "EE_y": 0.9335716366767883, "EE_z": -0.16116264462471008, "p_zero": [-0.005162492394447327, 0.12702172994613647, 0.004828847944736481], "motor_control": [[105.91854858398438], [-1684.500244140625]]}