{"plat_x": 0.20368953049182892, "plat_y": 0.8361077308654785, "plat_z": -0.11792895942926407, "EE_x": 0.16515856981277466, "EE_y": 0.9497671723365784, "EE_z": -0.11789406836032867, "p_zero": [-0.005162492394447327, 0.12702172994613647, 0.004828847944736481], "motor_control": [[1096.373779296875], [-94.69380950927734]]}