{"plat_x": 0.20368503034114838, "plat_y": 0.836105465888977, "plat_z": -0.11790081113576889, "EE_x": 0.18657097220420837, "EE_y": 0.956078052520752, "EE_z": -0.08724061399698257, "p_zero": [-0.009404316544532776, 0.12679535150527954, 0.0020660609006881714], "motor_control": [[105.7196273803711], [668.4796752929688]]}