{"plat_x": 0.2035662978887558, "plat_y": 0.8359211683273315, "plat_z": -0.11778663098812103, "EE_x": 0.18148796260356903, "EE_y": 0.9585731625556946, "EE_z": -0.11175154149532318, "p_zero": [-0.006122037768363953, 0.1271175742149353, 0.004081927239894867], "motor_control": [[517.3665771484375], [82.94702911376953]]}