{"plat_x": 0.2036694884300232, "plat_y": 0.8360611200332642, "plat_z": -0.11789117753505707, "EE_x": 0.19575558602809906, "EE_y": 0.9619576334953308, "EE_z": -0.11936765164136887, "p_zero": [-0.009404316544532776, 0.12679535150527954, 0.0020660609006881714], "motor_control": [[-11.730895042419434], [-77.60072326660156]]}