{"plat_x": 0.2036815732717514, "plat_y": 0.8360772132873535, "plat_z": -0.11792470514774323, "EE_x": 0.18909525871276855, "EE_y": 0.9616126418113708, "EE_z": -0.11518169194459915, "p_zero": [-0.005162492394447327, 0.12702172994613647, 0.004828847944736481], "motor_control": [[75.00403594970703], [23.285810470581055]]}