{"plat_x": 0.20357045531272888, "plat_y": 0.8359236121177673, "plat_z": -0.11778125166893005, "EE_x": 0.23225781321525574, "EE_y": 0.9440467953681946, "EE_z": -0.08716529607772827, "p_zero": [-0.006122037768363953, 0.1271175742149353, 0.004081927239894867], "motor_control": [[-1206.9844970703125], [652.04638671875]]}