{"plat_x": 0.2036677747964859, "plat_y": 0.8360655307769775, "plat_z": -0.11789384484291077, "EE_x": 0.18295998871326447, "EE_y": 0.9391083121299744, "EE_z": -0.14686919748783112, "p_zero": [-0.009404316544532776, 0.12679535150527954, 0.0020660609006881714], "motor_control": [[929.3368530273438], [-1324.560791015625]]}