{"plat_x": 0.2035670429468155, "plat_y": 0.8359230160713196, "plat_z": -0.11778277158737183, "EE_x": 0.21522033214569092, "EE_y": 0.9533993601799011, "EE_z": -0.0884818360209465, "p_zero": [-0.006122037768363953, 0.1271175742149353, 0.004081927239894867], "motor_control": [[-621.8172607421875], [554.7418823242188]]}