{"plat_x": 0.2036772072315216, "plat_y": 0.836053729057312, "plat_z": -0.11792759597301483, "EE_x": 0.19514457881450653, "EE_y": 0.9586917757987976, "EE_z": -0.12577487528324127, "p_zero": [-0.005162492394447327, 0.12702172994613647, 0.004828847944736481], "motor_control": [[160.0392303466797], [-313.566162109375]]}