{"plat_x": 0.2035655528306961, "plat_y": 0.8359232544898987, "plat_z": -0.11778109520673752, "EE_x": 0.21923333406448364, "EE_y": 0.9570968151092529, "EE_z": -0.11079251766204834, "p_zero": [-0.006122037768363953, 0.1271175742149353, 0.004081927239894867], "motor_control": [[-582.125732421875], [-68.46113586425781]]}