{"plat_x": 0.2036878913640976, "plat_y": 0.8361039757728577, "plat_z": -0.1179003119468689, "EE_x": 0.24300266802310944, "EE_y": 0.9396450519561768, "EE_z": -0.11093100905418396, "p_zero": [-0.009404316544532776, 0.12679535150527954, 0.0020660609006881714], "motor_control": [[-1542.359375], [-453.1507873535156]]}