{"plat_x": 0.20368222892284393, "plat_y": 0.8360741138458252, "plat_z": -0.11793537437915802, "EE_x": 0.18842098116874695, "EE_y": 0.9583904147148132, "EE_z": -0.12286882847547531, "p_zero": [-0.005162492394447327, 0.12702172994613647, 0.004828847944736481], "motor_control": [[354.54345703125], [-228.7021942138672]]}