{"plat_x": 0.2036944478750229, "plat_y": 0.8360859155654907, "plat_z": -0.11793927848339081, "EE_x": 0.21647575497627258, "EE_y": 0.9578066468238831, "EE_z": -0.11533702909946442, "p_zero": [-0.005162492394447327, 0.12702172994613647, 0.004828847944736481], "motor_control": [[-481.16192626953125], [-147.56787109375]]}