{"plat_x": 0.20356394350528717, "plat_y": 0.8359295129776001, "plat_z": -0.11777859926223755, "EE_x": 0.22315047681331635, "EE_y": 0.9520879983901978, "EE_z": -0.12178093940019608, "p_zero": [-0.006122037768363953, 0.1271175742149353, 0.004081927239894867], "motor_control": [[-684.2674560546875], [-506.5744934082031]]}