{"plat_x": 0.20366376638412476, "plat_y": 0.8360865712165833, "plat_z": -0.11790220439434052, "EE_x": 0.18567274510860443, "EE_y": 0.9360714554786682, "EE_z": -0.15113095939159393, "p_zero": [-0.009404316544532776, 0.12679535150527954, 0.0020660609006881714], "motor_control": [[887.6902465820312], [-1503.2664794921875]]}