{"plat_x": 0.20365764200687408, "plat_y": 0.8360787034034729, "plat_z": -0.11789923906326294, "EE_x": 0.22888562083244324, "EE_y": 0.9496740102767944, "EE_z": -0.11663631349802017, "p_zero": [-0.009404316544532776, 0.12679535150527954, 0.0020660609006881714], "motor_control": [[-996.6312866210938], [-419.1571044921875]]}