{"plat_x": 0.20369325578212738, "plat_y": 0.8360744714736938, "plat_z": -0.11793535202741623, "EE_x": 0.15847676992416382, "EE_y": 0.9444202780723572, "EE_z": -0.11825746297836304, "p_zero": [-0.005162492394447327, 0.12702172994613647, 0.004828847944736481], "motor_control": [[1365.3944091796875], [-156.87586975097656]]}