{"plat_x": 0.20356541872024536, "plat_y": 0.835925281047821, "plat_z": -0.11777985841035843, "EE_x": 0.1945483237504959, "EE_y": 0.9364973902702332, "EE_z": -0.056008435785770416, "p_zero": [-0.006122037768363953, 0.1271175742149353, 0.004081927239894867], "motor_control": [[99.78095245361328], [1762.093505859375]]}