{"plat_x": 0.20367269217967987, "plat_y": 0.83607017993927, "plat_z": -0.11791849136352539, "EE_x": 0.23027069866657257, "EE_y": 0.949742317199707, "EE_z": -0.11506137251853943, "p_zero": [-0.005162492394447327, 0.12702172994613647, 0.004828847944736481], "motor_control": [[-1013.8303833007812], [-299.8030090332031]]}