{"plat_x": 0.2036857157945633, "plat_y": 0.8360821008682251, "plat_z": -0.1179320365190506, "EE_x": 0.19740767776966095, "EE_y": 0.9544537663459778, "EE_z": -0.13597406446933746, "p_zero": [-0.005162492394447327, 0.12702172994613647, 0.004828847944736481], "motor_control": [[154.88436889648438], [-645.9644775390625]]}