{"plat_x": 0.20366615056991577, "plat_y": 0.8360632658004761, "plat_z": -0.11791639029979706, "EE_x": 0.20374491810798645, "EE_y": 0.9609254002571106, "EE_z": -0.11844581365585327, "p_zero": [-0.005162492394447327, 0.12702172994613647, 0.004828847944736481], "motor_control": [[-137.39694213867188], [-118.00553131103516]]}