{"plat_x": 0.20369143784046173, "plat_y": 0.8360694646835327, "plat_z": -0.11793315410614014, "EE_x": 0.24113191664218903, "EE_y": 0.9396283030509949, "EE_z": -0.11491546034812927, "p_zero": [-0.005162492394447327, 0.12702172994613647, 0.004828847944736481], "motor_control": [[-1492.8289794921875], [-632.8816528320312]]}