{"plat_x": 0.203572079539299, "plat_y": 0.835923969745636, "plat_z": -0.11778669059276581, "EE_x": 0.21736130118370056, "EE_y": 0.9515726566314697, "EE_z": -0.12793250381946564, "p_zero": [-0.006122037768363953, 0.1271175742149353, 0.004081927239894867], "motor_control": [[-597.5662841796875], [-676.3766479492188]]}