{"plat_x": 0.20368964970111847, "plat_y": 0.8360656499862671, "plat_z": -0.11793702840805054, "EE_x": 0.23725827038288116, "EE_y": 0.9471244215965271, "EE_z": -0.10671304911375046, "p_zero": [-0.005162492394447327, 0.12702172994613647, 0.004828847944736481], "motor_control": [[-1205.22412109375], [-110.31196594238281]]}