{"plat_x": 0.20356860756874084, "plat_y": 0.8359249830245972, "plat_z": -0.11778119206428528, "EE_x": 0.18560785055160522, "EE_y": 0.9535951614379883, "EE_z": -0.08501581102609634, "p_zero": [-0.006122037768363953, 0.1271175742149353, 0.004081927239894867], "motor_control": [[366.9899597167969], [756.056884765625]]}