{"plat_x": 0.20367206633090973, "plat_y": 0.8360640406608582, "plat_z": -0.11789572238922119, "EE_x": 0.20471908152103424, "EE_y": 0.9608491659164429, "EE_z": -0.1074259877204895, "p_zero": [-0.009404316544532776, 0.12679535150527954, 0.0020660609006881714], "motor_control": [[-289.2411193847656], [124.32292938232422]]}