{"plat_x": 0.20356373488903046, "plat_y": 0.8359237909317017, "plat_z": -0.11777092516422272, "EE_x": 0.2020805925130844, "EE_y": 0.9619401693344116, "EE_z": -0.11552521586418152, "p_zero": [-0.006122037768363953, 0.1271175742149353, 0.004081927239894867], "motor_control": [[-117.69801330566406], [-51.438411712646484]]}