{"plat_x": 0.20368842780590057, "plat_y": 0.8360573053359985, "plat_z": -0.11793044209480286, "EE_x": 0.22913026809692383, "EE_y": 0.9460143446922302, "EE_z": -0.1237940862774849, "p_zero": [-0.005162492394447327, 0.12702172994613647, 0.004828847944736481], "motor_control": [[-1057.20849609375], [-748.6631469726562]]}