{"plat_x": 0.20367620885372162, "plat_y": 0.8360720872879028, "plat_z": -0.11791343986988068, "EE_x": 0.2221197783946991, "EE_y": 0.9545584917068481, "EE_z": -0.11603482812643051, "p_zero": [-0.005162492394447327, 0.12702172994613647, 0.004828847944736481], "motor_control": [[-639.4680786132812], [-320.9844970703125]]}