{"plat_x": 0.20356698334217072, "plat_y": 0.8359205722808838, "plat_z": -0.11778135597705841, "EE_x": 0.24446727335453033, "EE_y": 0.9307748079299927, "EE_z": -0.08463574945926666, "p_zero": [-0.006122037768363953, 0.1271175742149353, 0.004081927239894867], "motor_control": [[-1775.0762939453125], [865.2360229492188]]}