{"plat_x": 0.20367847383022308, "plat_y": 0.8360743522644043, "plat_z": -0.11791783571243286, "EE_x": 0.21808241307735443, "EE_y": 0.9533467888832092, "EE_z": -0.09230612963438034, "p_zero": [-0.005162492394447327, 0.12702172994613647, 0.004828847944736481], "motor_control": [[-727.4412841796875], [458.9234313964844]]}