{"plat_x": 0.20368339121341705, "plat_y": 0.8360685110092163, "plat_z": -0.11792866885662079, "EE_x": 0.19357018172740936, "EE_y": 0.9614574909210205, "EE_z": -0.10582295805215836, "p_zero": [-0.005162492394447327, 0.12702172994613647, 0.004828847944736481], "motor_control": [[97.21300506591797], [210.7851104736328]]}