{"plat_x": 0.20369206368923187, "plat_y": 0.8361169099807739, "plat_z": -0.11792752146720886, "EE_x": 0.19314882159233093, "EE_y": 0.9619647860527039, "EE_z": -0.11142555624246597, "p_zero": [-0.005162492394447327, 0.12702172994613647, 0.004828847944736481], "motor_control": [[-28.73442268371582], [125.2683334350586]]}