{"plat_x": 0.20368005335330963, "plat_y": 0.8360764980316162, "plat_z": -0.1179346814751625, "EE_x": 0.1620824635028839, "EE_y": 0.9480352997779846, "EE_z": -0.10881589353084564, "p_zero": [-0.005162492394447327, 0.12702172994613647, 0.004828847944736481], "motor_control": [[1191.8046875], [180.7008056640625]]}