{"plat_x": 0.20371009409427643, "plat_y": 0.8360932469367981, "plat_z": -0.11795137077569962, "EE_x": 0.19008144736289978, "EE_y": 0.9354233741760254, "EE_z": -0.15334758162498474, "p_zero": [-0.005162492394447327, 0.12702172994613647, 0.004828847944736481], "motor_control": [[754.4522705078125], [-1597.4632568359375]]}