{"plat_x": 0.20368768274784088, "plat_y": 0.8360596299171448, "plat_z": -0.1179327517747879, "EE_x": 0.1843557506799698, "EE_y": 0.9563202857971191, "EE_z": -0.09277818351984024, "p_zero": [-0.005162492394447327, 0.12702172994613647, 0.004828847944736481], "motor_control": [[416.3146057128906], [503.7504577636719]]}