{"plat_x": 0.20370008051395416, "plat_y": 0.8361021280288696, "plat_z": -0.11793628334999084, "EE_x": 0.20638777315616608, "EE_y": 0.9368149042129517, "EE_z": -0.15570223331451416, "p_zero": [-0.005162492394447327, 0.12702172994613647, 0.004828847944736481], "motor_control": [[-280.3714294433594], [-1573.1156005859375]]}