{"plat_x": 0.2036827653646469, "plat_y": 0.8360824584960938, "plat_z": -0.1179354190826416, "EE_x": 0.18738485872745514, "EE_y": 0.9349686503410339, "EE_z": -0.152394101023674, "p_zero": [-0.005162492394447327, 0.12702172994613647, 0.004828847944736481], "motor_control": [[844.5357055664062], [-1599.785400390625]]}