{"plat_x": 0.20367580652236938, "plat_y": 0.836079478263855, "plat_z": -0.11792202293872833, "EE_x": 0.19949360191822052, "EE_y": 0.960601806640625, "EE_z": -0.10115843266248703, "p_zero": [-0.005162492394447327, 0.12702172994613647, 0.004828847944736481], "motor_control": [[-175.40573120117188], [277.8156433105469]]}