{"plat_x": 0.20356713235378265, "plat_y": 0.8359261751174927, "plat_z": -0.11778058111667633, "EE_x": 0.23365835845470428, "EE_y": 0.9424943327903748, "EE_z": -0.08705172687768936, "p_zero": [-0.006122037768363953, 0.1271175742149353, 0.004081927239894867], "motor_control": [[-1288.31396484375], [703.5242309570312]]}