{"plat_x": 0.2037023901939392, "plat_y": 0.8361003398895264, "plat_z": -0.11794586479663849, "EE_x": 0.17711786925792694, "EE_y": 0.9401108026504517, "EE_z": -0.14093272387981415, "p_zero": [-0.005162492394447327, 0.12702172994613647, 0.004828847944736481], "motor_control": [[1141.1923828125], [-1183.25048828125]]}