{"plat_x": 0.20356687903404236, "plat_y": 0.8359196186065674, "plat_z": -0.11778765171766281, "EE_x": 0.1695951372385025, "EE_y": 0.9521180391311646, "EE_z": -0.10542243719100952, "p_zero": [-0.006122037768363953, 0.1271175742149353, 0.004081927239894867], "motor_control": [[939.9644775390625], [242.82699584960938]]}