{"plat_x": 0.20356500148773193, "plat_y": 0.8359220027923584, "plat_z": -0.11777719855308533, "EE_x": 0.19453763961791992, "EE_y": 0.945953369140625, "EE_z": -0.06772751361131668, "p_zero": [-0.006122037768363953, 0.1271175742149353, 0.004081927239894867], "motor_control": [[215.54791259765625], [1308.829833984375]]}