{"plat_x": 0.20368137955665588, "plat_y": 0.8360612392425537, "plat_z": -0.11793501675128937, "EE_x": 0.22223536670207977, "EE_y": 0.9550504088401794, "EE_z": -0.10046147555112839, "p_zero": [-0.005162492394447327, 0.12702172994613647, 0.004828847944736481], "motor_control": [[-706.6349487304688], [182.32366943359375]]}