{"plat_x": 0.20367319881916046, "plat_y": 0.8360862731933594, "plat_z": -0.11791636049747467, "EE_x": 0.20669147372245789, "EE_y": 0.9613213539123535, "EE_z": -0.10844948887825012, "p_zero": [-0.005162492394447327, 0.12702172994613647, 0.004828847944736481], "motor_control": [[-242.65870666503906], [77.84346771240234]]}