{"plat_x": 0.2035602480173111, "plat_y": 0.8359247446060181, "plat_z": -0.11777487397193909, "EE_x": 0.17451496422290802, "EE_y": 0.9516317248344421, "EE_z": -0.12443618476390839, "p_zero": [-0.006122037768363953, 0.1271175742149353, 0.004081927239894867], "motor_control": [[869.7941284179688], [-357.33843994140625]]}