{"plat_x": 0.20356984436511993, "plat_y": 0.8359232544898987, "plat_z": -0.11778055131435394, "EE_x": 0.2331584095954895, "EE_y": 0.9401541352272034, "EE_z": -0.08322355151176453, "p_zero": [-0.006122037768363953, 0.1271175742149353, 0.004081927239894867], "motor_control": [[-1350.8311767578125], [874.6187133789062]]}