{"plat_x": 0.20356684923171997, "plat_y": 0.8359253406524658, "plat_z": -0.1177820935845375, "EE_x": 0.19697056710720062, "EE_y": 0.9370678067207336, "EE_z": -0.1543521136045456, "p_zero": [-0.006122037768363953, 0.1271175742149353, 0.004081927239894867], "motor_control": [[484.7156066894531], [-1564.6954345703125]]}