{"plat_x": 0.20367242395877838, "plat_y": 0.8360666036605835, "plat_z": -0.11791115999221802, "EE_x": 0.19422924518585205, "EE_y": 0.9621223211288452, "EE_z": -0.11060526967048645, "p_zero": [-0.005162492394447327, 0.12702172994613647, 0.004828847944736481], "motor_control": [[78.37327575683594], [121.20967864990234]]}