{"plat_x": 0.2036980390548706, "plat_y": 0.8360963463783264, "plat_z": -0.11793825775384903, "EE_x": 0.17620141804218292, "EE_y": 0.9517596364021301, "EE_z": -0.12484592944383621, "p_zero": [-0.005162492394447327, 0.12702172994613647, 0.004828847944736481], "motor_control": [[850.2498779296875], [-419.90069580078125]]}