{"plat_x": 0.20356659591197968, "plat_y": 0.8359206914901733, "plat_z": -0.11778576672077179, "EE_x": 0.1485140323638916, "EE_y": 0.9353099465370178, "EE_z": -0.10735753178596497, "p_zero": [-0.006122037768363953, 0.1271175742149353, 0.004081927239894867], "motor_control": [[1824.2158203125], [280.61053466796875]]}