{"plat_x": 0.2035689502954483, "plat_y": 0.8359233140945435, "plat_z": -0.11778372526168823, "EE_x": 0.2070818990468979, "EE_y": 0.9501513242721558, "EE_z": -0.07758541405200958, "p_zero": [-0.006122037768363953, 0.1271175742149353, 0.004081927239894867], "motor_control": [[-436.79931640625], [1009.1679077148438]]}