{"plat_x": 0.20368219912052155, "plat_y": 0.8360766768455505, "plat_z": -0.11792182922363281, "EE_x": 0.20756052434444427, "EE_y": 0.9477639198303223, "EE_z": -0.07381796091794968, "p_zero": [-0.005162492394447327, 0.12702172994613647, 0.004828847944736481], "motor_control": [[-539.047607421875], [1114.1787109375]]}