{"plat_x": 0.20369015634059906, "plat_y": 0.836104691028595, "plat_z": -0.11789874732494354, "EE_x": 0.1724877953529358, "EE_y": 0.9346964955329895, "EE_z": -0.14385947585105896, "p_zero": [-0.009404316544532776, 0.12679535150527954, 0.0020660609006881714], "motor_control": [[1336.033203125], [-1328.6094970703125]]}