{"plat_x": 0.20366567373275757, "plat_y": 0.8360878229141235, "plat_z": -0.11790022999048233, "EE_x": 0.17668770253658295, "EE_y": 0.9542517066001892, "EE_z": -0.09800804406404495, "p_zero": [-0.009404316544532776, 0.12679535150527954, 0.0020660609006881714], "motor_control": [[669.1513671875], [451.7138977050781]]}