{"plat_x": 0.20369185507297516, "plat_y": 0.8360965847969055, "plat_z": -0.11789955198764801, "EE_x": 0.17194919288158417, "EE_y": 0.9514938592910767, "EE_z": -0.12120524793863297, "p_zero": [-0.009404316544532776, 0.12679535150527954, 0.0020660609006881714], "motor_control": [[938.9740600585938], [-273.1584167480469]]}