{"plat_x": 0.20366430282592773, "plat_y": 0.8360845446586609, "plat_z": -0.11789923906326294, "EE_x": 0.2023548036813736, "EE_y": 0.9513779878616333, "EE_z": -0.07790902256965637, "p_zero": [-0.009404316544532776, 0.12679535150527954, 0.0020660609006881714], "motor_control": [[-330.3023376464844], [1015.9757690429688]]}