{"plat_x": 0.203676238656044, "plat_y": 0.8361030220985413, "plat_z": -0.11789989471435547, "EE_x": 0.1919366866350174, "EE_y": 0.955547571182251, "EE_z": -0.13197441399097443, "p_zero": [-0.009404316544532776, 0.12679535150527954, 0.0020660609006881714], "motor_control": [[232.24591064453125], [-543.8008422851562]]}