{"plat_x": 0.20356354117393494, "plat_y": 0.8359254598617554, "plat_z": -0.1177784726023674, "EE_x": 0.1830676943063736, "EE_y": 0.9570668339729309, "EE_z": -0.09895425289869308, "p_zero": [-0.006122037768363953, 0.1271175742149353, 0.004081927239894867], "motor_control": [[481.79229736328125], [382.9617614746094]]}