{"plat_x": 0.2036430686712265, "plat_y": 0.8360710144042969, "plat_z": -0.11790288984775543, "EE_x": 0.2187076061964035, "EE_y": 0.9478427767753601, "EE_z": -0.13463972508907318, "p_zero": [-0.009404316544532776, 0.12679535150527954, 0.0020660609006881714], "motor_control": [[-699.2327270507812], [-878.6465454101562]]}