{"plat_x": 0.2036772519350052, "plat_y": 0.8360723853111267, "plat_z": -0.11790946125984192, "EE_x": 0.22030483186244965, "EE_y": 0.936882734298706, "EE_z": -0.06692356616258621, "p_zero": [-0.005162492394447327, 0.12702172994613647, 0.004828847944736481], "motor_control": [[-1067.1422119140625], [1426.8143310546875]]}