{"plat_x": 0.20368599891662598, "plat_y": 0.8360635042190552, "plat_z": -0.11794322729110718, "EE_x": 0.18601809442043304, "EE_y": 0.9325203895568848, "EE_z": -0.056919947266578674, "p_zero": [-0.005162492394447327, 0.12702172994613647, 0.004828847944736481], "motor_control": [[571.3522338867188], [1905.4390869140625]]}