{"plat_x": 0.2036786824464798, "plat_y": 0.8360611200332642, "plat_z": -0.11791832000017166, "EE_x": 0.2081006020307541, "EE_y": 0.9596948027610779, "EE_z": -0.10277362912893295, "p_zero": [-0.005162492394447327, 0.12702172994613647, 0.004828847944736481], "motor_control": [[-332.0111389160156], [232.51329040527344]]}