{"plat_x": 0.20356179773807526, "plat_y": 0.8359222412109375, "plat_z": -0.11777146905660629, "EE_x": 0.1919856071472168, "EE_y": 0.9320219159126282, "EE_z": -0.05211453139781952, "p_zero": [-0.006122037768363953, 0.1271175742149353, 0.004081927239894867], "motor_control": [[25.057353973388672], [1981.7635498046875]]}