{"plat_x": 0.20367880165576935, "plat_y": 0.8360811471939087, "plat_z": -0.1179225742816925, "EE_x": 0.18833626806735992, "EE_y": 0.9607295989990234, "EE_z": -0.11169395595788956, "p_zero": [-0.005162492394447327, 0.12702172994613647, 0.004828847944736481], "motor_control": [[268.316650390625], [103.5121078491211]]}