{"plat_x": 0.2036896049976349, "plat_y": 0.8360714912414551, "plat_z": -0.11794629693031311, "EE_x": 0.1860838681459427, "EE_y": 0.9405383467674255, "EE_z": -0.1477186381816864, "p_zero": [-0.005162492394447327, 0.12702172994613647, 0.004828847944736481], "motor_control": [[764.0853271484375], [-1289.216064453125]]}