{"plat_x": 0.20356085896492004, "plat_y": 0.8359249830245972, "plat_z": -0.11777348071336746, "EE_x": 0.18059056997299194, "EE_y": 0.9472625851631165, "EE_z": -0.13731864094734192, "p_zero": [-0.006122037768363953, 0.1271175742149353, 0.004081927239894867], "motor_control": [[764.339111328125], [-834.1543579101562]]}