{"plat_x": 0.2037016898393631, "plat_y": 0.8360952734947205, "plat_z": -0.11794209480285645, "EE_x": 0.24664829671382904, "EE_y": 0.9363009333610535, "EE_z": -0.10815639048814774, "p_zero": [-0.005162492394447327, 0.12702172994613647, 0.004828847944736481], "motor_control": [[-1703.9686279296875], [-433.5255432128906]]}