{"plat_x": 0.20369189977645874, "plat_y": 0.8360713720321655, "plat_z": -0.1179400384426117, "EE_x": 0.16913707554340363, "EE_y": 0.9500182271003723, "EE_z": -0.09628705680370331, "p_zero": [-0.005162492394447327, 0.12702172994613647, 0.004828847944736481], "motor_control": [[940.1129150390625], [536.009521484375]]}