{"plat_x": 0.2036849409341812, "plat_y": 0.8360837697982788, "plat_z": -0.11794055998325348, "EE_x": 0.1833861619234085, "EE_y": 0.9500682950019836, "EE_z": -0.08085429668426514, "p_zero": [-0.005162492394447327, 0.12702172994613647, 0.004828847944736481], "motor_control": [[574.990478515625], [973.431884765625]]}