{"plat_x": 0.20357190072536469, "plat_y": 0.835918664932251, "plat_z": -0.11778992414474487, "EE_x": 0.24505364894866943, "EE_y": 0.9398087859153748, "EE_z": -0.09993556886911392, "p_zero": [-0.006122037768363953, 0.1271175742149353, 0.004081927239894867], "motor_control": [[-1550.68701171875], [103.98428344726562]]}