{"plat_x": 0.20365957915782928, "plat_y": 0.8360840678215027, "plat_z": -0.11789986491203308, "EE_x": 0.1839335709810257, "EE_y": 0.935667097568512, "EE_z": -0.15115691721439362, "p_zero": [-0.009404316544532776, 0.12679535150527954, 0.0020660609006881714], "motor_control": [[919.0225830078125], [-1487.6038818359375]]}