{"plat_x": 0.2036885768175125, "plat_y": 0.8360854983329773, "plat_z": -0.11793500185012817, "EE_x": 0.1958446204662323, "EE_y": 0.9626681804656982, "EE_z": -0.1120016798377037, "p_zero": [-0.005162492394447327, 0.12702172994613647, 0.004828847944736481], "motor_control": [[-21.14696502685547], [40.299259185791016]]}