{"plat_x": 0.20370014011859894, "plat_y": 0.8360756635665894, "plat_z": -0.11794111877679825, "EE_x": 0.2072766274213791, "EE_y": 0.9577673077583313, "EE_z": -0.1257610023021698, "p_zero": [-0.005162492394447327, 0.12702172994613647, 0.004828847944736481], "motor_control": [[-226.04249572753906], [-393.89276123046875]]}