{"plat_x": 0.2035682052373886, "plat_y": 0.835923433303833, "plat_z": -0.11778464913368225, "EE_x": 0.21222412586212158, "EE_y": 0.9598973989486694, "EE_z": -0.10999021679162979, "p_zero": [-0.006122037768363953, 0.1271175742149353, 0.004081927239894867], "motor_control": [[-390.3767395019531], [23.913291931152344]]}