{"plat_x": 0.2035668045282364, "plat_y": 0.8359239101409912, "plat_z": -0.11779294908046722, "EE_x": 0.1721564531326294, "EE_y": 0.9500534534454346, "EE_z": -0.09272529929876328, "p_zero": [-0.006122037768363953, 0.1271175742149353, 0.004081927239894867], "motor_control": [[881.5738525390625], [659.6630859375]]}