{"plat_x": 0.20367680490016937, "plat_y": 0.8360676765441895, "plat_z": -0.11792723834514618, "EE_x": 0.20595940947532654, "EE_y": 0.9566141963005066, "EE_z": -0.09045073390007019, "p_zero": [-0.005162492394447327, 0.12702172994613647, 0.004828847944736481], "motor_control": [[-402.28704833984375], [477.589599609375]]}