{"plat_x": 0.20367537438869476, "plat_y": 0.8360744118690491, "plat_z": -0.11791148781776428, "EE_x": 0.22526927292346954, "EE_y": 0.9457057118415833, "EE_z": -0.0832844004034996, "p_zero": [-0.005162492394447327, 0.12702172994613647, 0.004828847944736481], "motor_control": [[-1054.4505615234375], [839.9498291015625]]}