{"plat_x": 0.2035675048828125, "plat_y": 0.8359236121177673, "plat_z": -0.11778444051742554, "EE_x": 0.19507713615894318, "EE_y": 0.9621913433074951, "EE_z": -0.11628005653619766, "p_zero": [-0.006122037768363953, 0.1271175742149353, 0.004081927239894867], "motor_control": [[0.17557351291179657], [-21.36572265625]]}