{"plat_x": 0.20368967950344086, "plat_y": 0.8360671401023865, "plat_z": -0.11795243620872498, "EE_x": 0.18834853172302246, "EE_y": 0.9589166641235352, "EE_z": -0.10194142162799835, "p_zero": [-0.005162492394447327, 0.12702172994613647, 0.004828847944736481], "motor_control": [[348.14013671875], [318.99114990234375]]}