{"plat_x": 0.2035628706216812, "plat_y": 0.8359267711639404, "plat_z": -0.11777982860803604, "EE_x": 0.18902726471424103, "EE_y": 0.9434449672698975, "EE_z": -0.146073117852211, "p_zero": [-0.006122037768363953, 0.1271175742149353, 0.004081927239894867], "motor_control": [[607.717041015625], [-1167.7149658203125]]}