{"plat_x": 0.2036791890859604, "plat_y": 0.8360905051231384, "plat_z": -0.11790556460618973, "EE_x": 0.2062673717737198, "EE_y": 0.9498312473297119, "EE_z": -0.07590752840042114, "p_zero": [-0.009404316544532776, 0.12679535150527954, 0.0020660609006881714], "motor_control": [[-412.11334228515625], [1048.5032958984375]]}