{"plat_x": 0.2035599797964096, "plat_y": 0.8359248042106628, "plat_z": -0.1177738606929779, "EE_x": 0.16870954632759094, "EE_y": 0.9448999166488647, "EE_z": -0.12787404656410217, "p_zero": [-0.006122037768363953, 0.1271175742149353, 0.004081927239894867], "motor_control": [[1206.8016357421875], [-651.9679565429688]]}