{"plat_x": 0.20356452465057373, "plat_y": 0.8359289765357971, "plat_z": -0.11777909100055695, "EE_x": 0.19130317866802216, "EE_y": 0.9348503351211548, "EE_z": -0.05555174499750137, "p_zero": [-0.006122037768363953, 0.1271175742149353, 0.004081927239894867], "motor_control": [[183.05833435058594], [1840.5965576171875]]}