{"plat_x": 0.2036847472190857, "plat_y": 0.8360911011695862, "plat_z": -0.11792127788066864, "EE_x": 0.19385839998722076, "EE_y": 0.9567051529884338, "EE_z": -0.08753529191017151, "p_zero": [-0.005162492394447327, 0.12702172994613647, 0.004828847944736481], "motor_control": [[165.04844665527344], [619.712158203125]]}