{"plat_x": 0.2036704570055008, "plat_y": 0.8360779881477356, "plat_z": -0.11789476871490479, "EE_x": 0.16795669496059418, "EE_y": 0.9453316330909729, "EE_z": -0.0876864343881607, "p_zero": [-0.009404316544532776, 0.12679535150527954, 0.0020660609006881714], "motor_control": [[1082.13818359375], [891.2174682617188]]}