{"plat_x": 0.2035682648420334, "plat_y": 0.835922122001648, "plat_z": -0.11778593808412552, "EE_x": 0.2437286674976349, "EE_y": 0.9405794739723206, "EE_z": -0.10666634142398834, "p_zero": [-0.006122037768363953, 0.1271175742149353, 0.004081927239894867], "motor_control": [[-1508.128173828125], [-219.1142578125]]}