{"plat_x": 0.20366109907627106, "plat_y": 0.8360517621040344, "plat_z": -0.11788054555654526, "EE_x": 0.24399884045124054, "EE_y": 0.9404449462890625, "EE_z": -0.1077471375465393, "p_zero": [-0.009404316544532776, 0.12679535150527954, 0.0020660609006881714], "motor_control": [[-1525.811767578125], [-243.66427612304688]]}