{"plat_x": 0.2035672813653946, "plat_y": 0.835925817489624, "plat_z": -0.11778189241886139, "EE_x": 0.22757530212402344, "EE_y": 0.9402979016304016, "EE_z": -0.1375613659620285, "p_zero": [-0.006122037768363953, 0.1271175742149353, 0.004081927239894867], "motor_control": [[-1003.52734375], [-1156.3302001953125]]}