{"plat_x": 0.20356500148773193, "plat_y": 0.8359217047691345, "plat_z": -0.11778266727924347, "EE_x": 0.19984500110149384, "EE_y": 0.9593169093132019, "EE_z": -0.12597788870334625, "p_zero": [-0.006122037768363953, 0.1271175742149353, 0.004081927239894867], "motor_control": [[-50.57140350341797], [-312.3763427734375]]}