{"plat_x": 0.20368681848049164, "plat_y": 0.8360720872879028, "plat_z": -0.11793910712003708, "EE_x": 0.1850101351737976, "EE_y": 0.9583960175514221, "EE_z": -0.11905284970998764, "p_zero": [-0.005162492394447327, 0.12702172994613647, 0.004828847944736481], "motor_control": [[481.162353515625], [-131.76254272460938]]}