{"plat_x": 0.20356489717960358, "plat_y": 0.8359267711639404, "plat_z": -0.11777820438146591, "EE_x": 0.20645035803318024, "EE_y": 0.9602718949317932, "EE_z": -0.10356802493333817, "p_zero": [-0.006122037768363953, 0.1271175742149353, 0.004081927239894867], "motor_control": [[-262.7949523925781], [209.7493438720703]]}