{"plat_x": 0.20369356870651245, "plat_y": 0.8360695838928223, "plat_z": -0.11794468760490417, "EE_x": 0.1948779672384262, "EE_y": 0.9548494219779968, "EE_z": -0.08211859315633774, "p_zero": [-0.005162492394447327, 0.12702172994613647, 0.004828847944736481], "motor_control": [[-116.42292785644531], [785.2796020507812]]}