{"plat_x": 0.20368574559688568, "plat_y": 0.8360710144042969, "plat_z": -0.11793208867311478, "EE_x": 0.20185710489749908, "EE_y": 0.9505011439323425, "EE_z": -0.1430353969335556, "p_zero": [-0.005162492394447327, 0.12702172994613647, 0.004828847944736481], "motor_control": [[-38.27880096435547], [-909.4417114257812]]}