{"plat_x": 0.20357221364974976, "plat_y": 0.835920512676239, "plat_z": -0.11778780072927475, "EE_x": 0.16154314577579498, "EE_y": 0.9446696639060974, "EE_z": -0.12046106904745102, "p_zero": [-0.006122037768363953, 0.1271175742149353, 0.004081927239894867], "motor_control": [[1340.0518798828125], [-307.7853088378906]]}