{"plat_x": 0.20367811620235443, "plat_y": 0.8360832929611206, "plat_z": -0.11792200058698654, "EE_x": 0.18759413063526154, "EE_y": 0.9535955786705017, "EE_z": -0.13094447553157806, "p_zero": [-0.005162492394447327, 0.12702172994613647, 0.004828847944736481], "motor_control": [[522.37255859375], [-582.3632202148438]]}