{"plat_x": 0.2036830335855484, "plat_y": 0.8360645771026611, "plat_z": -0.11793778836727142, "EE_x": 0.1961127668619156, "EE_y": 0.9425718784332275, "EE_z": -0.06339769065380096, "p_zero": [-0.005162492394447327, 0.12702172994613647, 0.004828847944736481], "motor_control": [[-213.11354064941406], [1485.041015625]]}