{"plat_x": 0.20368410646915436, "plat_y": 0.836071252822876, "plat_z": -0.11794182658195496, "EE_x": 0.1556779444217682, "EE_y": 0.9420457482337952, "EE_z": -0.11565316468477249, "p_zero": [-0.005162492394447327, 0.12702172994613647, 0.004828847944736481], "motor_control": [[1510.596435546875], [-188.688720703125]]}