{"plat_x": 0.2035653442144394, "plat_y": 0.8359239101409912, "plat_z": -0.11777903884649277, "EE_x": 0.193934366106987, "EE_y": 0.9599297642707825, "EE_z": -0.09740014374256134, "p_zero": [-0.006122037768363953, 0.1271175742149353, 0.004081927239894867], "motor_control": [[104.81813049316406], [388.4198303222656]]}