{"plat_x": 0.20367944240570068, "plat_y": 0.8360919952392578, "plat_z": -0.11792457848787308, "EE_x": 0.22254393994808197, "EE_y": 0.9512547254562378, "EE_z": -0.09177929908037186, "p_zero": [-0.005162492394447327, 0.12702172994613647, 0.004828847944736481], "motor_control": [[-911.667236328125], [465.7367858886719]]}