{"plat_x": 0.20367899537086487, "plat_y": 0.8360823392868042, "plat_z": -0.11792470514774323, "EE_x": 0.1826690286397934, "EE_y": 0.9421277642250061, "EE_z": -0.1428574174642563, "p_zero": [-0.005162492394447327, 0.12702172994613647, 0.004828847944736481], "motor_control": [[920.1453857421875], [-1173.313720703125]]}