{"plat_x": 0.20356877148151398, "plat_y": 0.8359212279319763, "plat_z": -0.11779254674911499, "EE_x": 0.17420104146003723, "EE_y": 0.9544419646263123, "EE_z": -0.10468696802854538, "p_zero": [-0.006122037768363953, 0.1271175742149353, 0.004081927239894867], "motor_control": [[804.0684814453125], [218.9339141845703]]}