{"plat_x": 0.20368647575378418, "plat_y": 0.8360695242881775, "plat_z": -0.11793828010559082, "EE_x": 0.20870621502399445, "EE_y": 0.9572111368179321, "EE_z": -0.12531843781471252, "p_zero": [-0.005162492394447327, 0.12702172994613647, 0.004828847944736481], "motor_control": [[-309.6463928222656], [-368.16192626953125]]}