{"plat_x": 0.203695610165596, "plat_y": 0.8360675573348999, "plat_z": -0.1179475411772728, "EE_x": 0.1792324036359787, "EE_y": 0.9576863050460815, "EE_z": -0.11296714842319489, "p_zero": [-0.005162492394447327, 0.12702172994613647, 0.004828847944736481], "motor_control": [[620.820556640625], [33.00769805908203]]}