{"plat_x": 0.20370572805404663, "plat_y": 0.8360983729362488, "plat_z": -0.11794084310531616, "EE_x": 0.1979670375585556, "EE_y": 0.962832510471344, "EE_z": -0.11304935067892075, "p_zero": [-0.005162492394447327, 0.12702172994613647, 0.004828847944736481], "motor_control": [[-31.74069595336914], [17.96088409423828]]}