{"plat_x": 0.2036876380443573, "plat_y": 0.8360614776611328, "plat_z": -0.11794484406709671, "EE_x": 0.20019209384918213, "EE_y": 0.960317850112915, "EE_z": -0.0974382609128952, "p_zero": [-0.005162492394447327, 0.12702172994613647, 0.004828847944736481], "motor_control": [[-34.18678283691406], [382.44146728515625]]}