{"plat_x": 0.20356346666812897, "plat_y": 0.8359224796295166, "plat_z": -0.11777984350919724, "EE_x": 0.2022678554058075, "EE_y": 0.9612388014793396, "EE_z": -0.10605502873659134, "p_zero": [-0.006122037768363953, 0.1271175742149353, 0.004081927239894867], "motor_control": [[-166.63841247558594], [169.7370147705078]]}