{"plat_x": 0.20368985831737518, "plat_y": 0.83607017993927, "plat_z": -0.11793822050094604, "EE_x": 0.15180908143520355, "EE_y": 0.9360217452049255, "EE_z": -0.11963155120611191, "p_zero": [-0.005162492394447327, 0.12702172994613647, 0.004828847944736481], "motor_control": [[1773.622802734375], [-375.4424743652344]]}