{"plat_x": 0.20367754995822906, "plat_y": 0.836064338684082, "plat_z": -0.11791335046291351, "EE_x": 0.23533743619918823, "EE_y": 0.9476269483566284, "EE_z": -0.11323873698711395, "p_zero": [-0.005162492394447327, 0.12702172994613647, 0.004828847944736481], "motor_control": [[-1121.008544921875], [-241.7698974609375]]}