{"plat_x": 0.20356841385364532, "plat_y": 0.835925817489624, "plat_z": -0.1177874431014061, "EE_x": 0.19651328027248383, "EE_y": 0.9535725116729736, "EE_z": -0.1358439028263092, "p_zero": [-0.006122037768363953, 0.1271175742149353, 0.004081927239894867], "motor_control": [[265.555419921875], [-673.8006591796875]]}