{"plat_x": 0.2035660296678543, "plat_y": 0.8359222412109375, "plat_z": -0.1177864670753479, "EE_x": 0.22289736568927765, "EE_y": 0.9551633596420288, "EE_z": -0.10348571836948395, "p_zero": [-0.006122037768363953, 0.1271175742149353, 0.004081927239894867], "motor_control": [[-697.1171875], [133.9842987060547]]}