{"plat_x": 0.2037053257226944, "plat_y": 0.8361088633537292, "plat_z": -0.11793562769889832, "EE_x": 0.19750386476516724, "EE_y": 0.9601448178291321, "EE_z": -0.09626360237598419, "p_zero": [-0.005162492394447327, 0.12702172994613647, 0.004828847944736481], "motor_control": [[-52.49063491821289], [411.7896423339844]]}