{"plat_x": 0.203697070479393, "plat_y": 0.8361049890518188, "plat_z": -0.11793401092290878, "EE_x": 0.17826788127422333, "EE_y": 0.9413793683052063, "EE_z": -0.14312350749969482, "p_zero": [-0.005162492394447327, 0.12702172994613647, 0.004828847944736481], "motor_control": [[950.454833984375], [-1124.802490234375]]}