{"plat_x": 0.20357023179531097, "plat_y": 0.8359212279319763, "plat_z": -0.11778146773576736, "EE_x": 0.2410452514886856, "EE_y": 0.942333459854126, "EE_z": -0.10957460850477219, "p_zero": [-0.006122037768363953, 0.1271175742149353, 0.004081927239894867], "motor_control": [[-1407.1585693359375], [-315.3188781738281]]}