{"plat_x": 0.20357175171375275, "plat_y": 0.8359204530715942, "plat_z": -0.11779016256332397, "EE_x": 0.19744618237018585, "EE_y": 0.9627203345298767, "EE_z": -0.11355435848236084, "p_zero": [-0.006122037768363953, 0.1271175742149353, 0.004081927239894867], "motor_control": [[-15.562106132507324], [6.45174503326416]]}