{"plat_x": 0.20367483794689178, "plat_y": 0.8360536694526672, "plat_z": -0.1179288923740387, "EE_x": 0.2154892086982727, "EE_y": 0.9321247339248657, "EE_z": -0.15443938970565796, "p_zero": [-0.005162492394447327, 0.12702172994613647, 0.004828847944736481], "motor_control": [[-714.1478271484375], [-1724.08837890625]]}