{"plat_x": 0.20367230474948883, "plat_y": 0.8361006379127502, "plat_z": -0.11789725720882416, "EE_x": 0.18092937767505646, "EE_y": 0.9456462860107422, "EE_z": -0.13965380191802979, "p_zero": [-0.009404316544532776, 0.12679535150527954, 0.0020660609006881714], "motor_control": [[799.5167846679688], [-937.0801391601562]]}