{"plat_x": 0.2035672813653946, "plat_y": 0.835923433303833, "plat_z": -0.11778682470321655, "EE_x": 0.20130646228790283, "EE_y": 0.960706353187561, "EE_z": -0.11938793212175369, "p_zero": [-0.006122037768363953, 0.1271175742149353, 0.004081927239894867], "motor_control": [[-150.02882385253906], [-151.5399932861328]]}