{"plat_x": 0.20356518030166626, "plat_y": 0.8359271287918091, "plat_z": -0.11777542531490326, "EE_x": 0.19280007481575012, "EE_y": 0.9594892263412476, "EE_z": -0.09663517028093338, "p_zero": [-0.006122037768363953, 0.1271175742149353, 0.004081927239894867], "motor_control": [[129.9333038330078], [411.6446228027344]]}