{"plat_x": 0.20368526875972748, "plat_y": 0.8360751867294312, "plat_z": -0.11793605983257294, "EE_x": 0.19772294163703918, "EE_y": 0.9627999663352966, "EE_z": -0.11503647267818451, "p_zero": [-0.005162492394447327, 0.12702172994613647, 0.004828847944736481], "motor_control": [[-14.311400413513184], [7.615100860595703]]}