{"plat_x": 0.20368222892284393, "plat_y": 0.836063802242279, "plat_z": -0.11793698370456696, "EE_x": 0.23646984994411469, "EE_y": 0.9400656819343567, "EE_z": -0.08654025197029114, "p_zero": [-0.005162492394447327, 0.12702172994613647, 0.004828847944736481], "motor_control": [[-1411.6893310546875], [735.0245361328125]]}