{"plat_x": 0.20368245244026184, "plat_y": 0.8360732793807983, "plat_z": -0.11793053895235062, "EE_x": 0.2024192363023758, "EE_y": 0.9430752992630005, "EE_z": -0.06346037983894348, "p_zero": [-0.005162492394447327, 0.12702172994613647, 0.004828847944736481], "motor_control": [[-207.61587524414062], [1427.0191650390625]]}