{"plat_x": 0.20367057621479034, "plat_y": 0.8360691070556641, "plat_z": -0.11790526658296585, "EE_x": 0.21493493020534515, "EE_y": 0.9527560472488403, "EE_z": -0.1287262886762619, "p_zero": [-0.009404316544532776, 0.12679535150527954, 0.0020660609006881714], "motor_control": [[-522.2014770507812], [-630.3394165039062]]}