{"plat_x": 0.2035634070634842, "plat_y": 0.8359250426292419, "plat_z": -0.11777707934379578, "EE_x": 0.16987141966819763, "EE_y": 0.9517065286636353, "EE_z": -0.11841356754302979, "p_zero": [-0.006122037768363953, 0.1271175742149353, 0.004081927239894867], "motor_control": [[957.9633178710938], [-179.62985229492188]]}