{"plat_x": 0.20367683470249176, "plat_y": 0.8360727429389954, "plat_z": -0.11791443824768066, "EE_x": 0.20448778569698334, "EE_y": 0.960482120513916, "EE_z": -0.10527338832616806, "p_zero": [-0.005162492394447327, 0.12702172994613647, 0.004828847944736481], "motor_control": [[-274.0661926269531], [196.7987518310547]]}