{"plat_x": 0.20367293059825897, "plat_y": 0.8360708355903625, "plat_z": -0.11789780110120773, "EE_x": 0.19738994538784027, "EE_y": 0.957831859588623, "EE_z": -0.12977604568004608, "p_zero": [-0.009404316544532776, 0.12679535150527954, 0.0020660609006881714], "motor_control": [[83.24903106689453], [-411.46258544921875]]}