{"plat_x": 0.2035653442144394, "plat_y": 0.8359214067459106, "plat_z": -0.11778689175844193, "EE_x": 0.1612083464860916, "EE_y": 0.9354182481765747, "EE_z": -0.1323389858007431, "p_zero": [-0.006122037768363953, 0.1271175742149353, 0.004081927239894867], "motor_control": [[1617.6832275390625], [-919.8050537109375]]}