{"plat_x": 0.2035684734582901, "plat_y": 0.8359212875366211, "plat_z": -0.11779074370861053, "EE_x": 0.21896927058696747, "EE_y": 0.944862961769104, "EE_z": -0.13878661394119263, "p_zero": [-0.006122037768363953, 0.1271175742149353, 0.004081927239894867], "motor_control": [[-701.3541870117188], [-1062.23681640625]]}