{"plat_x": 0.203562930226326, "plat_y": 0.8359250426292419, "plat_z": -0.11777367442846298, "EE_x": 0.19457150995731354, "EE_y": 0.9584879875183105, "EE_z": -0.12676025927066803, "p_zero": [-0.006122037768363953, 0.1271175742149353, 0.004081927239894867], "motor_control": [[133.77227783203125], [-336.2696228027344]]}