{"plat_x": 0.2035658210515976, "plat_y": 0.8359282612800598, "plat_z": -0.11777444183826447, "EE_x": 0.18997561931610107, "EE_y": 0.9389743804931641, "EE_z": -0.05910991504788399, "p_zero": [-0.006122037768363953, 0.1271175742149353, 0.004081927239894867], "motor_control": [[126.33916473388672], [1645.095947265625]]}