{"plat_x": 0.20356230437755585, "plat_y": 0.8359249234199524, "plat_z": -0.11777181923389435, "EE_x": 0.18806754052639008, "EE_y": 0.9538804292678833, "EE_z": -0.08055262267589569, "p_zero": [-0.006122037768363953, 0.1271175742149353, 0.004081927239894867], "motor_control": [[6.762803554534912], [857.7078247070312]]}