{"plat_x": 0.20356422662734985, "plat_y": 0.835930585861206, "plat_z": -0.11777714639902115, "EE_x": 0.24052387475967407, "EE_y": 0.9310010075569153, "EE_z": -0.07872643321752548, "p_zero": [-0.006122037768363953, 0.1271175742149353, 0.004081927239894867], "motor_control": [[-1662.2154541015625], [1068.7763671875]]}