{"plat_x": 0.20356397330760956, "plat_y": 0.835929274559021, "plat_z": -0.11777600646018982, "EE_x": 0.24270938336849213, "EE_y": 0.9418537616729736, "EE_z": -0.10502564907073975, "p_zero": [-0.006122037768363953, 0.1271175742149353, 0.004081927239894867], "motor_control": [[-1455.231689453125], [-156.52957153320312]]}