{"plat_x": 0.20368631184101105, "plat_y": 0.8360645771026611, "plat_z": -0.11793240904808044, "EE_x": 0.22362172603607178, "EE_y": 0.9486225843429565, "EE_z": -0.08707932382822037, "p_zero": [-0.005162492394447327, 0.12702172994613647, 0.004828847944736481], "motor_control": [[-970.3641357421875], [682.496337890625]]}