{"plat_x": 0.20368818938732147, "plat_y": 0.836078941822052, "plat_z": -0.11793637275695801, "EE_x": 0.21751545369625092, "EE_y": 0.932923436164856, "EE_z": -0.06177588552236557, "p_zero": [-0.005162492394447327, 0.12702172994613647, 0.004828847944736481], "motor_control": [[-1063.3096923828125], [1674.35302734375]]}