{"plat_x": 0.2036816030740738, "plat_y": 0.8360732793807983, "plat_z": -0.11792024970054626, "EE_x": 0.2382231503725052, "EE_y": 0.9437428116798401, "EE_z": -0.09636795520782471, "p_zero": [-0.005162492394447327, 0.12702172994613647, 0.004828847944736481], "motor_control": [[-1358.800537109375], [288.5326843261719]]}