{"plat_x": 0.2036808282136917, "plat_y": 0.8360665440559387, "plat_z": -0.11792647838592529, "EE_x": 0.1996128410100937, "EE_y": 0.9563195109367371, "EE_z": -0.1311882734298706, "p_zero": [-0.005162492394447327, 0.12702172994613647, 0.004828847944736481], "motor_control": [[-112.7763900756836], [-560.506103515625]]}