{"plat_x": 0.20357196033000946, "plat_y": 0.8359211683273315, "plat_z": -0.11778721213340759, "EE_x": 0.18280155956745148, "EE_y": 0.9338024258613586, "EE_z": -0.05979857221245766, "p_zero": [-0.006122037768363953, 0.1271175742149353, 0.004081927239894867], "motor_control": [[676.659912109375], [1821.8626708984375]]}