{"plat_x": 0.20356576144695282, "plat_y": 0.8359199166297913, "plat_z": -0.11778756976127625, "EE_x": 0.14772044122219086, "EE_y": 0.9352978467941284, "EE_z": -0.10611175000667572, "p_zero": [-0.006122037768363953, 0.1271175742149353, 0.004081927239894867], "motor_control": [[1797.3826904296875], [256.01434326171875]]}