{"plat_x": 0.2036936730146408, "plat_y": 0.83607017993927, "plat_z": -0.11794774234294891, "EE_x": 0.20421181619167328, "EE_y": 0.929353654384613, "EE_z": -0.16428755223751068, "p_zero": [-0.005162492394447327, 0.12702172994613647, 0.004828847944736481], "motor_control": [[-38.42319107055664], [-1874.8961181640625]]}