{"plat_x": 0.20367439091205597, "plat_y": 0.8360741138458252, "plat_z": -0.11790290474891663, "EE_x": 0.19588063657283783, "EE_y": 0.9604189395904541, "EE_z": -0.10340141505002975, "p_zero": [-0.009404316544532776, 0.12679535150527954, 0.0020660609006881714], "motor_control": [[-137.64723205566406], [299.9244689941406]]}