{"plat_x": 0.2036861628293991, "plat_y": 0.8360661864280701, "plat_z": -0.11793800443410873, "EE_x": 0.23624414205551147, "EE_y": 0.9332866668701172, "EE_z": -0.13425050675868988, "p_zero": [-0.005162492394447327, 0.12702172994613647, 0.004828847944736481], "motor_control": [[-1447.661376953125], [-1288.11767578125]]}