{"plat_x": 0.20356594026088715, "plat_y": 0.8359264135360718, "plat_z": -0.11777801811695099, "EE_x": 0.19177035987377167, "EE_y": 0.9612993001937866, "EE_z": -0.11026008427143097, "p_zero": [-0.006122037768363953, 0.1271175742149353, 0.004081927239894867], "motor_control": [[69.388427734375], [171.69851684570312]]}