{"plat_x": 0.20368976891040802, "plat_y": 0.8360674381256104, "plat_z": -0.11793503165245056, "EE_x": 0.20104651153087616, "EE_y": 0.9622604846954346, "EE_z": -0.10765840858221054, "p_zero": [-0.005162492394447327, 0.12702172994613647, 0.004828847944736481], "motor_control": [[-28.36081886291504], [126.003173828125]]}