{"plat_x": 0.20356209576129913, "plat_y": 0.8359256386756897, "plat_z": -0.11776691675186157, "EE_x": 0.21554720401763916, "EE_y": 0.955604076385498, "EE_z": -0.09481032937765121, "p_zero": [-0.006122037768363953, 0.1271175742149353, 0.004081927239894867], "motor_control": [[-569.3639526367188], [370.6925964355469]]}