{"plat_x": 0.20356485247612, "plat_y": 0.8359279036521912, "plat_z": -0.1177789643406868, "EE_x": 0.2293391078710556, "EE_y": 0.9502347111701965, "EE_z": -0.11186816543340683, "p_zero": [-0.006122037768363953, 0.1271175742149353, 0.004081927239894867], "motor_control": [[-1011.3043212890625], [-303.42938232421875]]}