{"plat_x": 0.20368579030036926, "plat_y": 0.8361003398895264, "plat_z": -0.1178978756070137, "EE_x": 0.20859631896018982, "EE_y": 0.9610455632209778, "EE_z": -0.11220371723175049, "p_zero": [-0.009404316544532776, 0.12679535150527954, 0.0020660609006881714], "motor_control": [[-288.40277099609375], [34.713619232177734]]}