{"plat_x": 0.20356233417987823, "plat_y": 0.8359251022338867, "plat_z": -0.11777765303850174, "EE_x": 0.17190143465995789, "EE_y": 0.9523410201072693, "EE_z": -0.10051441192626953, "p_zero": [-0.006122037768363953, 0.1271175742149353, 0.004081927239894867], "motor_control": [[873.9872436523438], [371.43975830078125]]}