{"plat_x": 0.20368050038814545, "plat_y": 0.8360652923583984, "plat_z": -0.11792419105768204, "EE_x": 0.1965796798467636, "EE_y": 0.962741494178772, "EE_z": -0.11293400824069977, "p_zero": [-0.005162492394447327, 0.12702172994613647, 0.004828847944736481], "motor_control": [[42.94309616088867], [30.731342315673828]]}