{"plat_x": 0.20365703105926514, "plat_y": 0.8360780477523804, "plat_z": -0.11790072917938232, "EE_x": 0.19948558509349823, "EE_y": 0.9614318013191223, "EE_z": -0.11746525019407272, "p_zero": [-0.009404316544532776, 0.12679535150527954, 0.0020660609006881714], "motor_control": [[-143.5025177001953], [-86.69495391845703]]}