{"plat_x": 0.2036912441253662, "plat_y": 0.8360626101493835, "plat_z": -0.11793626844882965, "EE_x": 0.19824354350566864, "EE_y": 0.9510319232940674, "EE_z": -0.1423979103565216, "p_zero": [-0.005162492394447327, 0.12702172994613647, 0.004828847944736481], "motor_control": [[54.98357009887695], [-867.4432373046875]]}