{"plat_x": 0.2035687118768692, "plat_y": 0.835927426815033, "plat_z": -0.11777957528829575, "EE_x": 0.23850798606872559, "EE_y": 0.9344011545181274, "EE_z": -0.08015252649784088, "p_zero": [-0.006122037768363953, 0.1271175742149353, 0.004081927239894867], "motor_control": [[-1558.2308349609375], [962.8812866210938]]}