{"plat_x": 0.20369715988636017, "plat_y": 0.836096465587616, "plat_z": -0.11793113499879837, "EE_x": 0.18582572042942047, "EE_y": 0.947973370552063, "EE_z": -0.13872894644737244, "p_zero": [-0.005162492394447327, 0.12702172994613647, 0.004828847944736481], "motor_control": [[683.795166015625], [-888.3502197265625]]}