{"plat_x": 0.20356474816799164, "plat_y": 0.8359225988388062, "plat_z": -0.11778151988983154, "EE_x": 0.19996871054172516, "EE_y": 0.9608065485954285, "EE_z": -0.0997605174779892, "p_zero": [-0.006122037768363953, 0.1271175742149353, 0.004081927239894867], "motor_control": [[-72.86865997314453], [312.737060546875]]}