{"plat_x": 0.2035679668188095, "plat_y": 0.8359252214431763, "plat_z": -0.11778856813907623, "EE_x": 0.19321753084659576, "EE_y": 0.9539382457733154, "EE_z": -0.1358889490365982, "p_zero": [-0.006122037768363953, 0.1271175742149353, 0.004081927239894867], "motor_control": [[154.83477783203125], [-661.1668090820312]]}