{"plat_x": 0.20369331538677216, "plat_y": 0.8360595703125, "plat_z": -0.1179472804069519, "EE_x": 0.1966937929391861, "EE_y": 0.9584589004516602, "EE_z": -0.12824557721614838, "p_zero": [-0.005162492394447327, 0.12702172994613647, 0.004828847944736481], "motor_control": [[77.54851531982422], [-371.71826171875]]}