{"plat_x": 0.2035643309354782, "plat_y": 0.8359203338623047, "plat_z": -0.11779731512069702, "EE_x": 0.24188055098056793, "EE_y": 0.9323529005050659, "EE_z": -0.12811188399791718, "p_zero": [-0.006122037768363953, 0.1271175742149353, 0.004081927239894867], "motor_control": [[-1625.7042236328125], [-1136.1240234375]]}