{"plat_x": 0.20367878675460815, "plat_y": 0.8360847234725952, "plat_z": -0.11793117970228195, "EE_x": 0.20093774795532227, "EE_y": 0.9489976167678833, "EE_z": -0.07089094817638397, "p_zero": [-0.005162492394447327, 0.12702172994613647, 0.004828847944736481], "motor_control": [[-104.49508666992188], [1162.8619384765625]]}