{"plat_x": 0.20369870960712433, "plat_y": 0.8361060619354248, "plat_z": -0.11793272197246552, "EE_x": 0.19459004700183868, "EE_y": 0.9624149799346924, "EE_z": -0.11459992080926895, "p_zero": [-0.005162492394447327, 0.12702172994613647, 0.004828847944736481], "motor_control": [[98.1370849609375], [-2.824303388595581]]}