{"plat_x": 0.2036520540714264, "plat_y": 0.8360751271247864, "plat_z": -0.11789931356906891, "EE_x": 0.18948838114738464, "EE_y": 0.9617596864700317, "EE_z": -0.11371573805809021, "p_zero": [-0.009404316544532776, 0.12679535150527954, 0.0020660609006881714], "motor_control": [[138.0293426513672], [42.552001953125]]}