{"plat_x": 0.20368801057338715, "plat_y": 0.8361085653305054, "plat_z": -0.11790599673986435, "EE_x": 0.15780878067016602, "EE_y": 0.9437642097473145, "EE_z": -0.10579690337181091, "p_zero": [-0.009404316544532776, 0.12679535150527954, 0.0020660609006881714], "motor_control": [[1403.8360595703125], [335.75653076171875]]}