{"plat_x": 0.20370949804782867, "plat_y": 0.836093544960022, "plat_z": -0.11795463413000107, "EE_x": 0.23741790652275085, "EE_y": 0.9470041990280151, "EE_z": -0.10181042551994324, "p_zero": [-0.005162492394447327, 0.12702172994613647, 0.004828847944736481], "motor_control": [[-1218.1693115234375], [75.83153533935547]]}