{"plat_x": 0.20368637144565582, "plat_y": 0.8360750079154968, "plat_z": -0.11793296784162521, "EE_x": 0.2185690701007843, "EE_y": 0.9570992588996887, "EE_z": -0.10279591381549835, "p_zero": [-0.005162492394447327, 0.12702172994613647, 0.004828847944736481], "motor_control": [[-568.3251953125], [156.42893981933594]]}