{"plat_x": 0.20356886088848114, "plat_y": 0.8359199166297913, "plat_z": -0.11778968572616577, "EE_x": 0.20703089237213135, "EE_y": 0.9544562101364136, "EE_z": -0.13376158475875854, "p_zero": [-0.006122037768363953, 0.1271175742149353, 0.004081927239894867], "motor_control": [[-126.19183349609375], [-664.0404052734375]]}