{"plat_x": 0.20356939733028412, "plat_y": 0.8359244465827942, "plat_z": -0.11777985095977783, "EE_x": 0.25248944759368896, "EE_y": 0.9307301640510559, "EE_z": -0.0979575589299202, "p_zero": [-0.006122037768363953, 0.1271175742149353, 0.004081927239894867], "motor_control": [[-1926.88818359375], [119.65625762939453]]}