{"plat_x": 0.20369525253772736, "plat_y": 0.8360998630523682, "plat_z": -0.1179211363196373, "EE_x": 0.22585751116275787, "EE_y": 0.9467814564704895, "EE_z": -0.08671117573976517, "p_zero": [-0.005162492394447327, 0.12702172994613647, 0.004828847944736481], "motor_control": [[-1059.2801513671875], [752.2847900390625]]}