{"plat_x": 0.20366455614566803, "plat_y": 0.8360880613327026, "plat_z": -0.11789673566818237, "EE_x": 0.20480701327323914, "EE_y": 0.9586225748062134, "EE_z": -0.12376061081886292, "p_zero": [-0.009404316544532776, 0.12679535150527954, 0.0020660609006881714], "motor_control": [[-249.97613525390625], [-279.0125732421875]]}