{"plat_x": 0.20369599759578705, "plat_y": 0.8360959887504578, "plat_z": -0.11794266849756241, "EE_x": 0.1914784461259842, "EE_y": 0.9613989591598511, "EE_z": -0.10775373876094818, "p_zero": [-0.005162492394447327, 0.12702172994613647, 0.004828847944736481], "motor_control": [[108.20337677001953], [173.4895477294922]]}