{"plat_x": 0.20365580916404724, "plat_y": 0.8360839486122131, "plat_z": -0.11790178716182709, "EE_x": 0.20384635031223297, "EE_y": 0.9612284302711487, "EE_z": -0.10886309295892715, "p_zero": [-0.009404316544532776, 0.12679535150527954, 0.0020660609006881714], "motor_control": [[-194.7854461669922], [141.70281982421875]]}