{"plat_x": 0.20368485152721405, "plat_y": 0.8361038565635681, "plat_z": -0.1179058849811554, "EE_x": 0.21238672733306885, "EE_y": 0.9480878114700317, "EE_z": -0.141025573015213, "p_zero": [-0.009404316544532776, 0.12679535150527954, 0.0020660609006881714], "motor_control": [[-362.6347351074219], [-971.7115478515625]]}