{"plat_x": 0.20368830859661102, "plat_y": 0.8360642194747925, "plat_z": -0.11793410032987595, "EE_x": 0.18222583830356598, "EE_y": 0.9591166377067566, "EE_z": -0.11602034419775009, "p_zero": [-0.005162492394447327, 0.12702172994613647, 0.004828847944736481], "motor_control": [[444.1378479003906], [-18.45309066772461]]}