{"plat_x": 0.2036774456501007, "plat_y": 0.8360755443572998, "plat_z": -0.11789895594120026, "EE_x": 0.203129380941391, "EE_y": 0.9491900205612183, "EE_z": -0.14491233229637146, "p_zero": [-0.009404316544532776, 0.12679535150527954, 0.0020660609006881714], "motor_control": [[-28.405290603637695], [-965.39111328125]]}