{"plat_x": 0.20367269217967987, "plat_y": 0.8360810279846191, "plat_z": -0.11791872978210449, "EE_x": 0.1820739060640335, "EE_y": 0.9585273861885071, "EE_z": -0.11080629378557205, "p_zero": [-0.005162492394447327, 0.12702172994613647, 0.004828847944736481], "motor_control": [[512.8430786132812], [100.34705352783203]]}