{"plat_x": 0.2035660445690155, "plat_y": 0.8359238505363464, "plat_z": -0.11778156459331512, "EE_x": 0.19150091707706451, "EE_y": 0.9330416917800903, "EE_z": -0.1561087816953659, "p_zero": [-0.006122037768363953, 0.1271175742149353, 0.004081927239894867], "motor_control": [[713.3430786132812], [-1701.876953125]]}