{"plat_x": 0.20369474589824677, "plat_y": 0.8360645771026611, "plat_z": -0.11794165521860123, "EE_x": 0.19676560163497925, "EE_y": 0.9623833298683167, "EE_z": -0.11634010821580887, "p_zero": [-0.005162492394447327, 0.12702172994613647, 0.004828847944736481], "motor_control": [[48.10258483886719], [7.33203649520874]]}