{"plat_x": 0.20368097722530365, "plat_y": 0.8360778093338013, "plat_z": -0.11790607869625092, "EE_x": 0.2138364613056183, "EE_y": 0.9562540054321289, "EE_z": -0.09589648991823196, "p_zero": [-0.009404316544532776, 0.12679535150527954, 0.0020660609006881714], "motor_control": [[-529.2721557617188], [379.24420166015625]]}