{"plat_x": 0.20368362963199615, "plat_y": 0.8360689878463745, "plat_z": -0.11793221533298492, "EE_x": 0.18750952184200287, "EE_y": 0.9417017102241516, "EE_z": -0.06212460249662399, "p_zero": [-0.005162492394447327, 0.12702172994613647, 0.004828847944736481], "motor_control": [[104.2562026977539], [1509.7235107421875]]}