{"plat_x": 0.20367591083049774, "plat_y": 0.8360767364501953, "plat_z": -0.11792919784784317, "EE_x": 0.14778587222099304, "EE_y": 0.9326687455177307, "EE_z": -0.10223206132650375, "p_zero": [-0.005162492394447327, 0.12702172994613647, 0.004828847944736481], "motor_control": [[1895.43994140625], [533.3961791992188]]}