{"plat_x": 0.20367442071437836, "plat_y": 0.8360786437988281, "plat_z": -0.11792825907468796, "EE_x": 0.15082627534866333, "EE_y": 0.9379405975341797, "EE_z": -0.10833313316106796, "p_zero": [-0.005162492394447327, 0.12702172994613647, 0.004828847944736481], "motor_control": [[1687.0750732421875], [272.30499267578125]]}