{"plat_x": 0.20367269217967987, "plat_y": 0.8360727429389954, "plat_z": -0.11789491027593613, "EE_x": 0.2048698365688324, "EE_y": 0.941943883895874, "EE_z": -0.15422825515270233, "p_zero": [-0.009404316544532776, 0.12679535150527954, 0.0020660609006881714], "motor_control": [[-15.068140983581543], [-1313.6075439453125]]}