{"plat_x": 0.2035672813653946, "plat_y": 0.8359237313270569, "plat_z": -0.11778635531663895, "EE_x": 0.19504018127918243, "EE_y": 0.962275505065918, "EE_z": -0.10929494351148605, "p_zero": [-0.006122037768363953, 0.1271175742149353, 0.004081927239894867], "motor_control": [[55.94681930541992], [125.99916076660156]]}