{"plat_x": 0.20356272161006927, "plat_y": 0.8359256386756897, "plat_z": -0.11777593940496445, "EE_x": 0.183765709400177, "EE_y": 0.9539505243301392, "EE_z": -0.08675451576709747, "p_zero": [-0.006122037768363953, 0.1271175742149353, 0.004081927239894867], "motor_control": [[449.75469970703125], [687.4848022460938]]}