{"plat_x": 0.2035650908946991, "plat_y": 0.8359266519546509, "plat_z": -0.11777318269014359, "EE_x": 0.22434449195861816, "EE_y": 0.9466404914855957, "EE_z": -0.08286938071250916, "p_zero": [-0.006122037768363953, 0.1271175742149353, 0.004081927239894867], "motor_control": [[-975.172607421875], [815.1719970703125]]}