{"plat_x": 0.20368795096874237, "plat_y": 0.8360693454742432, "plat_z": -0.117942214012146, "EE_x": 0.19330425560474396, "EE_y": 0.9431794285774231, "EE_z": -0.1471514254808426, "p_zero": [-0.005162492394447327, 0.12702172994613647, 0.004828847944736481], "motor_control": [[532.1207885742188], [-1250.3555908203125]]}