{"plat_x": 0.20366322994232178, "plat_y": 0.8360886573791504, "plat_z": -0.11789610236883163, "EE_x": 0.2076060026884079, "EE_y": 0.9594516754150391, "EE_z": -0.10390578210353851, "p_zero": [-0.009404316544532776, 0.12679535150527954, 0.0020660609006881714], "motor_control": [[-368.964599609375], [236.15921020507812]]}