{"plat_x": 0.20356430113315582, "plat_y": 0.8359254598617554, "plat_z": -0.117774099111557, "EE_x": 0.1964135766029358, "EE_y": 0.9605445265769958, "EE_z": -0.10159745067358017, "p_zero": [-0.006122037768363953, 0.1271175742149353, 0.004081927239894867], "motor_control": [[-115.96728515625], [309.2254943847656]]}