{"plat_x": 0.2036828249692917, "plat_y": 0.8361012935638428, "plat_z": -0.11790204793214798, "EE_x": 0.22424328327178955, "EE_y": 0.9444557428359985, "EE_z": -0.13502947986125946, "p_zero": [-0.009404316544532776, 0.12679535150527954, 0.0020660609006881714], "motor_control": [[-899.3184204101562], [-981.3650512695312]]}