{"plat_x": 0.2035629153251648, "plat_y": 0.8359273672103882, "plat_z": -0.11777643859386444, "EE_x": 0.2124510109424591, "EE_y": 0.9394242167472839, "EE_z": -0.15100646018981934, "p_zero": [-0.006122037768363953, 0.1271175742149353, 0.004081927239894867], "motor_control": [[-463.5529479980469], [-1406.0262451171875]]}