{"plat_x": 0.2036733478307724, "plat_y": 0.8361014127731323, "plat_z": -0.11789669841527939, "EE_x": 0.17408567667007446, "EE_y": 0.9440217018127441, "EE_z": -0.13563644886016846, "p_zero": [-0.009404316544532776, 0.12679535150527954, 0.0020660609006881714], "motor_control": [[1071.66845703125], [-871.1066284179688]]}