{"plat_x": 0.20368631184101105, "plat_y": 0.8361034393310547, "plat_z": -0.1178976520895958, "EE_x": 0.2486812174320221, "EE_y": 0.9332734942436218, "EE_z": -0.11222389340400696, "p_zero": [-0.009404316544532776, 0.12679535150527954, 0.0020660609006881714], "motor_control": [[-1807.7401123046875], [-573.9563598632812]]}