{"plat_x": 0.2036752849817276, "plat_y": 0.8360990881919861, "plat_z": -0.11789795756340027, "EE_x": 0.1927109807729721, "EE_y": 0.9623262882232666, "EE_z": -0.11629363149404526, "p_zero": [-0.009404316544532776, 0.12679535150527954, 0.0020660609006881714], "motor_control": [[-16.685949325561523], [-9.353336334228516]]}