{"plat_x": 0.20356830954551697, "plat_y": 0.8359222412109375, "plat_z": -0.11778312921524048, "EE_x": 0.15916496515274048, "EE_y": 0.9365258812904358, "EE_z": -0.08453669399023056, "p_zero": [-0.006122037768363953, 0.1271175742149353, 0.004081927239894867], "motor_control": [[1503.7529296875], [1093.3883056640625]]}