{"plat_x": 0.20367732644081116, "plat_y": 0.8361020088195801, "plat_z": -0.11789321899414062, "EE_x": 0.16816939413547516, "EE_y": 0.9391179084777832, "EE_z": -0.07639593631029129, "p_zero": [-0.009404316544532776, 0.12679535150527954, 0.0020660609006881714], "motor_control": [[1129.73486328125], [1296.6248779296875]]}