{"plat_x": 0.20368489623069763, "plat_y": 0.8360735774040222, "plat_z": -0.1179407387971878, "EE_x": 0.20245274901390076, "EE_y": 0.9571424126625061, "EE_z": -0.12936247885227203, "p_zero": [-0.005162492394447327, 0.12702172994613647, 0.004828847944736481], "motor_control": [[-128.580322265625], [-503.0439758300781]]}