{"plat_x": 0.2036849409341812, "plat_y": 0.8360559940338135, "plat_z": -0.11794114112854004, "EE_x": 0.2033940851688385, "EE_y": 0.9442732930183411, "EE_z": -0.15088939666748047, "p_zero": [-0.005162492394447327, 0.12702172994613647, 0.004828847944736481], "motor_control": [[-47.65440368652344], [-1230.8836669921875]]}