{"plat_x": 0.20367370545864105, "plat_y": 0.836076021194458, "plat_z": -0.11789784580469131, "EE_x": 0.1507786363363266, "EE_y": 0.9390540719032288, "EE_z": -0.11391296982765198, "p_zero": [-0.009404316544532776, 0.12679535150527954, 0.0020660609006881714], "motor_control": [[1657.9876708984375], [55.67230987548828]]}