{"plat_x": 0.20370472967624664, "plat_y": 0.8360726237297058, "plat_z": -0.11795193701982498, "EE_x": 0.2410976141691208, "EE_y": 0.9370860457420349, "EE_z": -0.12251713126897812, "p_zero": [-0.005162492394447327, 0.12702172994613647, 0.004828847944736481], "motor_control": [[-1506.7054443359375], [-869.4656982421875]]}