{"plat_x": 0.20368410646915436, "plat_y": 0.8360680341720581, "plat_z": -0.11792415380477905, "EE_x": 0.19327643513679504, "EE_y": 0.9478486776351929, "EE_z": -0.14440298080444336, "p_zero": [-0.005162492394447327, 0.12702172994613647, 0.004828847944736481], "motor_control": [[328.7818603515625], [-979.7691040039062]]}