{"plat_x": 0.2036912739276886, "plat_y": 0.8360759615898132, "plat_z": -0.11794643104076385, "EE_x": 0.15195471048355103, "EE_y": 0.9365260004997253, "EE_z": -0.11977621912956238, "p_zero": [-0.005162492394447327, 0.12702172994613647, 0.004828847944736481], "motor_control": [[1753.04345703125], [-314.1393127441406]]}