{"plat_x": 0.20370487868785858, "plat_y": 0.8361008763313293, "plat_z": -0.11794798821210861, "EE_x": 0.18684081733226776, "EE_y": 0.9418531060218811, "EE_z": -0.06328406184911728, "p_zero": [-0.005162492394447327, 0.12702172994613647, 0.004828847944736481], "motor_control": [[203.49896240234375], [1491.76953125]]}