{"plat_x": 0.2035675197839737, "plat_y": 0.8359278440475464, "plat_z": -0.11777681112289429, "EE_x": 0.25091519951820374, "EE_y": 0.9335276484489441, "EE_z": -0.1033882275223732, "p_zero": [-0.006122037768363953, 0.1271175742149353, 0.004081927239894867], "motor_control": [[-1830.4163818359375], [-166.1727752685547]]}