{"plat_x": 0.20366410911083221, "plat_y": 0.8360844254493713, "plat_z": -0.11790134012699127, "EE_x": 0.19480572640895844, "EE_y": 0.9522583484649658, "EE_z": -0.13766470551490784, "p_zero": [-0.009404316544532776, 0.12679535150527954, 0.0020660609006881714], "motor_control": [[342.9033203125], [-737.1777954101562]]}