{"plat_x": 0.2035662978887558, "plat_y": 0.835921585559845, "plat_z": -0.11779031157493591, "EE_x": 0.2033553123474121, "EE_y": 0.9605993628501892, "EE_z": -0.10332953184843063, "p_zero": [-0.006122037768363953, 0.1271175742149353, 0.004081927239894867], "motor_control": [[-245.18336486816406], [212.80908203125]]}