{"plat_x": 0.20369713008403778, "plat_y": 0.8360663652420044, "plat_z": -0.11794519424438477, "EE_x": 0.24309296905994415, "EE_y": 0.9423128962516785, "EE_z": -0.1004079207777977, "p_zero": [-0.005162492394447327, 0.12702172994613647, 0.004828847944736481], "motor_control": [[-1436.7471923828125], [75.8468017578125]]}