{"plat_x": 0.20356924831867218, "plat_y": 0.8359255194664001, "plat_z": -0.117789626121521, "EE_x": 0.1783405840396881, "EE_y": 0.9506224393844604, "EE_z": -0.08672970533370972, "p_zero": [-0.006122037768363953, 0.1271175742149353, 0.004081927239894867], "motor_control": [[706.625244140625], [821.3546752929688]]}