{"plat_x": 0.20356214046478271, "plat_y": 0.8359223008155823, "plat_z": -0.11778078973293304, "EE_x": 0.18347126245498657, "EE_y": 0.9544622898101807, "EE_z": -0.08953052014112473, "p_zero": [-0.006122037768363953, 0.1271175742149353, 0.004081927239894867], "motor_control": [[467.7576904296875], [640.1616821289062]]}