{"plat_x": 0.20356692373752594, "plat_y": 0.8359267711639404, "plat_z": -0.11777779459953308, "EE_x": 0.19611680507659912, "EE_y": 0.9555610418319702, "EE_z": -0.08348871767520905, "p_zero": [-0.006122037768363953, 0.1271175742149353, 0.004081927239894867], "motor_control": [[-110.47373962402344], [720.9100952148438]]}