{"plat_x": 0.2036941647529602, "plat_y": 0.836066722869873, "plat_z": -0.11794643104076385, "EE_x": 0.1839718222618103, "EE_y": 0.9566976428031921, "EE_z": -0.09398594498634338, "p_zero": [-0.005162492394447327, 0.12702172994613647, 0.004828847944736481], "motor_control": [[378.1457214355469], [495.43115234375]]}