{"plat_x": 0.2035658359527588, "plat_y": 0.8359243869781494, "plat_z": -0.11778193712234497, "EE_x": 0.18756040930747986, "EE_y": 0.9603331685066223, "EE_z": -0.11343862861394882, "p_zero": [-0.006122037768363953, 0.1271175742149353, 0.004081927239894867], "motor_control": [[341.9873352050781], [30.724191665649414]]}