{"plat_x": 0.20367680490016937, "plat_y": 0.8361031413078308, "plat_z": -0.11789727956056595, "EE_x": 0.1500941812992096, "EE_y": 0.9368404150009155, "EE_z": -0.10485098510980606, "p_zero": [-0.009404316544532776, 0.12679535150527954, 0.0020660609006881714], "motor_control": [[1706.3519287109375], [387.952880859375]]}