{"plat_x": 0.2036966234445572, "plat_y": 0.83609938621521, "plat_z": -0.11793355643749237, "EE_x": 0.2542484998703003, "EE_y": 0.9302512407302856, "EE_z": -0.10192646086215973, "p_zero": [-0.005162492394447327, 0.12702172994613647, 0.004828847944736481], "motor_control": [[-1961.8443603515625], [91.25570678710938]]}