{"plat_x": 0.20368894934654236, "plat_y": 0.8360640406608582, "plat_z": -0.11793878674507141, "EE_x": 0.19902227818965912, "EE_y": 0.9544907212257385, "EE_z": -0.08169587701559067, "p_zero": [-0.005162492394447327, 0.12702172994613647, 0.004828847944736481], "motor_control": [[-189.3475799560547], [790.0970458984375]]}