{"plat_x": 0.2035674899816513, "plat_y": 0.8359216451644897, "plat_z": -0.11778101325035095, "EE_x": 0.21486009657382965, "EE_y": 0.9541438221931458, "EE_z": -0.09007208049297333, "p_zero": [-0.006122037768363953, 0.1271175742149353, 0.004081927239894867], "motor_control": [[-599.4822998046875], [506.8750915527344]]}