{"plat_x": 0.20367644727230072, "plat_y": 0.8360821604728699, "plat_z": -0.11792993545532227, "EE_x": 0.21651045978069305, "EE_y": 0.9561113715171814, "EE_z": -0.09834608435630798, "p_zero": [-0.005162492394447327, 0.12702172994613647, 0.004828847944736481], "motor_control": [[-604.5263671875], [271.3551025390625]]}