{"plat_x": 0.20368532836437225, "plat_y": 0.8360599875450134, "plat_z": -0.11794149875640869, "EE_x": 0.24570581316947937, "EE_y": 0.9324197173118591, "EE_z": -0.0881752073764801, "p_zero": [-0.005162492394447327, 0.12702172994613647, 0.004828847944736481], "motor_control": [[-1775.30419921875], [710.1837158203125]]}