{"plat_x": 0.20369423925876617, "plat_y": 0.8360718488693237, "plat_z": -0.1179436519742012, "EE_x": 0.21455103158950806, "EE_y": 0.9524659514427185, "EE_z": -0.08609393239021301, "p_zero": [-0.005162492394447327, 0.12702172994613647, 0.004828847944736481], "motor_control": [[-663.5468139648438], [616.8768920898438]]}