{"plat_x": 0.20368994772434235, "plat_y": 0.836083173751831, "plat_z": -0.11792898178100586, "EE_x": 0.21027229726314545, "EE_y": 0.9556257724761963, "EE_z": -0.1290827840566635, "p_zero": [-0.005162492394447327, 0.12702172994613647, 0.004828847944736481], "motor_control": [[-294.7463684082031], [-519.0199584960938]]}