{"plat_x": 0.20366446673870087, "plat_y": 0.8360862731933594, "plat_z": -0.11789737641811371, "EE_x": 0.21168792247772217, "EE_y": 0.9574918746948242, "EE_z": -0.10110853612422943, "p_zero": [-0.009404316544532776, 0.12679535150527954, 0.0020660609006881714], "motor_control": [[-516.6085205078125], [289.9404602050781]]}