{"plat_x": 0.20355933904647827, "plat_y": 0.8359241485595703, "plat_z": -0.11777405440807343, "EE_x": 0.17888258397579193, "EE_y": 0.9416245818138123, "EE_z": -0.1408349722623825, "p_zero": [-0.006122037768363953, 0.1271175742149353, 0.004081927239894867], "motor_control": [[1044.7264404296875], [-1119.4517822265625]]}