{"plat_x": 0.20356974005699158, "plat_y": 0.8359243869781494, "plat_z": -0.11778898537158966, "EE_x": 0.20336197316646576, "EE_y": 0.9303210377693176, "EE_z": -0.16193032264709473, "p_zero": [-0.006122037768363953, 0.1271175742149353, 0.004081927239894867], "motor_control": [[186.9144287109375], [-1867.66259765625]]}