{"plat_x": 0.2035648673772812, "plat_y": 0.8359265923500061, "plat_z": -0.11777851730585098, "EE_x": 0.18312294781208038, "EE_y": 0.9573022723197937, "EE_z": -0.10032343119382858, "p_zero": [-0.006122037768363953, 0.1271175742149353, 0.004081927239894867], "motor_control": [[464.6222839355469], [343.2324523925781]]}