{"plat_x": 0.2036825269460678, "plat_y": 0.8360756039619446, "plat_z": -0.11790493130683899, "EE_x": 0.2135678231716156, "EE_y": 0.9496451020240784, "EE_z": -0.1362392157316208, "p_zero": [-0.009404316544532776, 0.12679535150527954, 0.0020660609006881714], "motor_control": [[-464.7543640136719], [-872.254638671875]]}