{"plat_x": 0.20367826521396637, "plat_y": 0.8360652327537537, "plat_z": -0.11792051792144775, "EE_x": 0.18459798395633698, "EE_y": 0.9579874873161316, "EE_z": -0.09686335921287537, "p_zero": [-0.005162492394447327, 0.12702172994613647, 0.004828847944736481], "motor_control": [[277.346923828125], [423.16619873046875]]}