{"plat_x": 0.20356792211532593, "plat_y": 0.8359254598617554, "plat_z": -0.11778510361909866, "EE_x": 0.2319888174533844, "EE_y": 0.946269154548645, "EE_z": -0.11995065212249756, "p_zero": [-0.006122037768363953, 0.1271175742149353, 0.004081927239894867], "motor_control": [[-1082.6365966796875], [-603.8007202148438]]}