{"plat_x": 0.2036922127008438, "plat_y": 0.8361020684242249, "plat_z": -0.11793024092912674, "EE_x": 0.20130719244480133, "EE_y": 0.961141049861908, "EE_z": -0.12020987272262573, "p_zero": [-0.005162492394447327, 0.12702172994613647, 0.004828847944736481], "motor_control": [[-88.48741912841797], [-156.87539672851562]]}