{"plat_x": 0.2036704570055008, "plat_y": 0.8360716104507446, "plat_z": -0.1178998202085495, "EE_x": 0.19198296964168549, "EE_y": 0.9611153602600098, "EE_z": -0.11083627492189407, "p_zero": [-0.009404316544532776, 0.12679535150527954, 0.0020660609006881714], "motor_control": [[206.2120361328125], [109.13951110839844]]}