{"plat_x": 0.20356343686580658, "plat_y": 0.8359279036521912, "plat_z": -0.11778012663125992, "EE_x": 0.1881604641675949, "EE_y": 0.9308866858482361, "EE_z": -0.15636610984802246, "p_zero": [-0.006122037768363953, 0.1271175742149353, 0.004081927239894867], "motor_control": [[824.6620483398438], [-1749.912841796875]]}