{"plat_x": 0.20356512069702148, "plat_y": 0.8359218835830688, "plat_z": -0.11778365820646286, "EE_x": 0.19178743660449982, "EE_y": 0.9603825807571411, "EE_z": -0.09957361966371536, "p_zero": [-0.006122037768363953, 0.1271175742149353, 0.004081927239894867], "motor_control": [[37.816200256347656], [360.8246154785156]]}