{"plat_x": 0.20368777215480804, "plat_y": 0.8360661268234253, "plat_z": -0.11793054640293121, "EE_x": 0.24210335314273834, "EE_y": 0.9413825273513794, "EE_z": -0.10941964387893677, "p_zero": [-0.005162492394447327, 0.12702172994613647, 0.004828847944736481], "motor_control": [[-1456.12060546875], [-362.54376220703125]]}