{"plat_x": 0.20369213819503784, "plat_y": 0.8360735774040222, "plat_z": -0.11794007569551468, "EE_x": 0.19309104979038239, "EE_y": 0.9575610160827637, "EE_z": -0.08909446001052856, "p_zero": [-0.005162492394447327, 0.12702172994613647, 0.004828847944736481], "motor_control": [[88.03617095947266], [598.0990600585938]]}