{"plat_x": 0.20356521010398865, "plat_y": 0.835925817489624, "plat_z": -0.11777707934379578, "EE_x": 0.21493272483348846, "EE_y": 0.9511359333992004, "EE_z": -0.08470196276903152, "p_zero": [-0.006122037768363953, 0.1271175742149353, 0.004081927239894867], "motor_control": [[-698.4525146484375], [741.5387573242188]]}