{"plat_x": 0.20367968082427979, "plat_y": 0.8360814452171326, "plat_z": -0.1179400384426117, "EE_x": 0.21252109110355377, "EE_y": 0.956706702709198, "EE_z": -0.12055204808712006, "p_zero": [-0.005162492394447327, 0.12702172994613647, 0.004828847944736481], "motor_control": [[-433.65802001953125], [-383.6780090332031]]}