{"plat_x": 0.20367427170276642, "plat_y": 0.8361015319824219, "plat_z": -0.11789799481630325, "EE_x": 0.17500010132789612, "EE_y": 0.9398181438446045, "EE_z": -0.14127479493618011, "p_zero": [-0.009404316544532776, 0.12679535150527954, 0.0020660609006881714], "motor_control": [[1144.4940185546875], [-1124.386962890625]]}