{"plat_x": 0.20366637408733368, "plat_y": 0.8360608220100403, "plat_z": -0.11790844053030014, "EE_x": 0.19218875467777252, "EE_y": 0.9542365074157715, "EE_z": -0.08054614067077637, "p_zero": [-0.005162492394447327, 0.12702172994613647, 0.004828847944736481], "motor_control": [[-68.77845764160156], [831.1788330078125]]}