{"plat_x": 0.20369853079319, "plat_y": 0.836085319519043, "plat_z": -0.11795147508382797, "EE_x": 0.1834721565246582, "EE_y": 0.9531445503234863, "EE_z": -0.08438669890165329, "p_zero": [-0.005162492394447327, 0.12702172994613647, 0.004828847944736481], "motor_control": [[395.00177001953125], [783.6178588867188]]}