{"plat_x": 0.2036847323179245, "plat_y": 0.8360939025878906, "plat_z": -0.11791270971298218, "EE_x": 0.17535589635372162, "EE_y": 0.9474012851715088, "EE_z": -0.1317664235830307, "p_zero": [-0.005162492394447327, 0.12702172994613647, 0.004828847944736481], "motor_control": [[961.4780883789062], [-700.9890747070312]]}