{"plat_x": 0.20367203652858734, "plat_y": 0.836085855960846, "plat_z": -0.1179041713476181, "EE_x": 0.14762142300605774, "EE_y": 0.9321195483207703, "EE_z": -0.10222404450178146, "p_zero": [-0.009404316544532776, 0.12679535150527954, 0.0020660609006881714], "motor_control": [[1918.2861328125], [562.0830688476562]]}