{"plat_x": 0.2036983221769333, "plat_y": 0.8360739350318909, "plat_z": -0.11794579774141312, "EE_x": 0.24364948272705078, "EE_y": 0.9419488906860352, "EE_z": -0.10427173227071762, "p_zero": [-0.005162492394447327, 0.12702172994613647, 0.004828847944736481], "motor_control": [[-1463.5714111328125], [-82.7036361694336]]}