{"plat_x": 0.2036905139684677, "plat_y": 0.8360758423805237, "plat_z": -0.11794933676719666, "EE_x": 0.19195333123207092, "EE_y": 0.9419277310371399, "EE_z": -0.0625595897436142, "p_zero": [-0.005162492394447327, 0.12702172994613647, 0.004828847944736481], "motor_control": [[-116.5216293334961], [1540.891357421875]]}