{"plat_x": 0.20368151366710663, "plat_y": 0.83608078956604, "plat_z": -0.11790341138839722, "EE_x": 0.2495868057012558, "EE_y": 0.9361117482185364, "EE_z": -0.10146786272525787, "p_zero": [-0.009404316544532776, 0.12679535150527954, 0.0020660609006881714], "motor_control": [[-1733.935791015625], [53.024078369140625]]}