{"plat_x": 0.20367734134197235, "plat_y": 0.8360798358917236, "plat_z": -0.11792021989822388, "EE_x": 0.19513514637947083, "EE_y": 0.9623012542724609, "EE_z": -0.11162039637565613, "p_zero": [-0.005162492394447327, 0.12702172994613647, 0.004828847944736481], "motor_control": [[-53.16645431518555], [86.30266571044922]]}