{"plat_x": 0.2036745399236679, "plat_y": 0.8360601663589478, "plat_z": -0.11792315542697906, "EE_x": 0.23101027309894562, "EE_y": 0.9355099201202393, "EE_z": -0.07497216761112213, "p_zero": [-0.005162492394447327, 0.12702172994613647, 0.004828847944736481], "motor_control": [[-1423.596435546875], [1214.5279541015625]]}