{"plat_x": 0.20368091762065887, "plat_y": 0.836076557636261, "plat_z": -0.11792434006929398, "EE_x": 0.19826127588748932, "EE_y": 0.9436033368110657, "EE_z": -0.06519699841737747, "p_zero": [-0.005162492394447327, 0.12702172994613647, 0.004828847944736481], "motor_control": [[-270.60888671875], [1428.0631103515625]]}