{"plat_x": 0.20368744432926178, "plat_y": 0.8360898494720459, "plat_z": -0.11789638549089432, "EE_x": 0.2322322279214859, "EE_y": 0.9403232336044312, "EE_z": -0.08269073069095612, "p_zero": [-0.009404316544532776, 0.12679535150527954, 0.0020660609006881714], "motor_control": [[-1355.9613037109375], [924.1553955078125]]}