{"plat_x": 0.20366854965686798, "plat_y": 0.8360804915428162, "plat_z": -0.11789601296186447, "EE_x": 0.1769258826971054, "EE_y": 0.9377729892730713, "EE_z": -0.1454765498638153, "p_zero": [-0.009404316544532776, 0.12679535150527954, 0.0020660609006881714], "motor_control": [[1110.5269775390625], [-1260.51708984375]]}