{"plat_x": 0.20367862284183502, "plat_y": 0.8360543251037598, "plat_z": -0.11792314052581787, "EE_x": 0.20623625814914703, "EE_y": 0.9605544209480286, "EE_z": -0.11084439605474472, "p_zero": [-0.005162492394447327, 0.12702172994613647, 0.004828847944736481], "motor_control": [[-303.80322265625], [91.57672882080078]]}