{"plat_x": 0.2035662978887558, "plat_y": 0.8359231948852539, "plat_z": -0.11778734624385834, "EE_x": 0.20424608886241913, "EE_y": 0.9581134915351868, "EE_z": -0.1264657974243164, "p_zero": [-0.006122037768363953, 0.1271175742149353, 0.004081927239894867], "motor_control": [[-133.25787353515625], [-407.41082763671875]]}