{"plat_x": 0.203650563955307, "plat_y": 0.8360710144042969, "plat_z": -0.11789639294147491, "EE_x": 0.1769658327102661, "EE_y": 0.9411318898200989, "EE_z": -0.07052920758724213, "p_zero": [-0.009404316544532776, 0.12679535150527954, 0.0020660609006881714], "motor_control": [[727.05859375], [1403.8673095703125]]}