{"plat_x": 0.20356447994709015, "plat_y": 0.8359249830245972, "plat_z": -0.11778466403484344, "EE_x": 0.2021181434392929, "EE_y": 0.9468514323234558, "EE_z": -0.14600342512130737, "p_zero": [-0.006122037768363953, 0.1271175742149353, 0.004081927239894867], "motor_control": [[185.3375244140625], [-1088.0499267578125]]}