{"plat_x": 0.20356668531894684, "plat_y": 0.8359219431877136, "plat_z": -0.11778242886066437, "EE_x": 0.1874968558549881, "EE_y": 0.9608017802238464, "EE_z": -0.11255490034818649, "p_zero": [-0.006122037768363953, 0.1271175742149353, 0.004081927239894867], "motor_control": [[229.03164672851562], [74.2578125]]}