{"plat_x": 0.2036750763654709, "plat_y": 0.8360800743103027, "plat_z": -0.11789597570896149, "EE_x": 0.24900148808956146, "EE_y": 0.9339995980262756, "EE_z": -0.11174800246953964, "p_zero": [-0.009404316544532776, 0.12679535150527954, 0.0020660609006881714], "motor_control": [[-1775.0526123046875], [-448.41790771484375]]}