{"plat_x": 0.20369119942188263, "plat_y": 0.8360521793365479, "plat_z": -0.11794211715459824, "EE_x": 0.19579151272773743, "EE_y": 0.9603830575942993, "EE_z": -0.0992046669125557, "p_zero": [-0.005162492394447327, 0.12702172994613647, 0.004828847944736481], "motor_control": [[81.7039566040039], [347.2629089355469]]}