{"plat_x": 0.2035674899816513, "plat_y": 0.8359289765357971, "plat_z": -0.11777681112289429, "EE_x": 0.24281616508960724, "EE_y": 0.9353334903717041, "EE_z": -0.08848778158426285, "p_zero": [-0.006122037768363953, 0.1271175742149353, 0.004081927239894867], "motor_control": [[-1649.91455078125], [686.5203247070312]]}