{"plat_x": 0.20356297492980957, "plat_y": 0.8359211683273315, "plat_z": -0.11778222769498825, "EE_x": 0.20630019903182983, "EE_y": 0.9344670176506042, "EE_z": -0.1573837399482727, "p_zero": [-0.006122037768363953, 0.1271175742149353, 0.004081927239894867], "motor_control": [[-332.10772705078125], [-1695.1439208984375]]}