{"plat_x": 0.20356273651123047, "plat_y": 0.8359282612800598, "plat_z": -0.117775559425354, "EE_x": 0.2337457239627838, "EE_y": 0.9396529197692871, "EE_z": -0.13142378628253937, "p_zero": [-0.006122037768363953, 0.1271175742149353, 0.004081927239894867], "motor_control": [[-1197.9102783203125], [-1017.1443481445312]]}