{"plat_x": 0.20367223024368286, "plat_y": 0.8360961675643921, "plat_z": -0.11789353936910629, "EE_x": 0.2357926368713379, "EE_y": 0.9371251463890076, "EE_z": -0.0816914364695549, "p_zero": [-0.009404316544532776, 0.12679535150527954, 0.0020660609006881714], "motor_control": [[-1491.0203857421875], [966.8089599609375]]}