{"plat_x": 0.20367734134197235, "plat_y": 0.8360802531242371, "plat_z": -0.11791704595088959, "EE_x": 0.20581600069999695, "EE_y": 0.9440149664878845, "EE_z": -0.06676625460386276, "p_zero": [-0.005162492394447327, 0.12702172994613647, 0.004828847944736481], "motor_control": [[-395.0460205078125], [1347.837890625]]}