{"plat_x": 0.20356939733028412, "plat_y": 0.8359273672103882, "plat_z": -0.11778879165649414, "EE_x": 0.1830008625984192, "EE_y": 0.9563708901405334, "EE_z": -0.12283707410097122, "p_zero": [-0.006122037768363953, 0.1271175742149353, 0.004081927239894867], "motor_control": [[497.3695983886719], [-291.6018371582031]]}