{"plat_x": 0.20368073880672455, "plat_y": 0.8360846042633057, "plat_z": -0.1179160326719284, "EE_x": 0.19795946776866913, "EE_y": 0.9360883831977844, "EE_z": -0.056259796023368835, "p_zero": [-0.005162492394447327, 0.12702172994613647, 0.004828847944736481], "motor_control": [[-177.7449493408203], [1781.3526611328125]]}