{"plat_x": 0.2035687267780304, "plat_y": 0.8359203934669495, "plat_z": -0.11778594553470612, "EE_x": 0.20129233598709106, "EE_y": 0.9619887471199036, "EE_z": -0.11501414328813553, "p_zero": [-0.006122037768363953, 0.1271175742149353, 0.004081927239894867], "motor_control": [[-107.2093505859375], [-44.803043365478516]]}