{"plat_x": 0.2036939114332199, "plat_y": 0.8360721468925476, "plat_z": -0.11794906109571457, "EE_x": 0.19240635633468628, "EE_y": 0.9318128228187561, "EE_z": -0.16035521030426025, "p_zero": [-0.005162492394447327, 0.12702172994613647, 0.004828847944736481], "motor_control": [[450.7914733886719], [-1743.7364501953125]]}