{"plat_x": 0.20367279648780823, "plat_y": 0.8361014127731323, "plat_z": -0.11789700388908386, "EE_x": 0.18215534090995789, "EE_y": 0.9588345289230347, "EE_z": -0.10987264662981033, "p_zero": [-0.009404316544532776, 0.12679535150527954, 0.0020660609006881714], "motor_control": [[394.085693359375], [157.78125]]}