{"plat_x": 0.2036799192428589, "plat_y": 0.8360805511474609, "plat_z": -0.11791098117828369, "EE_x": 0.23835964500904083, "EE_y": 0.9342390298843384, "EE_z": -0.13143447041511536, "p_zero": [-0.009404316544532776, 0.12679535150527954, 0.0020660609006881714], "motor_control": [[-1474.621826171875], [-1142.40283203125]]}