{"plat_x": 0.20367878675460815, "plat_y": 0.8360668420791626, "plat_z": -0.11793693900108337, "EE_x": 0.24937660992145538, "EE_y": 0.9328827261924744, "EE_z": -0.11047866195440292, "p_zero": [-0.005162492394447327, 0.12702172994613647, 0.004828847944736481], "motor_control": [[-1828.97705078125], [-536.4421997070312]]}