{"plat_x": 0.20356516540050507, "plat_y": 0.8359207510948181, "plat_z": -0.11779129505157471, "EE_x": 0.16997775435447693, "EE_y": 0.945014476776123, "EE_z": -0.12965191900730133, "p_zero": [-0.006122037768363953, 0.1271175742149353, 0.004081927239894867], "motor_control": [[1158.29443359375], [-684.6117553710938]]}