{"plat_x": 0.20357297360897064, "plat_y": 0.8359202146530151, "plat_z": -0.11778739839792252, "EE_x": 0.1622384935617447, "EE_y": 0.9416733384132385, "EE_z": -0.08878045529127121, "p_zero": [-0.006122037768363953, 0.1271175742149353, 0.004081927239894867], "motor_control": [[1330.302001953125], [868.3678588867188]]}