{"plat_x": 0.20367150008678436, "plat_y": 0.8360997438430786, "plat_z": -0.11790000647306442, "EE_x": 0.24254803359508514, "EE_y": 0.9433034062385559, "EE_z": -0.1064712405204773, "p_zero": [-0.009404316544532776, 0.12679535150527954, 0.0020660609006881714], "motor_control": [[-1417.6163330078125], [-8.99270248413086]]}