{"plat_x": 0.20369784533977509, "plat_y": 0.836101233959198, "plat_z": -0.11793696880340576, "EE_x": 0.18447764217853546, "EE_y": 0.9554189443588257, "EE_z": -0.08965466916561127, "p_zero": [-0.005162492394447327, 0.12702172994613647, 0.004828847944736481], "motor_control": [[421.8459167480469], [599.799072265625]]}