{"plat_x": 0.20356512069702148, "plat_y": 0.8359220027923584, "plat_z": -0.11778846383094788, "EE_x": 0.21400310099124908, "EE_y": 0.9490837454795837, "EE_z": -0.08039844036102295, "p_zero": [-0.006122037768363953, 0.1271175742149353, 0.004081927239894867], "motor_control": [[-736.7426147460938], [927.8768310546875]]}