{"plat_x": 0.20356786251068115, "plat_y": 0.8359228372573853, "plat_z": -0.11778581142425537, "EE_x": 0.17655549943447113, "EE_y": 0.9525955319404602, "EE_z": -0.0925637036561966, "p_zero": [-0.006122037768363953, 0.1271175742149353, 0.004081927239894867], "motor_control": [[722.7667236328125], [572.353759765625]]}