{"plat_x": 0.20356430113315582, "plat_y": 0.8359274864196777, "plat_z": -0.117777518928051, "EE_x": 0.21135477721691132, "EE_y": 0.956895112991333, "EE_z": -0.12380348891019821, "p_zero": [-0.006122037768363953, 0.1271175742149353, 0.004081927239894867], "motor_control": [[-301.3662109375], [-413.227294921875]]}