{"plat_x": 0.2036999613046646, "plat_y": 0.8360800743103027, "plat_z": -0.1179475486278534, "EE_x": 0.1857389658689499, "EE_y": 0.9559358954429626, "EE_z": -0.09276721626520157, "p_zero": [-0.005162492394447327, 0.12702172994613647, 0.004828847944736481], "motor_control": [[509.4813537597656], [513.0947265625]]}