{"plat_x": 0.20357005298137665, "plat_y": 0.835922122001648, "plat_z": -0.11778853833675385, "EE_x": 0.21052385866641998, "EE_y": 0.9602852463722229, "EE_z": -0.11326275765895844, "p_zero": [-0.006122037768363953, 0.1271175742149353, 0.004081927239894867], "motor_control": [[-296.45721435546875], [18.499141693115234]]}