{"plat_x": 0.20356614887714386, "plat_y": 0.835921049118042, "plat_z": -0.1177888810634613, "EE_x": 0.16336502134799957, "EE_y": 0.9377989768981934, "EE_z": -0.13143102824687958, "p_zero": [-0.006122037768363953, 0.1271175742149353, 0.004081927239894867], "motor_control": [[1542.2747802734375], [-882.4263305664062]]}