{"plat_x": 0.2036803811788559, "plat_y": 0.8361003398895264, "plat_z": -0.11789196729660034, "EE_x": 0.21086427569389343, "EE_y": 0.950432300567627, "EE_z": -0.07973357290029526, "p_zero": [-0.009404316544532776, 0.12679535150527954, 0.0020660609006881714], "motor_control": [[-551.390625], [947.2631225585938]]}