{"plat_x": 0.20356769859790802, "plat_y": 0.8359235525131226, "plat_z": -0.11778745800256729, "EE_x": 0.17471572756767273, "EE_y": 0.9515288472175598, "EE_z": -0.09091026335954666, "p_zero": [-0.006122037768363953, 0.1271175742149353, 0.004081927239894867], "motor_control": [[739.0183715820312], [643.61865234375]]}