{"plat_x": 0.20356382429599762, "plat_y": 0.8359252214431763, "plat_z": -0.11778316646814346, "EE_x": 0.16869470477104187, "EE_y": 0.9407831430435181, "EE_z": -0.13425886631011963, "p_zero": [-0.006122037768363953, 0.1271175742149353, 0.004081927239894867], "motor_control": [[1320.2371826171875], [-878.9463500976562]]}