{"plat_x": 0.20356225967407227, "plat_y": 0.8359302282333374, "plat_z": -0.11778184771537781, "EE_x": 0.22227109968662262, "EE_y": 0.9544299840927124, "EE_z": -0.11776863038539886, "p_zero": [-0.006122037768363953, 0.1271175742149353, 0.004081927239894867], "motor_control": [[-614.9484252929688], [-306.8305358886719]]}