{"plat_x": 0.20368535816669464, "plat_y": 0.8360719680786133, "plat_z": -0.11792965233325958, "EE_x": 0.1992325633764267, "EE_y": 0.960087776184082, "EE_z": -0.09656763821840286, "p_zero": [-0.005162492394447327, 0.12702172994613647, 0.004828847944736481], "motor_control": [[-90.79963684082031], [392.1546630859375]]}