{"plat_x": 0.20357151329517365, "plat_y": 0.8359225392341614, "plat_z": -0.1177886426448822, "EE_x": 0.19445645809173584, "EE_y": 0.9622312188148499, "EE_z": -0.11206468939781189, "p_zero": [-0.006122037768363953, 0.1271175742149353, 0.004081927239894867], "motor_control": [[-36.44239807128906], [77.21348571777344]]}