{"plat_x": 0.20357242226600647, "plat_y": 0.8359179496765137, "plat_z": -0.1177859902381897, "EE_x": 0.23927810788154602, "EE_y": 0.9418541193008423, "EE_z": -0.0925387591123581, "p_zero": [-0.006122037768363953, 0.1271175742149353, 0.004081927239894867], "motor_control": [[-1405.8846435546875], [364.81787109375]]}