{"plat_x": 0.20367531478405, "plat_y": 0.8361008763313293, "plat_z": -0.11789506673812866, "EE_x": 0.16667687892913818, "EE_y": 0.9405079483985901, "EE_z": -0.13284792006015778, "p_zero": [-0.009404316544532776, 0.12679535150527954, 0.0020660609006881714], "motor_control": [[1366.467529296875], [-842.5131225585938]]}