{"plat_x": 0.20356385409832, "plat_y": 0.8359249830245972, "plat_z": -0.11778512597084045, "EE_x": 0.18555721640586853, "EE_y": 0.9424601197242737, "EE_z": -0.14412082731723785, "p_zero": [-0.006122037768363953, 0.1271175742149353, 0.004081927239894867], "motor_control": [[814.98486328125], [-1186.1630859375]]}