{"plat_x": 0.20367658138275146, "plat_y": 0.8360702991485596, "plat_z": -0.1179230660200119, "EE_x": 0.17958639562129974, "EE_y": 0.9518932700157166, "EE_z": -0.12873613834381104, "p_zero": [-0.005162492394447327, 0.12702172994613647, 0.004828847944736481], "motor_control": [[756.2733154296875], [-509.73016357421875]]}