{"plat_x": 0.20368090271949768, "plat_y": 0.8360720872879028, "plat_z": -0.1178998202085495, "EE_x": 0.2177063524723053, "EE_y": 0.9564515352249146, "EE_z": -0.11931733787059784, "p_zero": [-0.009404316544532776, 0.12679535150527954, 0.0020660609006881714], "motor_control": [[-504.25714111328125], [-240.4110107421875]]}