{"plat_x": 0.2036849707365036, "plat_y": 0.8360689878463745, "plat_z": -0.11793027818202972, "EE_x": 0.2476712167263031, "EE_y": 0.9330163598060608, "EE_z": -0.09299404919147491, "p_zero": [-0.005162492394447327, 0.12702172994613647, 0.004828847944736481], "motor_control": [[-1803.95068359375], [527.981201171875]]}