{"plat_x": 0.20369774103164673, "plat_y": 0.8360706567764282, "plat_z": -0.11795347929000854, "EE_x": 0.19215600192546844, "EE_y": 0.9484069347381592, "EE_z": -0.13960760831832886, "p_zero": [-0.005162492394447327, 0.12702172994613647, 0.004828847944736481], "motor_control": [[541.3836669921875], [-962.9246215820312]]}