{"unlabeled_markers_list": [{"x": -0.2885327935218811, "y": 0.9380491375923157, "z": 0.5004149079322815}], "platform_markers_list": [{"x": -0.32085832953453064, "y": 0.8446581363677979, "z": 0.5490761995315552}, {"x": -0.31854191422462463, "y": 0.8445190787315369, "z": 0.4485592544078827}, {"x": -0.26929840445518494, "y": 0.8452345728874207, "z": 0.4972245693206787}, {"x": -0.36958184838294983, "y": 0.8433173298835754, "z": 0.4992483854293823}], "reference_markers_list": [], "ur_joints": [0.0, -1.5707963267948966, 1.5707963267948966, -1.5707963267948966, 1.5707963267948966, 0], "soro_actuation": [1189, 596, 239, 1287]}