{"unlabeled_markers_list": [{"x": -0.29066815972328186, "y": 0.9372093081474304, "z": 0.45942848920822144}], "platform_markers_list": [{"x": -0.32085683941841125, "y": 0.8446563482284546, "z": 0.5490780472755432}, {"x": -0.31855034828186035, "y": 0.8445200324058533, "z": 0.4485514163970947}, {"x": -0.2692534625530243, "y": 0.8452209830284119, "z": 0.49730122089385986}, {"x": -0.3695785105228424, "y": 0.8433244228363037, "z": 0.49923816323280334}], "reference_markers_list": [], "ur_joints": [0.0, -1.5707963267948966, 1.5707963267948966, -1.5707963267948966, 1.5707963267948966, 0], "soro_actuation": [14, 1197, 27, 1096]}