{"unlabeled_markers_list": [{"x": -0.3144373893737793, "y": 0.9383519887924194, "z": 0.5153424143791199}], "platform_markers_list": [{"x": -0.3208446502685547, "y": 0.8446556925773621, "z": 0.5490736961364746}, {"x": -0.3185553550720215, "y": 0.8445294499397278, "z": 0.4485520124435425}, {"x": -0.26929664611816406, "y": 0.8452310562133789, "z": 0.4972202777862549}, {"x": -0.36957257986068726, "y": 0.8433238863945007, "z": 0.4992406964302063}], "reference_markers_list": [], "ur_joints": [0.0, -1.5707963267948966, 1.5707963267948966, -1.5707963267948966, 1.5707963267948966, 0], "soro_actuation": [1541, 247, 781, 900]}