{"unlabeled_markers_list": [{"x": -0.2963211238384247, "y": 0.9382932186126709, "z": 0.5157821774482727}], "platform_markers_list": [{"x": -0.3208602964878082, "y": 0.8446556925773621, "z": 0.5490756034851074}, {"x": -0.3185523450374603, "y": 0.8445183038711548, "z": 0.44855374097824097}, {"x": -0.26924842596054077, "y": 0.8452163934707642, "z": 0.49728500843048096}, {"x": -0.3695758581161499, "y": 0.8433178067207336, "z": 0.49924731254577637}], "reference_markers_list": [], "ur_joints": [0.0, -1.5707963267948966, 1.5707963267948966, -1.5707963267948966, 1.5707963267948966, 0], "soro_actuation": [1412, 52, 205, 1105]}