{"unlabeled_markers_list": [{"x": -0.2912130653858185, "y": 0.9373847246170044, "z": 0.4595552086830139}], "platform_markers_list": [{"x": -0.320860356092453, "y": 0.8446627855300903, "z": 0.5490752458572388}, {"x": -0.3185495138168335, "y": 0.8445255756378174, "z": 0.44856396317481995}, {"x": -0.26925936341285706, "y": 0.8452249765396118, "z": 0.4972844123840332}, {"x": -0.36957377195358276, "y": 0.8433184623718262, "z": 0.49924421310424805}], "reference_markers_list": [], "ur_joints": [0.0, -1.5707963267948966, 1.5707963267948966, -1.5707963267948966, 1.5707963267948966, 0], "soro_actuation": [32, 1206, 55, 1078]}