{"unlabeled_markers_list": [{"x": -0.2888399064540863, "y": 0.9381219744682312, "z": 0.4981633722782135}], "platform_markers_list": [{"x": -0.32085737586021423, "y": 0.8446542024612427, "z": 0.5490780472755432}, {"x": -0.3185490369796753, "y": 0.8445243239402771, "z": 0.4485565423965454}, {"x": -0.2692517936229706, "y": 0.8452156782150269, "z": 0.49729442596435547}, {"x": -0.3695780634880066, "y": 0.8433186411857605, "z": 0.49923914670944214}], "reference_markers_list": [], "ur_joints": [0.0, -1.5707963267948966, 1.5707963267948966, -1.5707963267948966, 1.5707963267948966, 0], "soro_actuation": [1154, 663, 268, 1299]}