{"unlabeled_markers_list": [{"x": -0.3089318573474884, "y": 0.9377004504203796, "z": 0.4597338140010834}], "platform_markers_list": [{"x": -0.3208557665348053, "y": 0.8446617126464844, "z": 0.5490806102752686}, {"x": -0.31855419278144836, "y": 0.8445166349411011, "z": 0.4485461413860321}, {"x": -0.26929718255996704, "y": 0.8452310562133789, "z": 0.49723732471466064}, {"x": -0.36957183480262756, "y": 0.8433221578598022, "z": 0.4992471933364868}], "reference_markers_list": [], "ur_joints": [0.0, -1.5707963267948966, 1.5707963267948966, -1.5707963267948966, 1.5707963267948966, 0], "soro_actuation": [395, 1423, 675, 862]}