{"unlabeled_markers_list": [{"x": -0.33272600173950195, "y": 0.9376157522201538, "z": 0.4605596661567688}], "platform_markers_list": [{"x": -0.32085660099983215, "y": 0.8446592092514038, "z": 0.5490766167640686}, {"x": -0.3185516595840454, "y": 0.8445161581039429, "z": 0.4485469460487366}, {"x": -0.2693038880825043, "y": 0.8452427387237549, "z": 0.49720025062561035}, {"x": -0.3695782423019409, "y": 0.8433251976966858, "z": 0.4992397427558899}], "reference_markers_list": [], "ur_joints": [0.0, -1.5707963267948966, 1.5707963267948966, -1.5707963267948966, 1.5707963267948966, 0], "soro_actuation": [312, 1309, 1050, 403]}