{"unlabeled_markers_list": [{"x": -0.3480912744998932, "y": 0.9378489851951599, "z": 0.5055193305015564}], "platform_markers_list": [{"x": -0.32086318731307983, "y": 0.8446573615074158, "z": 0.5490807890892029}, {"x": -0.3185443580150604, "y": 0.844521164894104, "z": 0.44855451583862305}, {"x": -0.2692558169364929, "y": 0.8452284336090088, "z": 0.4972717761993408}, {"x": -0.3695755898952484, "y": 0.8433234691619873, "z": 0.49924492835998535}], "reference_markers_list": [], "ur_joints": [0.0, -1.5707963267948966, 1.5707963267948966, -1.5707963267948966, 1.5707963267948966, 0], "soro_actuation": [1033, 67, 1335, 254]}