{"unlabeled_markers_list": [{"x": -0.30112966895103455, "y": 0.9381673336029053, "z": 0.5157214999198914}], "platform_markers_list": [{"x": -0.32085320353507996, "y": 0.8446627855300903, "z": 0.5490769743919373}, {"x": -0.3185395300388336, "y": 0.8445232510566711, "z": 0.448556512594223}, {"x": -0.2692585289478302, "y": 0.8452227711677551, "z": 0.4972813129425049}, {"x": -0.36958128213882446, "y": 0.8433191180229187, "z": 0.49925467371940613}], "reference_markers_list": [], "ur_joints": [0.0, -1.5707963267948966, 1.5707963267948966, -1.5707963267948966, 1.5707963267948966, 0], "soro_actuation": [1466, 134, 389, 1074]}