{"unlabeled_markers_list": [{"x": -0.31661659479141235, "y": 0.9383408427238464, "z": 0.5156773924827576}], "platform_markers_list": [{"x": -0.3208598494529724, "y": 0.8446619510650635, "z": 0.5490813255310059}, {"x": -0.3185557723045349, "y": 0.8445218801498413, "z": 0.44856467843055725}, {"x": -0.2692999839782715, "y": 0.8452266454696655, "z": 0.4972360134124756}, {"x": -0.36957547068595886, "y": 0.8433250784873962, "z": 0.49925193190574646}], "reference_markers_list": [], "ur_joints": [0.0, -1.5707963267948966, 1.5707963267948966, -1.5707963267948966, 1.5707963267948966, 0], "soro_actuation": [1534, 247, 824, 849]}