{"unlabeled_markers_list": [{"x": -0.31680551171302795, "y": 0.9379434585571289, "z": 0.460201621055603}], "platform_markers_list": [{"x": -0.3208584785461426, "y": 0.844658374786377, "z": 0.5490790605545044}, {"x": -0.3185490071773529, "y": 0.8445222973823547, "z": 0.44854673743247986}, {"x": -0.26930302381515503, "y": 0.8452243208885193, "z": 0.4972285032272339}, {"x": -0.3695804178714752, "y": 0.8433268666267395, "z": 0.4992479383945465}], "reference_markers_list": [], "ur_joints": [0.0, -1.5707963267948966, 1.5707963267948966, -1.5707963267948966, 1.5707963267948966, 0], "soro_actuation": [417, 1418, 829, 717]}