{"unlabeled_markers_list": [{"x": -0.2873625159263611, "y": 0.9367918968200684, "z": 0.5159226059913635}], "platform_markers_list": [{"x": -0.32085704803466797, "y": 0.8446578979492188, "z": 0.5490747690200806}, {"x": -0.31855309009552, "y": 0.8445203304290771, "z": 0.4485589861869812}, {"x": -0.2692588269710541, "y": 0.8452232480049133, "z": 0.49728870391845703}, {"x": -0.369574636220932, "y": 0.8433233499526978, "z": 0.49924641847610474}], "reference_markers_list": [], "ur_joints": [0.0, -1.5707963267948966, 1.5707963267948966, -1.5707963267948966, 1.5707963267948966, 0], "soro_actuation": [1387, 65, -1, 1178]}