{"unlabeled_markers_list": [{"x": -0.3141157329082489, "y": 0.9379011392593384, "z": 0.4600427448749542}], "platform_markers_list": [{"x": -0.3208543658256531, "y": 0.8446599841117859, "z": 0.5490768551826477}, {"x": -0.3185459077358246, "y": 0.8445241451263428, "z": 0.44855591654777527}, {"x": -0.26925432682037354, "y": 0.8452315330505371, "z": 0.4972723722457886}, {"x": -0.36958032846450806, "y": 0.84332674741745, "z": 0.49924784898757935}], "reference_markers_list": [], "ur_joints": [0.0, -1.5707963267948966, 1.5707963267948966, -1.5707963267948966, 1.5707963267948966, 0], "soro_actuation": [411, 1422, 777, 765]}