{"unlabeled_markers_list": [{"x": -0.340549111366272, "y": 0.9382207989692688, "z": 0.4608210623264313}], "platform_markers_list": [{"x": -0.3208513557910919, "y": 0.8446571826934814, "z": 0.5490789413452148}, {"x": -0.3185523450374603, "y": 0.8445218801498413, "z": 0.44855359196662903}, {"x": -0.2692587077617645, "y": 0.845219612121582, "z": 0.4972875118255615}, {"x": -0.3695788085460663, "y": 0.8433186411857605, "z": 0.4992431700229645}], "reference_markers_list": [], "ur_joints": [0.0, -1.5707963267948966, 1.5707963267948966, -1.5707963267948966, 1.5707963267948966, 0], "soro_actuation": [164, 1168, 1045, 119]}