{"unlabeled_markers_list": [{"x": -0.33787429332733154, "y": 0.9378858208656311, "z": 0.5176223516464233}], "platform_markers_list": [{"x": -0.32085373997688293, "y": 0.8446559309959412, "z": 0.5490821599960327}, {"x": -0.3185551166534424, "y": 0.8445227146148682, "z": 0.4485510587692261}, {"x": -0.26929971575737, "y": 0.8452376127243042, "z": 0.49723684787750244}, {"x": -0.3695823848247528, "y": 0.8433166742324829, "z": 0.4992484450340271}], "reference_markers_list": [], "ur_joints": [0.0, -1.5707963267948966, 1.5707963267948966, -1.5707963267948966, 1.5707963267948966, 0], "soro_actuation": [1379, 109, 1031, 315]}