{"unlabeled_markers_list": [{"x": -0.3048870861530304, "y": 0.9376180171966553, "z": 0.4595848321914673}], "platform_markers_list": [{"x": -0.32085829973220825, "y": 0.8446577787399292, "z": 0.5490790605545044}, {"x": -0.31854695081710815, "y": 0.8445223569869995, "z": 0.4485592544078827}, {"x": -0.26926302909851074, "y": 0.8452261686325073, "z": 0.49728190898895264}, {"x": -0.36958205699920654, "y": 0.8433196544647217, "z": 0.4992530643939972}], "reference_markers_list": [], "ur_joints": [0.0, -1.5707963267948966, 1.5707963267948966, -1.5707963267948966, 1.5707963267948966, 0], "soro_actuation": [350, 1402, 565, 918]}