{"unlabeled_markers_list": [{"x": -0.34810030460357666, "y": 0.937905490398407, "z": 0.5040104389190674}], "platform_markers_list": [{"x": -0.32085752487182617, "y": 0.8446576595306396, "z": 0.5490773916244507}, {"x": -0.318552702665329, "y": 0.8445248603820801, "z": 0.44855546951293945}, {"x": -0.2692961096763611, "y": 0.8452353477478027, "z": 0.49722158908843994}, {"x": -0.36957699060440063, "y": 0.84332275390625, "z": 0.4992492198944092}], "reference_markers_list": [], "ur_joints": [0.0, -1.5707963267948966, 1.5707963267948966, -1.5707963267948966, 1.5707963267948966, 0], "soro_actuation": [1019, 96, 1352, 275]}