{"unlabeled_markers_list": [{"x": -0.3479293882846832, "y": 0.9377607703208923, "z": 0.5073985457420349}], "platform_markers_list": [{"x": -0.3208482563495636, "y": 0.844656229019165, "z": 0.5490667223930359}, {"x": -0.3185500502586365, "y": 0.8445247411727905, "z": 0.44854873418807983}, {"x": -0.2692600190639496, "y": 0.845221757888794, "z": 0.49728286266326904}, {"x": -0.3695822060108185, "y": 0.8433186411857605, "z": 0.4992449879646301}], "reference_markers_list": [], "ur_joints": [0.0, -1.5707963267948966, 1.5707963267948966, -1.5707963267948966, 1.5707963267948966, 0], "soro_actuation": [1048, 34, 1314, 231]}