{"unlabeled_markers_list": [{"x": -0.2872520089149475, "y": 0.9373077154159546, "z": 0.5087308287620544}], "platform_markers_list": [{"x": -0.32085707783699036, "y": 0.8446571826934814, "z": 0.5490737557411194}, {"x": -0.3185494840145111, "y": 0.8445189595222473, "z": 0.44854554533958435}, {"x": -0.269296258687973, "y": 0.8452214002609253, "z": 0.4972423315048218}, {"x": -0.36957603693008423, "y": 0.843316376209259, "z": 0.49924421310424805}], "reference_markers_list": [], "ur_joints": [0.0, -1.5707963267948966, 1.5707963267948966, -1.5707963267948966, 1.5707963267948966, 0], "soro_actuation": [1289, 360, 110, 1238]}