{"unlabeled_markers_list": [{"x": -0.29024410247802734, "y": 0.9373971223831177, "z": 0.46574506163597107}], "platform_markers_list": [{"x": -0.32085758447647095, "y": 0.8446565270423889, "z": 0.5490758419036865}, {"x": -0.31855130195617676, "y": 0.8445195555686951, "z": 0.4485461711883545}, {"x": -0.2692989706993103, "y": 0.8452221155166626, "z": 0.49723267555236816}, {"x": -0.36957570910453796, "y": 0.8433194756507874, "z": 0.4992430508136749}], "reference_markers_list": [], "ur_joints": [0.0, -1.5707963267948966, 1.5707963267948966, -1.5707963267948966, 1.5707963267948966, 0], "soro_actuation": [311, 1170, 48, 1193]}