{"unlabeled_markers_list": [{"x": -0.31536468863487244, "y": 0.9379602670669556, "z": 0.4600470960140228}], "platform_markers_list": [{"x": -0.3208571672439575, "y": 0.8446604013442993, "z": 0.5490711331367493}, {"x": -0.31854990124702454, "y": 0.8445193767547607, "z": 0.44854891300201416}, {"x": -0.26926031708717346, "y": 0.8452225923538208, "z": 0.49728643894195557}, {"x": -0.3695802092552185, "y": 0.8433209657669067, "z": 0.49924665689468384}], "reference_markers_list": [], "ur_joints": [0.0, -1.5707963267948966, 1.5707963267948966, -1.5707963267948966, 1.5707963267948966, 0], "soro_actuation": [410, 1416, 798, 737]}