{"unlabeled_markers_list": [{"x": -0.2883618474006653, "y": 0.9380864500999451, "z": 0.5019604563713074}], "platform_markers_list": [{"x": -0.3208523392677307, "y": 0.8446550369262695, "z": 0.5490700602531433}, {"x": -0.3185475170612335, "y": 0.8445221781730652, "z": 0.44855666160583496}, {"x": -0.2692972421646118, "y": 0.8452285528182983, "z": 0.49721813201904297}, {"x": -0.36958056688308716, "y": 0.8433251976966858, "z": 0.4992468059062958}], "reference_markers_list": [], "ur_joints": [0.0, -1.5707963267948966, 1.5707963267948966, -1.5707963267948966, 1.5707963267948966, 0], "soro_actuation": [1195, 548, 210, 1271]}