{"unlabeled_markers_list": [{"x": -0.28892385959625244, "y": 0.9369689226150513, "z": 0.4610510468482971}], "platform_markers_list": [{"x": -0.32085511088371277, "y": 0.8446570038795471, "z": 0.5490756034851074}, {"x": -0.3185449242591858, "y": 0.8445154428482056, "z": 0.4485536813735962}, {"x": -0.2692537307739258, "y": 0.8452198505401611, "z": 0.4973040819168091}, {"x": -0.36957964301109314, "y": 0.8433240652084351, "z": 0.49924948811531067}], "reference_markers_list": [], "ur_joints": [0.0, -1.5707963267948966, 1.5707963267948966, -1.5707963267948966, 1.5707963267948966, 0], "soro_actuation": [0, 1155, 5, 1180]}