{"unlabeled_markers_list": [{"x": -0.3119962513446808, "y": 0.9378202557563782, "z": 0.460093230009079}], "platform_markers_list": [{"x": -0.3208492696285248, "y": 0.844655454158783, "z": 0.5490694046020508}, {"x": -0.31855231523513794, "y": 0.844524621963501, "z": 0.4485465884208679}, {"x": -0.269300252199173, "y": 0.8452419638633728, "z": 0.4972050189971924}, {"x": -0.36957716941833496, "y": 0.8433195948600769, "z": 0.4992389678955078}], "reference_markers_list": [], "ur_joints": [0.0, -1.5707963267948966, 1.5707963267948966, -1.5707963267948966, 1.5707963267948966, 0], "soro_actuation": [410, 1427, 733, 817]}