{"unlabeled_markers_list": [{"x": -0.344795823097229, "y": 0.937468409538269, "z": 0.4609849750995636}], "platform_markers_list": [{"x": -0.3208526074886322, "y": 0.8446544408798218, "z": 0.5490741729736328}, {"x": -0.31855133175849915, "y": 0.8445188403129578, "z": 0.4485509395599365}, {"x": -0.269254207611084, "y": 0.8452284336090088, "z": 0.49728357791900635}, {"x": -0.36958184838294983, "y": 0.8433211445808411, "z": 0.49924352765083313}], "reference_markers_list": [], "ur_joints": [0.0, -1.5707963267948966, 1.5707963267948966, -1.5707963267948966, 1.5707963267948966, 0], "soro_actuation": [109, 1115, 1059, 6]}