{"unlabeled_markers_list": [{"x": -0.34388041496276855, "y": 0.9371181726455688, "z": 0.5171898007392883}], "platform_markers_list": [{"x": -0.32085710763931274, "y": 0.8446605205535889, "z": 0.5490832328796387}, {"x": -0.318547785282135, "y": 0.8445250988006592, "z": 0.44855934381484985}, {"x": -0.26929938793182373, "y": 0.8452337384223938, "z": 0.4972153902053833}, {"x": -0.36957722902297974, "y": 0.843317449092865, "z": 0.4992421865463257}], "reference_markers_list": [], "ur_joints": [0.0, -1.5707963267948966, 1.5707963267948966, -1.5707963267948966, 1.5707963267948966, 0], "soro_actuation": [1308, 41, 1072, 126]}