{"unlabeled_markers_list": [{"x": -0.3488691747188568, "y": 0.9369683265686035, "z": 0.46230757236480713}], "platform_markers_list": [{"x": -0.32085874676704407, "y": 0.844657838344574, "z": 0.5490773916244507}, {"x": -0.31855273246765137, "y": 0.8445216417312622, "z": 0.44855067133903503}, {"x": -0.2692526876926422, "y": 0.845220685005188, "z": 0.4972926378250122}, {"x": -0.3695823550224304, "y": 0.8433186411857605, "z": 0.4992492198944092}], "reference_markers_list": [], "ur_joints": [0.0, -1.5707963267948966, 1.5707963267948966, -1.5707963267948966, 1.5707963267948966, 0], "soro_actuation": [26, 993, 1132, 0]}