{"unlabeled_markers_list": [{"x": -0.28963494300842285, "y": 0.9369869232177734, "z": 0.46007880568504333}], "platform_markers_list": [{"x": -0.3208601474761963, "y": 0.8446667194366455, "z": 0.549079179763794}, {"x": -0.3185465931892395, "y": 0.8445236086845398, "z": 0.44855350255966187}, {"x": -0.26926112174987793, "y": 0.8452231287956238, "z": 0.4972926378250122}, {"x": -0.3695761561393738, "y": 0.8433235287666321, "z": 0.49924564361572266}], "reference_markers_list": [], "ur_joints": [0.0, -1.5707963267948966, 1.5707963267948966, -1.5707963267948966, 1.5707963267948966, 0], "soro_actuation": [7, 1199, 14, 1130]}