{"unlabeled_markers_list": [{"x": -0.3488764464855194, "y": 0.9391046762466431, "z": 0.4698013365268707}], "platform_markers_list": [{"x": -0.32085907459259033, "y": 0.8446576595306396, "z": 0.5490817427635193}, {"x": -0.3185548484325409, "y": 0.8445218801498413, "z": 0.4485486149787903}, {"x": -0.2693008780479431, "y": 0.8452368974685669, "z": 0.49721968173980713}, {"x": -0.3695850670337677, "y": 0.8433201909065247, "z": 0.4992457330226898}], "reference_markers_list": [], "ur_joints": [0.0, -1.5707963267948966, 1.5707963267948966, -1.5707963267948966, 1.5707963267948966, 0], "soro_actuation": [193, 803, 1173, 81]}