{"unlabeled_markers_list": [{"x": -0.28974416851997375, "y": 0.9373598098754883, "z": 0.46476686000823975}], "platform_markers_list": [{"x": -0.32086142897605896, "y": 0.8446579575538635, "z": 0.549078106880188}, {"x": -0.3185559809207916, "y": 0.8445229530334473, "z": 0.4485558271408081}, {"x": -0.2692958116531372, "y": 0.8452315330505371, "z": 0.4972381591796875}, {"x": -0.36957135796546936, "y": 0.8433231115341187, "z": 0.49924376606941223}], "reference_markers_list": [], "ur_joints": [0.0, -1.5707963267948966, 1.5707963267948966, -1.5707963267948966, 1.5707963267948966, 0], "soro_actuation": [260, 1173, 0, 1172]}