{"unlabeled_markers_list": [{"x": -0.28953787684440613, "y": 0.9371702671051025, "z": 0.5158823728561401}], "platform_markers_list": [{"x": -0.3208558261394501, "y": 0.8446609973907471, "z": 0.5490741729736328}, {"x": -0.31855443120002747, "y": 0.8445218205451965, "z": 0.448555052280426}, {"x": -0.26925671100616455, "y": 0.8452259302139282, "z": 0.49728238582611084}, {"x": -0.36958393454551697, "y": 0.8433223962783813, "z": 0.4992484450340271}], "reference_markers_list": [], "ur_joints": [0.0, -1.5707963267948966, 1.5707963267948966, -1.5707963267948966, 1.5707963267948966, 0], "soro_actuation": [1378, 0, 0, 1189]}