{"unlabeled_markers_list": [{"x": -0.34427231550216675, "y": 0.9372521638870239, "z": 0.46120256185531616}], "platform_markers_list": [{"x": -0.3208610415458679, "y": 0.8446569442749023, "z": 0.549080491065979}, {"x": -0.3185521066188812, "y": 0.8445196151733398, "z": 0.44854211807250977}, {"x": -0.2693015933036804, "y": 0.8452375531196594, "z": 0.4972289800643921}, {"x": -0.3695782721042633, "y": 0.843316912651062, "z": 0.49924591183662415}], "reference_markers_list": [], "ur_joints": [0.0, -1.5707963267948966, 1.5707963267948966, -1.5707963267948966, 1.5707963267948966, 0], "soro_actuation": [133, 1135, 1075, 40]}