{"unlabeled_markers_list": [{"x": -0.3246653974056244, "y": 0.9377256631851196, "z": 0.4598536193370819}], "platform_markers_list": [{"x": -0.3208569586277008, "y": 0.8446592092514038, "z": 0.5490782856941223}, {"x": -0.3185560703277588, "y": 0.8445240259170532, "z": 0.44854357838630676}, {"x": -0.2692596912384033, "y": 0.8452273011207581, "z": 0.49727940559387207}, {"x": -0.3695765733718872, "y": 0.8433210849761963, "z": 0.49924683570861816}], "reference_markers_list": [], "ur_joints": [0.0, -1.5707963267948966, 1.5707963267948966, -1.5707963267948966, 1.5707963267948966, 0], "soro_actuation": [354, 1359, 956, 572]}