{"unlabeled_markers_list": [{"x": -0.28904685378074646, "y": 0.937069296836853, "z": 0.4614158570766449}], "platform_markers_list": [{"x": -0.3208591043949127, "y": 0.8446534276008606, "z": 0.5490732789039612}, {"x": -0.31855741143226624, "y": 0.8445230722427368, "z": 0.4485545754432678}, {"x": -0.2692982256412506, "y": 0.8452365398406982, "z": 0.4972144365310669}, {"x": -0.36957454681396484, "y": 0.8433189392089844, "z": 0.49924787878990173}], "reference_markers_list": [], "ur_joints": [0.0, -1.5707963267948966, 1.5707963267948966, -1.5707963267948966, 1.5707963267948966, 0], "soro_actuation": [40, 1148, 0, 1177]}