{"unlabeled_markers_list": [{"x": -0.328101247549057, "y": 0.9379109740257263, "z": 0.4600377678871155}], "platform_markers_list": [{"x": -0.32085472345352173, "y": 0.8446605801582336, "z": 0.5490775108337402}, {"x": -0.3185555338859558, "y": 0.8445195555686951, "z": 0.4485500454902649}, {"x": -0.26925909519195557, "y": 0.8452155590057373, "z": 0.4972865581512451}, {"x": -0.3695737421512604, "y": 0.8433175086975098, "z": 0.49923327565193176}], "reference_markers_list": [], "ur_joints": [0.0, -1.5707963267948966, 1.5707963267948966, -1.5707963267948966, 1.5707963267948966, 0], "soro_actuation": [325, 1327, 991, 479]}