{"unlabeled_markers_list": [{"x": -0.3363337516784668, "y": 0.9386531114578247, "z": 0.4607950448989868}], "platform_markers_list": [{"x": -0.32085874676704407, "y": 0.844655454158783, "z": 0.5490782260894775}, {"x": -0.3185505270957947, "y": 0.8445202112197876, "z": 0.4485622048377991}, {"x": -0.2692983150482178, "y": 0.845234751701355, "z": 0.497225284576416}, {"x": -0.3695829510688782, "y": 0.8433277010917664, "z": 0.4992470145225525}], "reference_markers_list": [], "ur_joints": [0.0, -1.5707963267948966, 1.5707963267948966, -1.5707963267948966, 1.5707963267948966, 0], "soro_actuation": [202, 1207, 1011, 217]}