{"unlabeled_markers_list": [{"x": -0.29025620222091675, "y": 0.9382749199867249, "z": 0.48701077699661255}], "platform_markers_list": [{"x": -0.3208562135696411, "y": 0.8446623086929321, "z": 0.5490720272064209}, {"x": -0.3185499608516693, "y": 0.8445252180099487, "z": 0.4485447108745575}, {"x": -0.26930001378059387, "y": 0.8452338576316833, "z": 0.49722981452941895}, {"x": -0.36957406997680664, "y": 0.8433233499526978, "z": 0.49924689531326294}], "reference_markers_list": [], "ur_joints": [0.0, -1.5707963267948966, 1.5707963267948966, -1.5707963267948966, 1.5707963267948966, 0], "soro_actuation": [951, 923, 328, 1318]}