{"unlabeled_markers_list": [{"x": -0.2980307638645172, "y": 0.9377601146697998, "z": 0.4601896107196808}], "platform_markers_list": [{"x": -0.32086530327796936, "y": 0.8446587920188904, "z": 0.5490750670433044}, {"x": -0.31855180859565735, "y": 0.8445183038711548, "z": 0.4485493302345276}, {"x": -0.26930153369903564, "y": 0.8452327847480774, "z": 0.49721503257751465}, {"x": -0.3695768713951111, "y": 0.8433196544647217, "z": 0.4992386996746063}], "reference_markers_list": [], "ur_joints": [0.0, -1.5707963267948966, 1.5707963267948966, -1.5707963267948966, 1.5707963267948966, 0], "soro_actuation": [206, 1319, 288, 1042]}