{"unlabeled_markers_list": [{"x": -0.28888192772865295, "y": 0.9369520545005798, "z": 0.4610420763492584}], "platform_markers_list": [{"x": -0.3208603858947754, "y": 0.8446500897407532, "z": 0.5490850806236267}, {"x": -0.31855061650276184, "y": 0.8445080518722534, "z": 0.4485607445240021}, {"x": -0.26925960183143616, "y": 0.8452243208885193, "z": 0.49727463722229004}, {"x": -0.3695831000804901, "y": 0.8433209657669067, "z": 0.4992508590221405}], "reference_markers_list": [], "ur_joints": [0.0, -1.5707963267948966, 1.5707963267948966, -1.5707963267948966, 1.5707963267948966, 0], "soro_actuation": [0, 1181, 0, 1171]}