{"unlabeled_markers_list": [{"x": -0.29955798387527466, "y": 0.9373871088027954, "z": 0.45987993478775024}], "platform_markers_list": [{"x": -0.3208608031272888, "y": 0.8446587324142456, "z": 0.5490775108337402}, {"x": -0.3185511529445648, "y": 0.844524085521698, "z": 0.44855618476867676}, {"x": -0.26930537819862366, "y": 0.8452355861663818, "z": 0.497225284576416}, {"x": -0.3695772886276245, "y": 0.8433224558830261, "z": 0.4992488920688629}], "reference_markers_list": [], "ur_joints": [0.0, -1.5707963267948966, 1.5707963267948966, -1.5707963267948966, 1.5707963267948966, 0], "soro_actuation": [257, 1358, 373, 1017]}