{"unlabeled_markers_list": [{"x": -0.301178902387619, "y": 0.9375779032707214, "z": 0.46002617478370667}], "platform_markers_list": [{"x": -0.32085952162742615, "y": 0.8446594476699829, "z": 0.5490744113922119}, {"x": -0.3185500204563141, "y": 0.8445202708244324, "z": 0.4485504925251007}, {"x": -0.2692612111568451, "y": 0.8452292680740356, "z": 0.49728071689605713}, {"x": -0.3695791959762573, "y": 0.8433215618133545, "z": 0.49924778938293457}], "reference_markers_list": [], "ur_joints": [0.0, -1.5707963267948966, 1.5707963267948966, -1.5707963267948966, 1.5707963267948966, 0], "soro_actuation": [281, 1360, 430, 965]}