{"unlabeled_markers_list": [{"x": -0.30282050371170044, "y": 0.9379507303237915, "z": 0.5159782767295837}], "platform_markers_list": [{"x": -0.32085728645324707, "y": 0.8446617126464844, "z": 0.5490776896476746}, {"x": -0.31854405999183655, "y": 0.8445186018943787, "z": 0.4485517144203186}, {"x": -0.2692926824092865, "y": 0.8452367782592773, "z": 0.4972282648086548}, {"x": -0.3695759177207947, "y": 0.8433253169059753, "z": 0.49924543499946594}], "reference_markers_list": [], "ur_joints": [0.0, -1.5707963267948966, 1.5707963267948966, -1.5707963267948966, 1.5707963267948966, 0], "soro_actuation": [1491, 165, 454, 1080]}