{"unlabeled_markers_list": [{"x": -0.2905403971672058, "y": 0.9382385015487671, "z": 0.4841519594192505}], "platform_markers_list": [{"x": -0.32086291909217834, "y": 0.8446590900421143, "z": 0.5490750074386597}, {"x": -0.31854885816574097, "y": 0.8445219993591309, "z": 0.4485533833503723}, {"x": -0.2692919671535492, "y": 0.8452283143997192, "z": 0.49721789360046387}, {"x": -0.36957547068595886, "y": 0.8433260321617126, "z": 0.4992518424987793}], "reference_markers_list": [], "ur_joints": [0.0, -1.5707963267948966, 1.5707963267948966, -1.5707963267948966, 1.5707963267948966, 0], "soro_actuation": [900, 976, 329, 1318]}