{"unlabeled_markers_list": [{"x": -0.2907216548919678, "y": 0.9382529854774475, "z": 0.4792466461658478}], "platform_markers_list": [{"x": -0.3208554983139038, "y": 0.8446574807167053, "z": 0.5490756034851074}, {"x": -0.318549245595932, "y": 0.844521164894104, "z": 0.4485552906990051}, {"x": -0.2692943513393402, "y": 0.8452321290969849, "z": 0.4972269535064697}, {"x": -0.3695777654647827, "y": 0.8433265089988708, "z": 0.4992517828941345}], "reference_markers_list": [], "ur_joints": [0.0, -1.5707963267948966, 1.5707963267948966, -1.5707963267948966, 1.5707963267948966, 0], "soro_actuation": [725, 1060, 274, 1292]}