{"unlabeled_markers_list": [{"x": -0.28898268938064575, "y": 0.9380974173545837, "z": 0.4970495402812958}], "platform_markers_list": [{"x": -0.3208577334880829, "y": 0.8446531891822815, "z": 0.5490745902061462}, {"x": -0.3185434341430664, "y": 0.844520628452301, "z": 0.44854414463043213}, {"x": -0.2693014144897461, "y": 0.8452328443527222, "z": 0.4972337484359741}, {"x": -0.36957865953445435, "y": 0.8433167338371277, "z": 0.49924391508102417}], "reference_markers_list": [], "ur_joints": [0.0, -1.5707963267948966, 1.5707963267948966, -1.5707963267948966, 1.5707963267948966, 0], "soro_actuation": [1135, 696, 280, 1304]}