{"unlabeled_markers_list": [{"x": -0.33058688044548035, "y": 0.9379349946975708, "z": 0.4602488577365875}], "platform_markers_list": [{"x": -0.32086196541786194, "y": 0.844658374786377, "z": 0.5490763783454895}, {"x": -0.3185584545135498, "y": 0.844520092010498, "z": 0.4485522508621216}, {"x": -0.2693052291870117, "y": 0.8452394008636475, "z": 0.497206449508667}, {"x": -0.3695767819881439, "y": 0.8433243036270142, "z": 0.4992428719997406}], "reference_markers_list": [], "ur_joints": [0.0, -1.5707963267948966, 1.5707963267948966, -1.5707963267948966, 1.5707963267948966, 0], "soro_actuation": [302, 1304, 1012, 414]}