{"unlabeled_markers_list": [{"x": -0.2906317710876465, "y": 0.9382290840148926, "z": 0.48292234539985657}], "platform_markers_list": [{"x": -0.3208569884300232, "y": 0.8446532487869263, "z": 0.5490739345550537}, {"x": -0.3185481131076813, "y": 0.8445165753364563, "z": 0.4485461115837097}, {"x": -0.2692907452583313, "y": 0.8452291488647461, "z": 0.49722540378570557}, {"x": -0.3695744574069977, "y": 0.8433157801628113, "z": 0.4992440342903137}], "reference_markers_list": [], "ur_joints": [0.0, -1.5707963267948966, 1.5707963267948966, -1.5707963267948966, 1.5707963267948966, 0], "soro_actuation": [873, 1000, 327, 1318]}