{"unlabeled_markers_list": [{"x": -0.3041400909423828, "y": 0.9381446838378906, "z": 0.5159991979598999}], "platform_markers_list": [{"x": -0.3208533823490143, "y": 0.8446627259254456, "z": 0.5490793585777283}, {"x": -0.31854453682899475, "y": 0.8445212244987488, "z": 0.4485544264316559}, {"x": -0.26925551891326904, "y": 0.845223605632782, "z": 0.4972836971282959}, {"x": -0.36957794427871704, "y": 0.8433244824409485, "z": 0.49925971031188965}], "reference_markers_list": [], "ur_joints": [0.0, -1.5707963267948966, 1.5707963267948966, -1.5707963267948966, 1.5707963267948966, 0], "soro_actuation": [1491, 169, 478, 1055]}