{"unlabeled_markers_list": [{"x": -0.2904752194881439, "y": 0.9383373260498047, "z": 0.4896114468574524}], "platform_markers_list": [{"x": -0.32086077332496643, "y": 0.8446585536003113, "z": 0.5490821599960327}, {"x": -0.318549245595932, "y": 0.8445240259170532, "z": 0.4485587179660797}, {"x": -0.2692521810531616, "y": 0.8452255725860596, "z": 0.49729037284851074}, {"x": -0.3695773482322693, "y": 0.8433246612548828, "z": 0.4992453157901764}], "reference_markers_list": [], "ur_joints": [0.0, -1.5707963267948966, 1.5707963267948966, -1.5707963267948966, 1.5707963267948966, 0], "soro_actuation": [1012, 881, 337, 1323]}