{"unlabeled_markers_list": [{"x": -0.33850419521331787, "y": 0.9384738206863403, "z": 0.46075156331062317}], "platform_markers_list": [{"x": -0.32085686922073364, "y": 0.8446612358093262, "z": 0.5490766167640686}, {"x": -0.3185480833053589, "y": 0.8445243835449219, "z": 0.44855615496635437}, {"x": -0.2692587971687317, "y": 0.8452253937721252, "z": 0.4972769021987915}, {"x": -0.3695816099643707, "y": 0.8433215022087097, "z": 0.4992450475692749}], "reference_markers_list": [], "ur_joints": [0.0, -1.5707963267948966, 1.5707963267948966, -1.5707963267948966, 1.5707963267948966, 0], "soro_actuation": [184, 1188, 1045, 158]}