{"unlabeled_markers_list": [{"x": -0.2872382402420044, "y": 0.9371342658996582, "z": 0.5139817595481873}], "platform_markers_list": [{"x": -0.32085561752319336, "y": 0.8446567058563232, "z": 0.549068808555603}, {"x": -0.31855154037475586, "y": 0.8445221185684204, "z": 0.4485483169555664}, {"x": -0.2692566215991974, "y": 0.8452270030975342, "z": 0.4972902536392212}, {"x": -0.36957409977912903, "y": 0.8433188796043396, "z": 0.49924808740615845}], "reference_markers_list": [], "ur_joints": [0.0, -1.5707963267948966, 1.5707963267948966, -1.5707963267948966, 1.5707963267948966, 0], "soro_actuation": [1336, 172, 0, 1180]}