{"unlabeled_markers_list": [{"x": -0.2988649010658264, "y": 0.9375766515731812, "z": 0.46008652448654175}], "platform_markers_list": [{"x": -0.32086026668548584, "y": 0.8446577787399292, "z": 0.5490794777870178}, {"x": -0.3185455799102783, "y": 0.8445193767547607, "z": 0.4485466182231903}, {"x": -0.2692577838897705, "y": 0.8452208638191223, "z": 0.4972846508026123}, {"x": -0.3695795238018036, "y": 0.8433223962783813, "z": 0.4992489218711853}], "reference_markers_list": [], "ur_joints": [0.0, -1.5707963267948966, 1.5707963267948966, -1.5707963267948966, 1.5707963267948966, 0], "soro_actuation": [238, 1340, 336, 1031]}