{"unlabeled_markers_list": [{"x": -0.3399825096130371, "y": 0.9376532435417175, "z": 0.5177332162857056}], "platform_markers_list": [{"x": -0.32085657119750977, "y": 0.8446581959724426, "z": 0.5490811467170715}, {"x": -0.3185523748397827, "y": 0.8445168733596802, "z": 0.4485609829425812}, {"x": -0.269303560256958, "y": 0.8452352285385132, "z": 0.4972193241119385}, {"x": -0.3695785701274872, "y": 0.8433199524879456, "z": 0.49924176931381226}], "reference_markers_list": [], "ur_joints": [0.0, -1.5707963267948966, 1.5707963267948966, -1.5707963267948966, 1.5707963267948966, 0], "soro_actuation": [1350, 83, 1021, 262]}