{"unlabeled_markers_list": [{"x": -0.34102895855903625, "y": 0.9373534321784973, "z": 0.5177661180496216}], "platform_markers_list": [{"x": -0.3208582103252411, "y": 0.8446578979492188, "z": 0.5490777492523193}, {"x": -0.31855347752571106, "y": 0.8445248007774353, "z": 0.4485476016998291}, {"x": -0.2692604959011078, "y": 0.8452260494232178, "z": 0.49727046489715576}, {"x": -0.36958155035972595, "y": 0.8433201313018799, "z": 0.4992496967315674}], "reference_markers_list": [], "ur_joints": [0.0, -1.5707963267948966, 1.5707963267948966, -1.5707963267948966, 1.5707963267948966, 0], "soro_actuation": [1349, 78, 1045, 236]}