{"unlabeled_markers_list": [{"x": -0.3124230206012726, "y": 0.938286304473877, "z": 0.5156334042549133}], "platform_markers_list": [{"x": -0.32085728645324707, "y": 0.8446619510650635, "z": 0.5490747690200806}, {"x": -0.318546324968338, "y": 0.84452223777771, "z": 0.44854220747947693}, {"x": -0.2692549228668213, "y": 0.8452161550521851, "z": 0.4972876310348511}, {"x": -0.3695773482322693, "y": 0.8433241248130798, "z": 0.4992470145225525}], "reference_markers_list": [], "ur_joints": [0.0, -1.5707963267948966, 1.5707963267948966, -1.5707963267948966, 1.5707963267948966, 0], "soro_actuation": [1532, 238, 719, 937]}