{"unlabeled_markers_list": [{"x": -0.3417365550994873, "y": 0.9380394220352173, "z": 0.46080178022384644}], "platform_markers_list": [{"x": -0.3208579123020172, "y": 0.8446650505065918, "z": 0.5490800142288208}, {"x": -0.31855711340904236, "y": 0.8445270657539368, "z": 0.448557049036026}, {"x": -0.2693006992340088, "y": 0.8452301621437073, "z": 0.497219443321228}, {"x": -0.36957108974456787, "y": 0.8433175683021545, "z": 0.49923813343048096}], "reference_markers_list": [], "ur_joints": [0.0, -1.5707963267948966, 1.5707963267948966, -1.5707963267948966, 1.5707963267948966, 0], "soro_actuation": [152, 1156, 1058, 88]}