{"unlabeled_markers_list": [{"x": -0.2977639138698578, "y": 0.9381532669067383, "z": 0.5158044099807739}], "platform_markers_list": [{"x": -0.32085227966308594, "y": 0.8446562886238098, "z": 0.5490790009498596}, {"x": -0.31853991746902466, "y": 0.8445249199867249, "z": 0.44855615496635437}, {"x": -0.26928722858428955, "y": 0.8452378511428833, "z": 0.49723315238952637}, {"x": -0.3695715367794037, "y": 0.843321681022644, "z": 0.4992401897907257}], "reference_markers_list": [], "ur_joints": [0.0, -1.5707963267948966, 1.5707963267948966, -1.5707963267948966, 1.5707963267948966, 0], "soro_actuation": [1433, 80, 261, 1107]}