{"unlabeled_markers_list": [{"x": -0.29382771253585815, "y": 0.938367486000061, "z": 0.5159081816673279}], "platform_markers_list": [{"x": -0.32086169719696045, "y": 0.8446589708328247, "z": 0.5490795373916626}, {"x": -0.3185444176197052, "y": 0.8445211052894592, "z": 0.4485440254211426}, {"x": -0.26928943395614624, "y": 0.8452281355857849, "z": 0.4972405433654785}, {"x": -0.3695789873600006, "y": 0.8433196544647217, "z": 0.49924764037132263}], "reference_markers_list": [], "ur_joints": [0.0, -1.5707963267948966, 1.5707963267948966, -1.5707963267948966, 1.5707963267948966, 0], "soro_actuation": [1380, 0, 89, 1138]}