{"unlabeled_markers_list": [{"x": -0.28714320063591003, "y": 0.9374571442604065, "z": 0.5117650032043457}], "platform_markers_list": [{"x": -0.3208586871623993, "y": 0.8446564078330994, "z": 0.549072265625}, {"x": -0.31854984164237976, "y": 0.8445188403129578, "z": 0.44854530692100525}, {"x": -0.2692519426345825, "y": 0.8452214002609253, "z": 0.4972836971282959}, {"x": -0.36957624554634094, "y": 0.8433219194412231, "z": 0.49924391508102417}], "reference_markers_list": [], "ur_joints": [0.0, -1.5707963267948966, 1.5707963267948966, -1.5707963267948966, 1.5707963267948966, 0], "soro_actuation": [1304, 240, 33, 1194]}