{"unlabeled_markers_list": [{"x": -0.29048916697502136, "y": 0.9382752180099487, "z": 0.4853461980819702}], "platform_markers_list": [{"x": -0.32085102796554565, "y": 0.8446531295776367, "z": 0.5490810871124268}, {"x": -0.3185421824455261, "y": 0.8445196747779846, "z": 0.44856420159339905}, {"x": -0.26925525069236755, "y": 0.8452284336090088, "z": 0.4973026514053345}, {"x": -0.36958014965057373, "y": 0.8433277606964111, "z": 0.4992448687553406}], "reference_markers_list": [], "ur_joints": [0.0, -1.5707963267948966, 1.5707963267948966, -1.5707963267948966, 1.5707963267948966, 0], "soro_actuation": [926, 950, 329, 1320]}