{"unlabeled_markers_list": [{"x": -0.34794771671295166, "y": 0.9375941157341003, "z": 0.5091490149497986}], "platform_markers_list": [{"x": -0.32086020708084106, "y": 0.8446589708328247, "z": 0.549080491065979}, {"x": -0.3185577392578125, "y": 0.8445167541503906, "z": 0.44856053590774536}, {"x": -0.26929906010627747, "y": 0.8452354669570923, "z": 0.49723076820373535}, {"x": -0.36958035826683044, "y": 0.8433226346969604, "z": 0.49924686551094055}], "reference_markers_list": [], "ur_joints": [0.0, -1.5707963267948966, 1.5707963267948966, -1.5707963267948966, 1.5707963267948966, 0], "soro_actuation": [1061, 2, 1294, 207]}