{"unlabeled_markers_list": [{"x": -0.32634294033050537, "y": 0.9381812214851379, "z": 0.5160120129585266}], "platform_markers_list": [{"x": -0.3208633065223694, "y": 0.8446636199951172, "z": 0.549082338809967}, {"x": -0.3185497224330902, "y": 0.8445202112197876, "z": 0.44855988025665283}, {"x": -0.2693033218383789, "y": 0.8452304601669312, "z": 0.4972180128097534}, {"x": -0.36957481503486633, "y": 0.8433192372322083, "z": 0.4992438852787018}], "reference_markers_list": [], "ur_joints": [0.0, -1.5707963267948966, 1.5707963267948966, -1.5707963267948966, 1.5707963267948966, 0], "soro_actuation": [1501, 221, 960, 654]}