{"unlabeled_markers_list": [{"x": -0.290336549282074, "y": 0.9383211731910706, "z": 0.4893454313278198}], "platform_markers_list": [{"x": -0.32085350155830383, "y": 0.8446574211120605, "z": 0.5490759611129761}, {"x": -0.3185468912124634, "y": 0.8445236086845398, "z": 0.4485568106174469}, {"x": -0.26925432682037354, "y": 0.8452268838882446, "z": 0.4972919225692749}, {"x": -0.36958035826683044, "y": 0.8433265686035156, "z": 0.49924829602241516}], "reference_markers_list": [], "ur_joints": [0.0, -1.5707963267948966, 1.5707963267948966, -1.5707963267948966, 1.5707963267948966, 0], "soro_actuation": [972, 893, 322, 1316]}