{"unlabeled_markers_list": [{"x": -0.2904771864414215, "y": 0.938213586807251, "z": 0.4818316102027893}], "platform_markers_list": [{"x": -0.32086479663848877, "y": 0.8446568250656128, "z": 0.5490805506706238}, {"x": -0.3185540437698364, "y": 0.8445228934288025, "z": 0.4485607147216797}, {"x": -0.26925721764564514, "y": 0.845221996307373, "z": 0.497286319732666}, {"x": -0.36958223581314087, "y": 0.8433189392089844, "z": 0.4992438852787018}], "reference_markers_list": [], "ur_joints": [0.0, -1.5707963267948966, 1.5707963267948966, -1.5707963267948966, 1.5707963267948966, 0], "soro_actuation": [827, 1006, 306, 1307]}