{"unlabeled_markers_list": [{"x": -0.28859320282936096, "y": 0.9380611181259155, "z": 0.49931955337524414}], "platform_markers_list": [{"x": -0.3208615779876709, "y": 0.8446495532989502, "z": 0.5490784049034119}, {"x": -0.3185471296310425, "y": 0.8445230722427368, "z": 0.44855332374572754}, {"x": -0.26925933361053467, "y": 0.8452111482620239, "z": 0.4972960948944092}, {"x": -0.3695768415927887, "y": 0.8433190584182739, "z": 0.49924907088279724}], "reference_markers_list": [], "ur_joints": [0.0, -1.5707963267948966, 1.5707963267948966, -1.5707963267948966, 1.5707963267948966, 0], "soro_actuation": [1172, 630, 254, 1293]}