{"unlabeled_markers_list": [{"x": -0.3130932152271271, "y": 0.9378761053085327, "z": 0.4601215124130249}], "platform_markers_list": [{"x": -0.32085293531417847, "y": 0.8446612358093262, "z": 0.5490761399269104}, {"x": -0.31855013966560364, "y": 0.8445242643356323, "z": 0.448554128408432}, {"x": -0.26929542422294617, "y": 0.8452316522598267, "z": 0.4972296953201294}, {"x": -0.36957600712776184, "y": 0.843315839767456, "z": 0.4992474913597107}], "reference_markers_list": [], "ur_joints": [0.0, -1.5707963267948966, 1.5707963267948966, -1.5707963267948966, 1.5707963267948966, 0], "soro_actuation": [413, 1426, 758, 792]}