{"unlabeled_markers_list": [{"x": -0.3474310040473938, "y": 0.9366585612297058, "z": 0.46050482988357544}], "platform_markers_list": [{"x": -0.3208591043949127, "y": 0.8446595668792725, "z": 0.5490751266479492}, {"x": -0.31855425238609314, "y": 0.8445173501968384, "z": 0.4485507607460022}, {"x": -0.26930153369903564, "y": 0.8452332019805908, "z": 0.497228741645813}, {"x": -0.3695795238018036, "y": 0.843318521976471, "z": 0.49924522638320923}], "reference_markers_list": [], "ur_joints": [0.0, -1.5707963267948966, 1.5707963267948966, -1.5707963267948966, 1.5707963267948966, 0], "soro_actuation": [3, 1043, 1143, 3]}