{"unlabeled_markers_list": [{"x": -0.3340241611003876, "y": 0.9377636313438416, "z": 0.5169349908828735}], "platform_markers_list": [{"x": -0.3208521902561188, "y": 0.8446545004844666, "z": 0.5490720272064209}, {"x": -0.3185533285140991, "y": 0.8445194959640503, "z": 0.44856542348861694}, {"x": -0.26930034160614014, "y": 0.8452256321907043, "z": 0.49722540378570557}, {"x": -0.36958047747612, "y": 0.8433210253715515, "z": 0.4992452561855316}], "reference_markers_list": [], "ur_joints": [0.0, -1.5707963267948966, 1.5707963267948966, -1.5707963267948966, 1.5707963267948966, 0], "soro_actuation": [1443, 169, 1036, 453]}