{"unlabeled_markers_list": [{"x": -0.3421765863895416, "y": 0.9372327327728271, "z": 0.5179355144500732}], "platform_markers_list": [{"x": -0.3208652436733246, "y": 0.844662070274353, "z": 0.5490818023681641}, {"x": -0.3185542821884155, "y": 0.8445180654525757, "z": 0.4485546946525574}, {"x": -0.2692948877811432, "y": 0.8452372550964355, "z": 0.49721622467041016}, {"x": -0.3695775866508484, "y": 0.8433200716972351, "z": 0.4992457926273346}], "reference_markers_list": [], "ur_joints": [0.0, -1.5707963267948966, 1.5707963267948966, -1.5707963267948966, 1.5707963267948966, 0], "soro_actuation": [1328, 57, 1073, 174]}