{"unlabeled_markers_list": [{"x": -0.3411881923675537, "y": 0.9372062087059021, "z": 0.5180763006210327}], "platform_markers_list": [{"x": -0.320862352848053, "y": 0.8446598052978516, "z": 0.5490800142288208}, {"x": -0.3185555040836334, "y": 0.844527006149292, "z": 0.44855040311813354}, {"x": -0.26926159858703613, "y": 0.8452270030975342, "z": 0.49729108810424805}, {"x": -0.3695777654647827, "y": 0.8433184623718262, "z": 0.49924781918525696}], "reference_markers_list": [], "ur_joints": [0.0, -1.5707963267948966, 1.5707963267948966, -1.5707963267948966, 1.5707963267948966, 0], "soro_actuation": [1348, 76, 1071, 217]}