{"unlabeled_markers_list": [{"x": -0.2999824583530426, "y": 0.938173770904541, "z": 0.5157313942909241}], "platform_markers_list": [{"x": -0.3208545446395874, "y": 0.8446602821350098, "z": 0.5490818023681641}, {"x": -0.31854748725891113, "y": 0.8445155620574951, "z": 0.44855737686157227}, {"x": -0.2693019211292267, "y": 0.8452343940734863, "z": 0.49723708629608154}, {"x": -0.3695772588253021, "y": 0.8433241248130798, "z": 0.4992416501045227}], "reference_markers_list": [], "ur_joints": [0.0, -1.5707963267948966, 1.5707963267948966, -1.5707963267948966, 1.5707963267948966, 0], "soro_actuation": [1455, 117, 347, 1084]}