{"unlabeled_markers_list": [{"x": -0.29071661829948425, "y": 0.9375028014183044, "z": 0.5158143639564514}], "platform_markers_list": [{"x": -0.32085347175598145, "y": 0.8446590900421143, "z": 0.5490762591362}, {"x": -0.31855329871177673, "y": 0.8445186614990234, "z": 0.448566734790802}, {"x": -0.2693008482456207, "y": 0.845236599445343, "z": 0.49722349643707275}, {"x": -0.3695821166038513, "y": 0.8433212041854858, "z": 0.49924707412719727}], "reference_markers_list": [], "ur_joints": [0.0, -1.5707963267948966, 1.5707963267948966, -1.5707963267948966, 1.5707963267948966, 0], "soro_actuation": [1381, 2, 46, 1176]}