{"unlabeled_markers_list": [{"x": -0.28919023275375366, "y": 0.9369547963142395, "z": 0.46064844727516174}], "platform_markers_list": [{"x": -0.3208584189414978, "y": 0.8446564674377441, "z": 0.5490777492523193}, {"x": -0.3185504376888275, "y": 0.8445255160331726, "z": 0.448543906211853}, {"x": -0.26930126547813416, "y": 0.8452410697937012, "z": 0.4972118139266968}, {"x": -0.3695790469646454, "y": 0.843323826789856, "z": 0.49924713373184204}], "reference_markers_list": [], "ur_joints": [0.0, -1.5707963267948966, 1.5707963267948966, -1.5707963267948966, 1.5707963267948966, 0], "soro_actuation": [3, 1194, 9, 1155]}