{"unlabeled_markers_list": [{"x": -0.2905064523220062, "y": 0.9386072754859924, "z": 0.4948955178260803}], "platform_markers_list": [{"x": -0.32086047530174255, "y": 0.8446555733680725, "z": 0.5490767955780029}, {"x": -0.31855279207229614, "y": 0.8445215821266174, "z": 0.44854792952537537}, {"x": -0.26929083466529846, "y": 0.8452282547950745, "z": 0.49724674224853516}, {"x": -0.36957278847694397, "y": 0.8433215618133545, "z": 0.4992448389530182}], "reference_markers_list": [], "ur_joints": [0.0, -1.5707963267948966, 1.5707963267948966, -1.5707963267948966, 1.5707963267948966, 0], "soro_actuation": [1105, 756, 318, 1287]}