{"unlabeled_markers_list": [{"x": -0.34884336590766907, "y": 0.937235951423645, "z": 0.4633207321166992}], "platform_markers_list": [{"x": -0.3208533823490143, "y": 0.844662070274353, "z": 0.5490697622299194}, {"x": -0.3185521960258484, "y": 0.8445271849632263, "z": 0.44854170083999634}, {"x": -0.2692999243736267, "y": 0.8452335596084595, "z": 0.49722468852996826}, {"x": -0.3695806860923767, "y": 0.8433202505111694, "z": 0.49924710392951965}], "reference_markers_list": [], "ur_joints": [0.0, -1.5707963267948966, 1.5707963267948966, -1.5707963267948966, 1.5707963267948966, 0], "soro_actuation": [77, 957, 1159, 26]}