{"unlabeled_markers_list": [{"x": -0.2868461608886719, "y": 0.9365450143814087, "z": 0.5166361927986145}], "platform_markers_list": [{"x": -0.32086095213890076, "y": 0.8446520566940308, "z": 0.5490788221359253}, {"x": -0.31855225563049316, "y": 0.844520628452301, "z": 0.4485499858856201}, {"x": -0.2692582309246063, "y": 0.8452135324478149, "z": 0.4972953796386719}, {"x": -0.36958029866218567, "y": 0.8433143496513367, "z": 0.4992513656616211}], "reference_markers_list": [], "ur_joints": [0.0, -1.5707963267948966, 1.5707963267948966, -1.5707963267948966, 1.5707963267948966, 0], "soro_actuation": [1455, 158, -125, 1114]}