{"unlabeled_markers_list": [{"x": -0.345008909702301, "y": 0.9368831515312195, "z": 0.516830563545227}], "platform_markers_list": [{"x": -0.3208555579185486, "y": 0.8446528911590576, "z": 0.5490899682044983}, {"x": -0.3185524344444275, "y": 0.8445180058479309, "z": 0.4485580027103424}, {"x": -0.2692631185054779, "y": 0.8452224135398865, "z": 0.4972895383834839}, {"x": -0.36958128213882446, "y": 0.8433189988136292, "z": 0.4992556869983673}], "reference_markers_list": [], "ur_joints": [0.0, -1.5707963267948966, 1.5707963267948966, -1.5707963267948966, 1.5707963267948966, 0], "soro_actuation": [1288, 22, 1108, 92]}