{"unlabeled_markers_list": [{"x": -0.3336436152458191, "y": 0.9379435777664185, "z": 0.4607360363006592}], "platform_markers_list": [{"x": -0.32085514068603516, "y": 0.8446592092514038, "z": 0.5490771532058716}, {"x": -0.3185563385486603, "y": 0.8445224761962891, "z": 0.4485582709312439}, {"x": -0.2692561745643616, "y": 0.8452187180519104, "z": 0.49729275703430176}, {"x": -0.36957573890686035, "y": 0.8433249592781067, "z": 0.4992419481277466}], "reference_markers_list": [], "ur_joints": [0.0, -1.5707963267948966, 1.5707963267948966, -1.5707963267948966, 1.5707963267948966, 0], "soro_actuation": [273, 1274, 1026, 345]}