{"unlabeled_markers_list": [{"x": -0.34805387258529663, "y": 0.9379204511642456, "z": 0.5027015209197998}], "platform_markers_list": [{"x": -0.3208586871623993, "y": 0.8446592092514038, "z": 0.5490856766700745}, {"x": -0.318552166223526, "y": 0.8445207476615906, "z": 0.44855809211730957}, {"x": -0.2692932188510895, "y": 0.8452391624450684, "z": 0.49723994731903076}, {"x": -0.3695794343948364, "y": 0.8433182239532471, "z": 0.49924877285957336}], "reference_markers_list": [], "ur_joints": [0.0, -1.5707963267948966, 1.5707963267948966, -1.5707963267948966, 1.5707963267948966, 0], "soro_actuation": [1004, 129, 1368, 295]}