{"unlabeled_markers_list": [{"x": -0.2940366268157959, "y": 0.9379910826683044, "z": 0.45961859822273254}], "platform_markers_list": [{"x": -0.32085120677948, "y": 0.8446568846702576, "z": 0.5490744113922119}, {"x": -0.3185502886772156, "y": 0.8445167541503906, "z": 0.4485517144203186}, {"x": -0.2692619860172272, "y": 0.84521484375, "z": 0.49730193614959717}, {"x": -0.3695813715457916, "y": 0.8433187007904053, "z": 0.4992541968822479}], "reference_markers_list": [], "ur_joints": [0.0, -1.5707963267948966, 1.5707963267948966, -1.5707963267948966, 1.5707963267948966, 0], "soro_actuation": [71, 1230, 107, 1065]}