{"unlabeled_markers_list": [{"x": -0.30040982365608215, "y": 0.9374918937683105, "z": 0.46014204621315}], "platform_markers_list": [{"x": -0.320860356092453, "y": 0.8446606993675232, "z": 0.5490744709968567}, {"x": -0.3185480237007141, "y": 0.8445261716842651, "z": 0.448547899723053}, {"x": -0.2693001925945282, "y": 0.8452232480049133, "z": 0.49723517894744873}, {"x": -0.3695741891860962, "y": 0.843316912651062, "z": 0.49924319982528687}], "reference_markers_list": [], "ur_joints": [0.0, -1.5707963267948966, 1.5707963267948966, -1.5707963267948966, 1.5707963267948966, 0], "soro_actuation": [278, 1362, 411, 992]}