{"unlabeled_markers_list": [{"x": -0.28748971223831177, "y": 0.9373806715011597, "z": 0.5085774660110474}], "platform_markers_list": [{"x": -0.32086214423179626, "y": 0.8446557521820068, "z": 0.5490822792053223}, {"x": -0.3185413181781769, "y": 0.8445245027542114, "z": 0.4485521912574768}, {"x": -0.26929524540901184, "y": 0.8452205657958984, "z": 0.4972372055053711}, {"x": -0.36957892775535583, "y": 0.8433160781860352, "z": 0.49925634264945984}], "reference_markers_list": [], "ur_joints": [0.0, -1.5707963267948966, 1.5707963267948966, -1.5707963267948966, 1.5707963267948966, 0], "soro_actuation": [1277, 372, 116, 1234]}