{"unlabeled_markers_list": [{"x": -0.3483659029006958, "y": 0.9391607046127319, "z": 0.49012991786003113}], "platform_markers_list": [{"x": -0.32086095213890076, "y": 0.8446594476699829, "z": 0.5490806102752686}, {"x": -0.318554550409317, "y": 0.8445183038711548, "z": 0.44855961203575134}, {"x": -0.269257515668869, "y": 0.8452264666557312, "z": 0.49728715419769287}, {"x": -0.3695780634880066, "y": 0.8433219790458679, "z": 0.49925342202186584}], "reference_markers_list": [], "ur_joints": [0.0, -1.5707963267948966, 1.5707963267948966, -1.5707963267948966, 1.5707963267948966, 0], "soro_actuation": [738, 404, 1387, 327]}