{"unlabeled_markers_list": [{"x": -0.3364979922771454, "y": 0.938648521900177, "z": 0.46065858006477356}], "platform_markers_list": [{"x": -0.3208511471748352, "y": 0.8446564078330994, "z": 0.5490716695785522}, {"x": -0.3185443580150604, "y": 0.8445253372192383, "z": 0.4485551416873932}, {"x": -0.26925957202911377, "y": 0.8452283143997192, "z": 0.49727487564086914}, {"x": -0.36957770586013794, "y": 0.8433170914649963, "z": 0.49924954771995544}], "reference_markers_list": [], "ur_joints": [0.0, -1.5707963267948966, 1.5707963267948966, -1.5707963267948966, 1.5707963267948966, 0], "soro_actuation": [196, 1203, 1035, 190]}