{"unlabeled_markers_list": [{"x": -0.31137222051620483, "y": 0.9381974339485168, "z": 0.5158544182777405}], "platform_markers_list": [{"x": -0.32085999846458435, "y": 0.8446647524833679, "z": 0.5490779876708984}, {"x": -0.31855273246765137, "y": 0.8445250988006592, "z": 0.44855406880378723}, {"x": -0.2693040370941162, "y": 0.8452333807945251, "z": 0.49723291397094727}, {"x": -0.3695804178714752, "y": 0.843315064907074, "z": 0.4992470145225525}], "reference_markers_list": [], "ur_joints": [0.0, -1.5707963267948966, 1.5707963267948966, -1.5707963267948966, 1.5707963267948966, 0], "soro_actuation": [1528, 230, 684, 955]}