{"unlabeled_markers_list": [{"x": -0.3031651973724365, "y": 0.9373255372047424, "z": 0.4599136710166931}], "platform_markers_list": [{"x": -0.32085561752319336, "y": 0.8446536064147949, "z": 0.5490761995315552}, {"x": -0.31855544447898865, "y": 0.8445180654525757, "z": 0.4485515058040619}, {"x": -0.2692563533782959, "y": 0.8452199697494507, "z": 0.49729597568511963}, {"x": -0.36958804726600647, "y": 0.8433207273483276, "z": 0.4992484450340271}], "reference_markers_list": [], "ur_joints": [0.0, -1.5707963267948966, 1.5707963267948966, -1.5707963267948966, 1.5707963267948966, 0], "soro_actuation": [329, 1393, 504, 964]}