{"unlabeled_markers_list": [{"x": -0.29703882336616516, "y": 0.9377006888389587, "z": 0.46014735102653503}], "platform_markers_list": [{"x": -0.32086339592933655, "y": 0.8446624279022217, "z": 0.5490791201591492}, {"x": -0.31855255365371704, "y": 0.8445228338241577, "z": 0.4485507011413574}, {"x": -0.26925235986709595, "y": 0.8452248573303223, "z": 0.4972931146621704}, {"x": -0.36957693099975586, "y": 0.8433191180229187, "z": 0.49925264716148376}], "reference_markers_list": [], "ur_joints": [0.0, -1.5707963267948966, 1.5707963267948966, -1.5707963267948966, 1.5707963267948966, 0], "soro_actuation": [178, 1304, 243, 1059]}