{"unlabeled_markers_list": [{"x": -0.310498982667923, "y": 0.9377742409706116, "z": 0.4600090980529785}], "platform_markers_list": [{"x": -0.3208635747432709, "y": 0.844657838344574, "z": 0.5490842461585999}, {"x": -0.3185514807701111, "y": 0.8445201516151428, "z": 0.44856715202331543}, {"x": -0.2692602276802063, "y": 0.8452252149581909, "z": 0.49728357791900635}, {"x": -0.3695792853832245, "y": 0.8433207273483276, "z": 0.49924594163894653}], "reference_markers_list": [], "ur_joints": [0.0, -1.5707963267948966, 1.5707963267948966, -1.5707963267948966, 1.5707963267948966, 0], "soro_actuation": [403, 1426, 705, 840]}