{"unlabeled_markers_list": [{"x": -0.29051053524017334, "y": 0.9382495284080505, "z": 0.4811633825302124}], "platform_markers_list": [{"x": -0.32086023688316345, "y": 0.8446588516235352, "z": 0.5490806698799133}, {"x": -0.3185439109802246, "y": 0.8445206880569458, "z": 0.44856661558151245}, {"x": -0.2692549526691437, "y": 0.8452250361442566, "z": 0.49729597568511963}, {"x": -0.3695755898952484, "y": 0.8433219194412231, "z": 0.49924126267433167}], "reference_markers_list": [], "ur_joints": [0.0, -1.5707963267948966, 1.5707963267948966, -1.5707963267948966, 1.5707963267948966, 0], "soro_actuation": [795, 1026, 297, 1302]}