{"unlabeled_markers_list": [{"x": -0.2987278997898102, "y": 0.9382163882255554, "z": 0.5157012343406677}], "platform_markers_list": [{"x": -0.32085585594177246, "y": 0.8446589708328247, "z": 0.5490776300430298}, {"x": -0.3185504972934723, "y": 0.8445216417312622, "z": 0.4485454857349396}, {"x": -0.26929184794425964, "y": 0.8452267646789551, "z": 0.4972454309463501}, {"x": -0.36957281827926636, "y": 0.8433247208595276, "z": 0.49924492835998535}], "reference_markers_list": [], "ur_joints": [0.0, -1.5707963267948966, 1.5707963267948966, -1.5707963267948966, 1.5707963267948966, 0], "soro_actuation": [1441, 96, 300, 1092]}