{"unlabeled_markers_list": [{"x": -0.3136264979839325, "y": 0.9383450150489807, "z": 0.5154619812965393}], "platform_markers_list": [{"x": -0.32085707783699036, "y": 0.8446556925773621, "z": 0.5490761995315552}, {"x": -0.3185466229915619, "y": 0.8445172309875488, "z": 0.4485592246055603}, {"x": -0.26929986476898193, "y": 0.8452304601669312, "z": 0.4972386360168457}, {"x": -0.3695768117904663, "y": 0.8433243632316589, "z": 0.4992443025112152}], "reference_markers_list": [], "ur_joints": [0.0, -1.5707963267948966, 1.5707963267948966, -1.5707963267948966, 1.5707963267948966, 0], "soro_actuation": [1533, 240, 744, 916]}