{"unlabeled_markers_list": [{"x": -0.2939172089099884, "y": 0.9383547902107239, "z": 0.5159478187561035}], "platform_markers_list": [{"x": -0.32086601853370667, "y": 0.8446563482284546, "z": 0.549082338809967}, {"x": -0.31854942440986633, "y": 0.8445250988006592, "z": 0.44855791330337524}, {"x": -0.26929619908332825, "y": 0.8452317714691162, "z": 0.49723517894744873}, {"x": -0.3695789873600006, "y": 0.8433216214179993, "z": 0.49924784898757935}], "reference_markers_list": [], "ur_joints": [0.0, -1.5707963267948966, 1.5707963267948966, -1.5707963267948966, 1.5707963267948966, 0], "soro_actuation": [1379, 2, 105, 1115]}