{"unlabeled_markers_list": [{"x": -0.2904416024684906, "y": 0.9376388788223267, "z": 0.4680095911026001}], "platform_markers_list": [{"x": -0.3208524286746979, "y": 0.8446619510650635, "z": 0.5490737557411194}, {"x": -0.3185504972934723, "y": 0.844524621963501, "z": 0.4485486149787903}, {"x": -0.2692442834377289, "y": 0.8452221155166626, "z": 0.497280478477478}, {"x": -0.3695797324180603, "y": 0.8433180451393127, "z": 0.4992525577545166}], "reference_markers_list": [], "ur_joints": [0.0, -1.5707963267948966, 1.5707963267948966, -1.5707963267948966, 1.5707963267948966, 0], "soro_actuation": [388, 1149, 88, 1210]}