{"unlabeled_markers_list": [{"x": -0.3298504948616028, "y": 0.9380069375038147, "z": 0.5164904594421387}], "platform_markers_list": [{"x": -0.3208600878715515, "y": 0.8446594476699829, "z": 0.5490742325782776}, {"x": -0.3185498118400574, "y": 0.8445174694061279, "z": 0.44855302572250366}, {"x": -0.2692541778087616, "y": 0.8452222347259521, "z": 0.4972813129425049}, {"x": -0.3695790469646454, "y": 0.843319833278656, "z": 0.4992506504058838}], "reference_markers_list": [], "ur_joints": [0.0, -1.5707963267948966, 1.5707963267948966, -1.5707963267948966, 1.5707963267948966, 0], "soro_actuation": [1479, 202, 1006, 561]}