{"unlabeled_markers_list": [{"x": -0.30749937891960144, "y": 0.9377070069313049, "z": 0.45974981784820557}], "platform_markers_list": [{"x": -0.32085177302360535, "y": 0.8446571826934814, "z": 0.5490734577178955}, {"x": -0.31855231523513794, "y": 0.8445186018943787, "z": 0.4485486149787903}, {"x": -0.26925596594810486, "y": 0.8452304601669312, "z": 0.4972754716873169}, {"x": -0.36957842111587524, "y": 0.8433207273483276, "z": 0.4992446005344391}], "reference_markers_list": [], "ur_joints": [0.0, -1.5707963267948966, 1.5707963267948966, -1.5707963267948966, 1.5707963267948966, 0], "soro_actuation": [380, 1417, 638, 880]}