{"unlabeled_markers_list": [{"x": -0.30556195974349976, "y": 0.9382942318916321, "z": 0.5160002112388611}], "platform_markers_list": [{"x": -0.3208596408367157, "y": 0.8446601033210754, "z": 0.5490788817405701}, {"x": -0.3185425400733948, "y": 0.8445293307304382, "z": 0.44854986667633057}, {"x": -0.2692478895187378, "y": 0.8452230095863342, "z": 0.49728846549987793}, {"x": -0.3695790767669678, "y": 0.8433219790458679, "z": 0.4992464482784271}], "reference_markers_list": [], "ur_joints": [0.0, -1.5707963267948966, 1.5707963267948966, -1.5707963267948966, 1.5707963267948966, 0], "soro_actuation": [1496, 175, 505, 1033]}