{"unlabeled_markers_list": [{"x": -0.28729447722435, "y": 0.9372378587722778, "z": 0.5134707689285278}], "platform_markers_list": [{"x": -0.32086092233657837, "y": 0.8446511626243591, "z": 0.5490782856941223}, {"x": -0.31855177879333496, "y": 0.8445190191268921, "z": 0.44856464862823486}, {"x": -0.26930108666419983, "y": 0.8452393412590027, "z": 0.49722373485565186}, {"x": -0.36958277225494385, "y": 0.8433154225349426, "z": 0.49925497174263}], "reference_markers_list": [], "ur_joints": [0.0, -1.5707963267948966, 1.5707963267948966, -1.5707963267948966, 1.5707963267948966, 0], "soro_actuation": [1315, 200, 0, 1177]}