{"unlabeled_markers_list": [{"x": -0.28778380155563354, "y": 0.9376798272132874, "z": 0.5067936778068542}], "platform_markers_list": [{"x": -0.3208581507205963, "y": 0.8446583151817322, "z": 0.5490740537643433}, {"x": -0.3185451924800873, "y": 0.8445176482200623, "z": 0.4485616683959961}, {"x": -0.2692931294441223, "y": 0.8452311754226685, "z": 0.4972383975982666}, {"x": -0.3695797324180603, "y": 0.8433199524879456, "z": 0.49924707412719727}], "reference_markers_list": [], "ur_joints": [0.0, -1.5707963267948966, 1.5707963267948966, -1.5707963267948966, 1.5707963267948966, 0], "soro_actuation": [1263, 410, 138, 1243]}