{"unlabeled_markers_list": [{"x": -0.3314174711704254, "y": 0.9379621148109436, "z": 0.5165478587150574}], "platform_markers_list": [{"x": -0.32085466384887695, "y": 0.8446570038795471, "z": 0.549081563949585}, {"x": -0.3185526132583618, "y": 0.8445246815681458, "z": 0.44856518507003784}, {"x": -0.2693077325820923, "y": 0.8452286720275879, "z": 0.4972447156906128}, {"x": -0.3695864677429199, "y": 0.8433231711387634, "z": 0.4992544651031494}], "reference_markers_list": [], "ur_joints": [0.0, -1.5707963267948966, 1.5707963267948966, -1.5707963267948966, 1.5707963267948966, 0], "soro_actuation": [1466, 190, 1015, 524]}