{"unlabeled_markers_list": [{"x": -0.34663811326026917, "y": 0.9368886947631836, "z": 0.46042153239250183}], "platform_markers_list": [{"x": -0.32085710763931274, "y": 0.8446587920188904, "z": 0.5490797758102417}, {"x": -0.3185463845729828, "y": 0.8445150256156921, "z": 0.44854921102523804}, {"x": -0.2693036198616028, "y": 0.8452365398406982, "z": 0.4972168207168579}, {"x": -0.3695828318595886, "y": 0.8433226943016052, "z": 0.49924078583717346}], "reference_markers_list": [], "ur_joints": [0.0, -1.5707963267948966, 1.5707963267948966, -1.5707963267948966, 1.5707963267948966, 0], "soro_actuation": [31, 1076, 1100, 0]}