{"unlabeled_markers_list": [{"x": -0.3272880017757416, "y": 0.938104510307312, "z": 0.5163039565086365}], "platform_markers_list": [{"x": -0.3208601772785187, "y": 0.8446559309959412, "z": 0.549080491065979}, {"x": -0.3185487687587738, "y": 0.84452223777771, "z": 0.44855809211730957}, {"x": -0.26929759979248047, "y": 0.8452346324920654, "z": 0.4972189664840698}, {"x": -0.36958032846450806, "y": 0.8433213829994202, "z": 0.49924930930137634}], "reference_markers_list": [], "ur_joints": [0.0, -1.5707963267948966, 1.5707963267948966, -1.5707963267948966, 1.5707963267948966, 0], "soro_actuation": [1498, 218, 980, 627]}