{"unlabeled_markers_list": [{"x": -0.30619552731513977, "y": 0.9376914501190186, "z": 0.45984384417533875}], "platform_markers_list": [{"x": -0.32086291909217834, "y": 0.844659686088562, "z": 0.5490806102752686}, {"x": -0.31855520606040955, "y": 0.8445194363594055, "z": 0.448553204536438}, {"x": -0.26925626397132874, "y": 0.8452197313308716, "z": 0.49729228019714355}, {"x": -0.36958181858062744, "y": 0.8433277606964111, "z": 0.49924781918525696}], "reference_markers_list": [], "ur_joints": [0.0, -1.5707963267948966, 1.5707963267948966, -1.5707963267948966, 1.5707963267948966, 0], "soro_actuation": [368, 1412, 604, 903]}