{"unlabeled_markers_list": [{"x": -0.2903001010417938, "y": 0.9382684230804443, "z": 0.49065107107162476}], "platform_markers_list": [{"x": -0.3208519220352173, "y": 0.8446581959724426, "z": 0.549075722694397}, {"x": -0.31854692101478577, "y": 0.8445115685462952, "z": 0.44855043292045593}, {"x": -0.26925569772720337, "y": 0.8452295064926147, "z": 0.49728071689605713}, {"x": -0.36957478523254395, "y": 0.843319833278656, "z": 0.4992443323135376}], "reference_markers_list": [], "ur_joints": [0.0, -1.5707963267948966, 1.5707963267948966, -1.5707963267948966, 1.5707963267948966, 0], "soro_actuation": [1037, 854, 331, 1326]}