{"unlabeled_markers_list": [{"x": -0.348787784576416, "y": 0.9369831681251526, "z": 0.46222686767578125}], "platform_markers_list": [{"x": -0.32085520029067993, "y": 0.8446568846702576, "z": 0.5490725636482239}, {"x": -0.3185482323169708, "y": 0.844529390335083, "z": 0.4485548436641693}, {"x": -0.26929718255996704, "y": 0.845224142074585, "z": 0.49721813201904297}, {"x": -0.36958155035972595, "y": 0.8433286547660828, "z": 0.4992447793483734}], "reference_markers_list": [], "ur_joints": [0.0, -1.5707963267948966, 1.5707963267948966, -1.5707963267948966, 1.5707963267948966, 0], "soro_actuation": [51, 977, 1145, 15]}