{"unlabeled_markers_list": [{"x": -0.28902220726013184, "y": 0.9369267821311951, "z": 0.46339115500450134}], "platform_markers_list": [{"x": -0.320855975151062, "y": 0.8446601033210754, "z": 0.5490772128105164}, {"x": -0.31854650378227234, "y": 0.8445179462432861, "z": 0.4485553801059723}, {"x": -0.26925721764564514, "y": 0.8452233076095581, "z": 0.4972724914550781}, {"x": -0.36958029866218567, "y": 0.8433258533477783, "z": 0.49925103783607483}], "reference_markers_list": [], "ur_joints": [0.0, -1.5707963267948966, 1.5707963267948966, -1.5707963267948966, 1.5707963267948966, 0], "soro_actuation": [182, 1204, 0, 1176]}