{"unlabeled_markers_list": [{"x": -0.2877930998802185, "y": 0.9377834796905518, "z": 0.5056607723236084}], "platform_markers_list": [{"x": -0.32086142897605896, "y": 0.8446621894836426, "z": 0.5490792989730835}, {"x": -0.31854701042175293, "y": 0.8445181250572205, "z": 0.44855940341949463}, {"x": -0.2692568302154541, "y": 0.8452250957489014, "z": 0.4972940683364868}, {"x": -0.36958402395248413, "y": 0.8433237075805664, "z": 0.49925145506858826}], "reference_markers_list": [], "ur_joints": [0.0, -1.5707963267948966, 1.5707963267948966, -1.5707963267948966, 1.5707963267948966, 0], "soro_actuation": [1246, 438, 148, 1255]}