{"unlabeled_markers_list": [{"x": -0.2873505651950836, "y": 0.9376882910728455, "z": 0.5105795860290527}], "platform_markers_list": [{"x": -0.3208540678024292, "y": 0.844658374786377, "z": 0.549075722694397}, {"x": -0.3185451030731201, "y": 0.8445225954055786, "z": 0.44854792952537537}, {"x": -0.26925113797187805, "y": 0.8452257513999939, "z": 0.49728715419769287}, {"x": -0.36958047747612, "y": 0.8433206677436829, "z": 0.49925103783607483}], "reference_markers_list": [], "ur_joints": [0.0, -1.5707963267948966, 1.5707963267948966, -1.5707963267948966, 1.5707963267948966, 0], "soro_actuation": [1290, 273, 53, 1199]}