{"unlabeled_markers_list": [{"x": -0.3265349566936493, "y": 0.9378357529640198, "z": 0.45988693833351135}], "platform_markers_list": [{"x": -0.32085028290748596, "y": 0.844658613204956, "z": 0.5490778684616089}, {"x": -0.31853944063186646, "y": 0.8445224761962891, "z": 0.4485589265823364}, {"x": -0.2692546248435974, "y": 0.8452309966087341, "z": 0.49727463722229004}, {"x": -0.3695732653141022, "y": 0.843320906162262, "z": 0.49923890829086304}], "reference_markers_list": [], "ur_joints": [0.0, -1.5707963267948966, 1.5707963267948966, -1.5707963267948966, 1.5707963267948966, 0], "soro_actuation": [336, 1342, 980, 514]}