{"unlabeled_markers_list": [{"x": -0.32957538962364197, "y": 0.9379460215568542, "z": 0.4601171612739563}], "platform_markers_list": [{"x": -0.3208533823490143, "y": 0.84465491771698, "z": 0.5490748882293701}, {"x": -0.3185501992702484, "y": 0.8445201516151428, "z": 0.44854748249053955}, {"x": -0.2693021893501282, "y": 0.8452323079109192, "z": 0.497234582901001}, {"x": -0.36958467960357666, "y": 0.8433225154876709, "z": 0.4992455840110779}], "reference_markers_list": [], "ur_joints": [0.0, -1.5707963267948966, 1.5707963267948966, -1.5707963267948966, 1.5707963267948966, 0], "soro_actuation": [314, 1315, 1002, 446]}