{"unlabeled_markers_list": [{"x": -0.3452689051628113, "y": 0.9374033808708191, "z": 0.46098119020462036}], "platform_markers_list": [{"x": -0.32085511088371277, "y": 0.8446589112281799, "z": 0.549073338508606}, {"x": -0.318555623292923, "y": 0.8445184826850891, "z": 0.4485531151294708}, {"x": -0.26925432682037354, "y": 0.8452192544937134, "z": 0.49728500843048096}, {"x": -0.36957666277885437, "y": 0.8433237671852112, "z": 0.4992418587207794}], "reference_markers_list": [], "ur_joints": [0.0, -1.5707963267948966, 1.5707963267948966, -1.5707963267948966, 1.5707963267948966, 0], "soro_actuation": [97, 1101, 1067, 0]}