{"unlabeled_markers_list": [{"x": -0.2950478196144104, "y": 0.9382216930389404, "z": 0.5158157348632812}], "platform_markers_list": [{"x": -0.3208569288253784, "y": 0.844661295413971, "z": 0.5490789413452148}, {"x": -0.3185460567474365, "y": 0.8445208072662354, "z": 0.4485519230365753}, {"x": -0.2692978084087372, "y": 0.8452315926551819, "z": 0.4972270727157593}, {"x": -0.36958158016204834, "y": 0.8433200716972351, "z": 0.4992518126964569}], "reference_markers_list": [], "ur_joints": [0.0, -1.5707963267948966, 1.5707963267948966, -1.5707963267948966, 1.5707963267948966, 0], "soro_actuation": [1398, 32, 161, 1115]}