{"unlabeled_markers_list": [{"x": -0.32576867938041687, "y": 0.937796413898468, "z": 0.4598901569843292}], "platform_markers_list": [{"x": -0.3208591639995575, "y": 0.844658613204956, "z": 0.5490732192993164}, {"x": -0.3185519576072693, "y": 0.8445174694061279, "z": 0.44855326414108276}, {"x": -0.26929759979248047, "y": 0.845230758190155, "z": 0.49722349643707275}, {"x": -0.36957499384880066, "y": 0.8433226943016052, "z": 0.4992442727088928}], "reference_markers_list": [], "ur_joints": [0.0, -1.5707963267948966, 1.5707963267948966, -1.5707963267948966, 1.5707963267948966, 0], "soro_actuation": [346, 1349, 969, 542]}