{"unlabeled_markers_list": [{"x": -0.3286115229129791, "y": 0.9380555748939514, "z": 0.516339123249054}], "platform_markers_list": [{"x": -0.32084745168685913, "y": 0.8446551561355591, "z": 0.5490735173225403}, {"x": -0.3185454308986664, "y": 0.8445279598236084, "z": 0.44855111837387085}, {"x": -0.2692992687225342, "y": 0.8452433347702026, "z": 0.49722135066986084}, {"x": -0.36958062648773193, "y": 0.8433207273483276, "z": 0.4992484748363495}], "reference_markers_list": [], "ur_joints": [0.0, -1.5707963267948966, 1.5707963267948966, -1.5707963267948966, 1.5707963267948966, 0], "soro_actuation": [1488, 210, 994, 594]}