{"unlabeled_markers_list": [{"x": -0.2950245440006256, "y": 0.9382025599479675, "z": 0.45981860160827637}], "platform_markers_list": [{"x": -0.32085397839546204, "y": 0.8446609973907471, "z": 0.5490751266479492}, {"x": -0.31855323910713196, "y": 0.8445161581039429, "z": 0.44856372475624084}, {"x": -0.2692495584487915, "y": 0.8452169895172119, "z": 0.49728214740753174}, {"x": -0.36956968903541565, "y": 0.8433213233947754, "z": 0.4992372393608093}], "reference_markers_list": [], "ur_joints": [0.0, -1.5707963267948966, 1.5707963267948966, -1.5707963267948966, 1.5707963267948966, 0], "soro_actuation": [85, 1240, 136, 1040]}