{"unlabeled_markers_list": [{"x": -0.34828051924705505, "y": 0.9366338849067688, "z": 0.4612079858779907}], "platform_markers_list": [{"x": -0.32085973024368286, "y": 0.8446639180183411, "z": 0.5490795373916626}, {"x": -0.31855133175849915, "y": 0.8445190787315369, "z": 0.44854500889778137}, {"x": -0.2692985534667969, "y": 0.8452414274215698, "z": 0.49721455574035645}, {"x": -0.36957669258117676, "y": 0.8433226346969604, "z": 0.4992392957210541}], "reference_markers_list": [], "ur_joints": [0.0, -1.5707963267948966, 1.5707963267948966, -1.5707963267948966, 1.5707963267948966, 0], "soro_actuation": [16, 1026, 1140, -2]}