{"unlabeled_markers_list": [{"x": -0.3042103350162506, "y": 0.9375155568122864, "z": 0.45958375930786133}], "platform_markers_list": [{"x": -0.32085445523262024, "y": 0.8446564078330994, "z": 0.5490741729736328}, {"x": -0.31854891777038574, "y": 0.8445207476615906, "z": 0.44855496287345886}, {"x": -0.2692987620830536, "y": 0.8452339172363281, "z": 0.4972347021102905}, {"x": -0.36957815289497375, "y": 0.8433214426040649, "z": 0.49924078583717346}], "reference_markers_list": [], "ur_joints": [0.0, -1.5707963267948966, 1.5707963267948966, -1.5707963267948966, 1.5707963267948966, 0], "soro_actuation": [351, 1405, 546, 949]}