{"unlabeled_markers_list": [{"x": -0.31559035181999207, "y": 0.9382952451705933, "z": 0.515587568283081}], "platform_markers_list": [{"x": -0.3208567202091217, "y": 0.8446574807167053, "z": 0.5490825772285461}, {"x": -0.3185528516769409, "y": 0.8445246815681458, "z": 0.44855797290802}, {"x": -0.26926010847091675, "y": 0.8452295660972595, "z": 0.4972982406616211}, {"x": -0.36958038806915283, "y": 0.8433170914649963, "z": 0.49924877285957336}], "reference_markers_list": [], "ur_joints": [0.0, -1.5707963267948966, 1.5707963267948966, -1.5707963267948966, 1.5707963267948966, 0], "soro_actuation": [1537, 250, 804, 876]}