{"unlabeled_markers_list": [{"x": -0.2919568419456482, "y": 0.9378782510757446, "z": 0.5158056020736694}], "platform_markers_list": [{"x": -0.32085564732551575, "y": 0.8446650505065918, "z": 0.5490797162055969}, {"x": -0.3185564875602722, "y": 0.8445249199867249, "z": 0.44855210185050964}, {"x": -0.26924923062324524, "y": 0.8452253341674805, "z": 0.4972919225692749}, {"x": -0.3695807456970215, "y": 0.8433198928833008, "z": 0.4992494285106659}], "reference_markers_list": [], "ur_joints": [0.0, -1.5707963267948966, 1.5707963267948966, -1.5707963267948966, 1.5707963267948966, 0], "soro_actuation": [1379, 0, 70, 1162]}