{"unlabeled_markers_list": [{"x": -0.33269038796424866, "y": 0.9378322958946228, "z": 0.5167369246482849}], "platform_markers_list": [{"x": -0.32085365056991577, "y": 0.8446564674377441, "z": 0.5490837693214417}, {"x": -0.3185437321662903, "y": 0.8445316553115845, "z": 0.4485514760017395}, {"x": -0.26925936341285706, "y": 0.8452210426330566, "z": 0.49729132652282715}, {"x": -0.3695733845233917, "y": 0.8433221578598022, "z": 0.4992419481277466}], "reference_markers_list": [], "ur_joints": [0.0, -1.5707963267948966, 1.5707963267948966, -1.5707963267948966, 1.5707963267948966, 0], "soro_actuation": [1457, 182, 1029, 492]}