{"unlabeled_markers_list": [{"x": -0.29061371088027954, "y": 0.9382814764976501, "z": 0.4802094101905823}], "platform_markers_list": [{"x": -0.32085317373275757, "y": 0.8446620106697083, "z": 0.5490745306015015}, {"x": -0.31854575872421265, "y": 0.8445214033126831, "z": 0.44855546951293945}, {"x": -0.2693031430244446, "y": 0.8452296853065491, "z": 0.49723100662231445}, {"x": -0.3695724904537201, "y": 0.8433256149291992, "z": 0.49924734234809875}], "reference_markers_list": [], "ur_joints": [0.0, -1.5707963267948966, 1.5707963267948966, -1.5707963267948966, 1.5707963267948966, 0], "soro_actuation": [760, 1044, 286, 1297]}