{"unlabeled_markers_list": [{"x": -0.3477154076099396, "y": 0.9380841255187988, "z": 0.5021043419837952}], "platform_markers_list": [{"x": -0.32085731625556946, "y": 0.8446532487869263, "z": 0.5490841865539551}, {"x": -0.31855279207229614, "y": 0.844516396522522, "z": 0.44856444001197815}, {"x": -0.2693007290363312, "y": 0.8452234268188477, "z": 0.4972347021102905}, {"x": -0.369581937789917, "y": 0.843320906162262, "z": 0.49925655126571655}], "reference_markers_list": [], "ur_joints": [0.0, -1.5707963267948966, 1.5707963267948966, -1.5707963267948966, 1.5707963267948966, 0], "soro_actuation": [987, 161, 1383, 311]}